[20Sep2026 21:10:57.968] [main/INFO] [cpw.mods.modlauncher.Launcher/MODLAUNCHER]: ModLauncher running: args [--mixin.config, kazimod.mixins.json, --gameDir, ., --launchTarget, fmluserdevclient, --fml.mcpVersion, 20210115.111550, --fml.mcVersion, 1.16.5, --fml.forgeGroup, net.minecraftforge, --fml.forgeVersion, 36.2.39, --assetIndex, 1.16, --assetsDir, C:\Users\th3wyz\.gradle\caches\forge_gradle\assets, --version, MOD_DEV, --username, Dev, --accessToken, ❄❄❄❄❄❄❄❄, --userProperties, {}]
[20Sep2026 21:10:57.971] [main/INFO] [cpw.mods.modlauncher.Launcher/MODLAUNCHER]: ModLauncher 8.1.3+8.1.3+main-8.1.x.c94d18ec starting: java version 1.8.0_482 by Amazon.com Inc.
[20Sep2026 21:10:57.985] [main/DEBUG] [cpw.mods.modlauncher.LaunchServiceHandler/MODLAUNCHER]: Found launch services [minecraft,fmldevdata,fmldevclient,fmldevserver,fmluserdevserver,testharness,fmluserdevdata,fmlclient,fmluserdevclient,fmlserver]
[20Sep2026 21:10:57.998] [main/DEBUG] [cpw.mods.modlauncher.NameMappingServiceHandler/MODLAUNCHER]: Found naming services : [srgtomcp]
[20Sep2026 21:10:58.033] [main/DEBUG] [cpw.mods.modlauncher.LaunchPluginHandler/MODLAUNCHER]: Found launch plugins: [mixin,eventbus,object_holder_definalize,runtime_enum_extender,accesstransformer,capability_inject_definalize,runtimedistcleaner]
[20Sep2026 21:10:58.041] [main/DEBUG] [cpw.mods.modlauncher.TransformationServicesHandler/MODLAUNCHER]: Discovering transformation services
[20Sep2026 21:10:58.046] [main/DEBUG] [cpw.mods.modlauncher.TransformationServicesHandler/MODLAUNCHER]: Found additional transformation services from discovery services: []
[20Sep2026 21:10:58.072] [main/DEBUG] [cpw.mods.modlauncher.TransformationServicesHandler/MODLAUNCHER]: Found transformer services : [mixin,fml]
[20Sep2026 21:10:58.072] [main/DEBUG] [cpw.mods.modlauncher.TransformationServicesHandler/MODLAUNCHER]: Transformation services loading
[20Sep2026 21:10:58.073] [main/DEBUG] [cpw.mods.modlauncher.TransformationServiceDecorator/MODLAUNCHER]: Loading service mixin
[20Sep2026 21:10:58.073] [main/DEBUG] [cpw.mods.modlauncher.TransformationServiceDecorator/MODLAUNCHER]: Loaded service mixin
[20Sep2026 21:10:58.073] [main/DEBUG] [cpw.mods.modlauncher.TransformationServiceDecorator/MODLAUNCHER]: Loading service fml
[20Sep2026 21:10:58.073] [main/DEBUG] [net.minecraftforge.fml.loading.FMLServiceProvider/]: Injecting tracing printstreams for STDOUT/STDERR.
[20Sep2026 21:10:58.076] [main/DEBUG] [net.minecraftforge.fml.loading.LauncherVersion/CORE]: Found FMLLauncher version 36.2
[20Sep2026 21:10:58.076] [main/DEBUG] [net.minecraftforge.fml.loading.FMLLoader/CORE]: FML 36.2 loading
[20Sep2026 21:10:58.076] [main/DEBUG] [net.minecraftforge.fml.loading.FMLLoader/CORE]: FML found ModLauncher version : 8.1.3+8.1.3+main-8.1.x.c94d18ec
[20Sep2026 21:10:58.076] [main/DEBUG] [net.minecraftforge.fml.loading.FMLLoader/CORE]: Initializing modjar URL handler
[20Sep2026 21:10:58.077] [main/DEBUG] [net.minecraftforge.fml.loading.FMLLoader/CORE]: FML found AccessTransformer version : 3.0.1+61+master.47bca0e
[20Sep2026 21:10:58.077] [main/DEBUG] [net.minecraftforge.fml.loading.FMLLoader/CORE]: FML found EventBus version : 4.0.0+65+master.6080a3f
[20Sep2026 21:10:58.077] [main/DEBUG] [net.minecraftforge.fml.loading.FMLLoader/CORE]: Found Runtime Dist Cleaner
[20Sep2026 21:10:58.080] [main/DEBUG] [net.minecraftforge.fml.loading.FMLLoader/CORE]: FML found CoreMod version : 4.0.6+14+master.c21a551
[20Sep2026 21:10:58.081] [main/DEBUG] [net.minecraftforge.fml.loading.FMLLoader/CORE]: Found ForgeSPI package implementation version 3.2.0+13+master.8ddb2cc
[20Sep2026 21:10:58.081] [main/DEBUG] [net.minecraftforge.fml.loading.FMLLoader/CORE]: Found ForgeSPI package specification 3
[20Sep2026 21:10:58.364] [main/INFO] [net.minecraftforge.fml.loading.FixSSL/CORE]: Added Lets Encrypt root certificates as additional trust
[20Sep2026 21:10:58.365] [main/DEBUG] [cpw.mods.modlauncher.TransformationServiceDecorator/MODLAUNCHER]: Loaded service fml
[20Sep2026 21:10:58.371] [main/DEBUG] [cpw.mods.modlauncher.TransformationServicesHandler/MODLAUNCHER]: Configuring option handling for services
[20Sep2026 21:10:58.382] [main/DEBUG] [cpw.mods.modlauncher.TransformationServicesHandler/MODLAUNCHER]: Transformation services initializing
[20Sep2026 21:10:58.383] [main/DEBUG] [cpw.mods.modlauncher.TransformationServiceDecorator/MODLAUNCHER]: Initializing transformation service mixin
[20Sep2026 21:10:58.424] [main/DEBUG] [mixin/]: Mixin bootstrap service org.spongepowered.asm.service.mojang.MixinServiceLaunchWrapperBootstrap is not available: LaunchWrapper is not available
[20Sep2026 21:10:58.424] [main/DEBUG] [mixin/]: MixinService [ModLauncher] was successfully booted in sun.misc.Launcher$AppClassLoader@75b84c92
[20Sep2026 21:10:58.443] [main/INFO] [mixin/]: SpongePowered MIXIN Subsystem Version=0.8.4 Source=file:/C:/Users/th3wyz/.gradle/caches/modules-2/files-2.1/org.spongepowered/mixin/0.8.4/4ec7d77d9ab32596ca0b78bb123956734767e3a/mixin-0.8.4.jar Service=ModLauncher Env=CLIENT
[20Sep2026 21:10:58.446] [main/DEBUG] [mixin/]: Initialising Mixin Platform Manager
[20Sep2026 21:10:58.447] [main/DEBUG] [mixin/]: Adding mixin platform agents for container ModLauncher Root Container(ModLauncher:4f56a0a2)
[20Sep2026 21:10:58.448] [main/DEBUG] [mixin/]: Instancing new MixinPlatformAgentMinecraftForge for ModLauncher Root Container(ModLauncher:4f56a0a2)
[20Sep2026 21:10:58.449] [main/DEBUG] [mixin/]: MixinPlatformAgentMinecraftForge rejected container ModLauncher Root Container(ModLauncher:4f56a0a2)
[20Sep2026 21:10:58.449] [main/DEBUG] [mixin/]: Instancing new MixinPlatformAgentDefault for ModLauncher Root Container(ModLauncher:4f56a0a2)
[20Sep2026 21:10:58.450] [main/DEBUG] [mixin/]: MixinPlatformAgentDefault accepted container ModLauncher Root Container(ModLauncher:4f56a0a2)
[20Sep2026 21:10:58.452] [main/DEBUG] [cpw.mods.modlauncher.TransformationServiceDecorator/MODLAUNCHER]: Initialized transformation service mixin
[20Sep2026 21:10:58.452] [main/DEBUG] [cpw.mods.modlauncher.TransformationServiceDecorator/MODLAUNCHER]: Initializing transformation service fml
[20Sep2026 21:10:58.452] [main/DEBUG] [net.minecraftforge.fml.loading.FMLServiceProvider/CORE]: Setting up basic FML game directories
[20Sep2026 21:10:58.453] [main/DEBUG] [net.minecraftforge.fml.loading.FileUtils/CORE]: Found existing GAMEDIR directory : C:\Users\th3wyz\IdeaProjects\Kaziaddon44\run
[20Sep2026 21:10:58.454] [main/DEBUG] [net.minecraftforge.fml.loading.FMLPaths/CORE]: Path GAMEDIR is C:\Users\th3wyz\IdeaProjects\Kaziaddon44\run
[20Sep2026 21:10:58.454] [main/DEBUG] [net.minecraftforge.fml.loading.FileUtils/CORE]: Found existing MODSDIR directory : C:\Users\th3wyz\IdeaProjects\Kaziaddon44\run\mods
[20Sep2026 21:10:58.454] [main/DEBUG] [net.minecraftforge.fml.loading.FMLPaths/CORE]: Path MODSDIR is C:\Users\th3wyz\IdeaProjects\Kaziaddon44\run\mods
[20Sep2026 21:10:58.454] [main/DEBUG] [net.minecraftforge.fml.loading.FileUtils/CORE]: Found existing CONFIGDIR directory : C:\Users\th3wyz\IdeaProjects\Kaziaddon44\run\config
[20Sep2026 21:10:58.454] [main/DEBUG] [net.minecraftforge.fml.loading.FMLPaths/CORE]: Path CONFIGDIR is C:\Users\th3wyz\IdeaProjects\Kaziaddon44\run\config
[20Sep2026 21:10:58.455] [main/DEBUG] [net.minecraftforge.fml.loading.FMLPaths/CORE]: Path FMLCONFIG is C:\Users\th3wyz\IdeaProjects\Kaziaddon44\run\config\fml.toml
[20Sep2026 21:10:58.455] [main/DEBUG] [net.minecraftforge.fml.loading.FMLServiceProvider/CORE]: Loading configuration
[20Sep2026 21:10:58.489] [main/DEBUG] [net.minecraftforge.fml.loading.FileUtils/CORE]: Found existing default config directory directory : C:\Users\th3wyz\IdeaProjects\Kaziaddon44\run\defaultconfigs
[20Sep2026 21:10:58.489] [main/DEBUG] [net.minecraftforge.fml.loading.FMLServiceProvider/CORE]: Preparing ModFile
[20Sep2026 21:10:58.492] [main/DEBUG] [net.minecraftforge.fml.loading.FMLServiceProvider/CORE]: Preparing launch handler
[20Sep2026 21:10:58.492] [main/DEBUG] [net.minecraftforge.fml.loading.FMLLoader/CORE]: Using fmluserdevclient as launch service
[20Sep2026 21:10:58.876] [main/DEBUG] [net.minecraftforge.fml.loading.FMLLoader/CORE]: Received command line version data  : MC Version: '1.16.5' MCP Version: '20210115.111550' Forge Version: '36.2.39' Forge group: 'net.minecraftforge'
[20Sep2026 21:10:58.878] [main/DEBUG] [net.minecraftforge.fml.loading.LibraryFinder/CORE]: Found JAR forge at path C:\Users\th3wyz\.gradle\caches\forge_gradle\minecraft_user_repo\net\minecraftforge\forge\1.16.5-36.2.39_mapped_official_1.16.5\forge-1.16.5-36.2.39_mapped_official_1.16.5-recomp.jar
[20Sep2026 21:10:58.878] [main/DEBUG] [net.minecraftforge.fml.loading.LibraryFinder/CORE]: Found JAR mcdata at path C:\Users\th3wyz\.gradle\caches\forge_gradle\minecraft_repo\versions\1.16.5\client-extra.jar
[20Sep2026 21:10:58.879] [main/DEBUG] [net.minecraftforge.userdev.FMLUserdevLaunchProvider/CORE]: Injecting maven path C:\Users\th3wyz\.gradle\caches\forge_gradle\minecraft_user_repo
[20Sep2026 21:10:58.879] [main/DEBUG] [net.minecraftforge.fml.loading.FMLCommonLaunchHandler/CORE]: Got mod coordinates kazimod%%C:/Users/th3wyz/IdeaProjects/Kaziaddon44\build\client-runtime\resources;kazimod%%C:/Users/th3wyz/IdeaProjects/Kaziaddon44\build\client-runtime\classes from env
[20Sep2026 21:10:58.882] [main/DEBUG] [net.minecraftforge.fml.loading.FMLCommonLaunchHandler/CORE]: Found supplied mod coordinates [{kazimod=[C:\Users\th3wyz\IdeaProjects\Kaziaddon44\build\client-runtime\resources, C:\Users\th3wyz\IdeaProjects\Kaziaddon44\build\client-runtime\classes]}]
[20Sep2026 21:10:58.888] [main/DEBUG] [net.minecraftforge.fml.loading.LanguageLoadingProvider/CORE]: Found 2 language providers
[20Sep2026 21:10:58.889] [main/DEBUG] [net.minecraftforge.fml.loading.LanguageLoadingProvider/CORE]: Found language provider javafml, version 36.2
[20Sep2026 21:10:58.925] [main/DEBUG] [net.minecraftforge.fml.loading.LanguageLoadingProvider/CORE]: Found language provider minecraft, version 1
[20Sep2026 21:10:58.925] [main/DEBUG] [net.minecraftforge.fml.loading.LanguageLoadingProvider/CORE]: Skipping adding forge jar - javafml is already present
[20Sep2026 21:10:58.928] [main/DEBUG] [cpw.mods.modlauncher.TransformationServiceDecorator/MODLAUNCHER]: Initialized transformation service fml
[20Sep2026 21:10:58.928] [main/DEBUG] [cpw.mods.modlauncher.NameMappingServiceHandler/MODLAUNCHER]: Current naming domain is 'mcp'
[20Sep2026 21:10:58.929] [main/DEBUG] [cpw.mods.modlauncher.NameMappingServiceHandler/MODLAUNCHER]: Identified name mapping providers {srg=srgtomcp:1234}
[20Sep2026 21:10:58.929] [main/DEBUG] [cpw.mods.modlauncher.TransformationServicesHandler/MODLAUNCHER]: Transformation services begin scanning
[20Sep2026 21:10:58.930] [main/DEBUG] [cpw.mods.modlauncher.TransformationServiceDecorator/MODLAUNCHER]: Beginning scan trigger - transformation service mixin
[20Sep2026 21:10:58.930] [main/DEBUG] [cpw.mods.modlauncher.TransformationServiceDecorator/MODLAUNCHER]: End scan trigger - transformation service mixin
[20Sep2026 21:10:58.930] [main/DEBUG] [cpw.mods.modlauncher.TransformationServiceDecorator/MODLAUNCHER]: Beginning scan trigger - transformation service fml
[20Sep2026 21:10:58.930] [main/DEBUG] [net.minecraftforge.fml.loading.FMLServiceProvider/CORE]: Initiating mod scan
[20Sep2026 21:10:58.980] [main/DEBUG] [net.minecraftforge.fml.loading.LibraryFinder/CORE]: Found JAR classpath_mod at path C:\Users\th3wyz\IdeaProjects\Kaziaddon44\build\resources\main
[20Sep2026 21:10:58.980] [main/DEBUG] [net.minecraftforge.fml.loading.LibraryFinder/CORE]: Found JAR classpath_mod at path C:\Users\th3wyz\.gradle\caches\forge_gradle\deobf_dependencies\local\mine-mine-no-mi-1.16.5\0.10.11_mapped_official_1.16.5\mine-mine-no-mi-1.16.5-0.10.11_mapped_official_1.16.5.jar
[20Sep2026 21:10:58.981] [main/DEBUG] [net.minecraftforge.userdev.ClasspathLocator/CORE]: Found classpath mod: C:\Users\th3wyz\.gradle\caches\forge_gradle\deobf_dependencies\local\mine-mine-no-mi-1.16.5\0.10.11_mapped_official_1.16.5\mine-mine-no-mi-1.16.5-0.10.11_mapped_official_1.16.5.jar
[20Sep2026 21:10:58.981] [main/DEBUG] [net.minecraftforge.fml.loading.LibraryFinder/CORE]: Found JAR classpath_mod at path C:\Users\th3wyz\.gradle\caches\forge_gradle\deobf_dependencies\local\cartaddon\0.7.5_mapped_official_1.16.5\cartaddon-0.7.5_mapped_official_1.16.5.jar
[20Sep2026 21:10:58.981] [main/DEBUG] [net.minecraftforge.userdev.ClasspathLocator/CORE]: Found classpath mod: C:\Users\th3wyz\.gradle\caches\forge_gradle\deobf_dependencies\local\cartaddon\0.7.5_mapped_official_1.16.5\cartaddon-0.7.5_mapped_official_1.16.5.jar
[20Sep2026 21:10:58.982] [main/DEBUG] [net.minecraftforge.fml.loading.LibraryFinder/CORE]: Found JAR classpath_mod at path C:\Users\th3wyz\.gradle\caches\forge_gradle\deobf_dependencies\curse\maven\curios-309927\4419403_mapped_official_1.16.5\curios-309927-4419403_mapped_official_1.16.5.jar
[20Sep2026 21:10:58.982] [main/DEBUG] [net.minecraftforge.userdev.ClasspathLocator/CORE]: Found classpath mod: C:\Users\th3wyz\.gradle\caches\forge_gradle\deobf_dependencies\curse\maven\curios-309927\4419403_mapped_official_1.16.5\curios-309927-4419403_mapped_official_1.16.5.jar
[20Sep2026 21:10:58.982] [main/DEBUG] [net.minecraftforge.fml.loading.LibraryFinder/CORE]: Found JAR classpath_mod at path C:\Users\th3wyz\.gradle\caches\forge_gradle\minecraft_user_repo\net\minecraftforge\forge\1.16.5-36.2.39_mapped_official_1.16.5\forge-1.16.5-36.2.39_mapped_official_1.16.5-recomp.jar
[20Sep2026 21:10:58.982] [main/DEBUG] [net.minecraftforge.userdev.ClasspathLocator/CORE]: Found classpath mod: C:\Users\th3wyz\.gradle\caches\forge_gradle\minecraft_user_repo\net\minecraftforge\forge\1.16.5-36.2.39_mapped_official_1.16.5\forge-1.16.5-36.2.39_mapped_official_1.16.5-recomp.jar
[20Sep2026 21:10:58.986] [main/DEBUG] [net.minecraftforge.fml.loading.LibraryFinder/CORE]: Found JAR manifest_jar at path C:\Users\th3wyz\.jdks\corretto-1.8.0_482\jre\lib\ext\jfxrt.jar
[20Sep2026 21:10:58.988] [main/DEBUG] [net.minecraftforge.fml.loading.LibraryFinder/CORE]: Found JAR manifest_jar at path C:\Users\th3wyz\.gradle\caches\forge_gradle\deobf_dependencies\local\mine-mine-no-mi-1.16.5\0.10.11_mapped_official_1.16.5\mine-mine-no-mi-1.16.5-0.10.11_mapped_official_1.16.5.jar
[20Sep2026 21:10:58.989] [main/DEBUG] [net.minecraftforge.fml.loading.LibraryFinder/CORE]: Found JAR manifest_jar at path C:\Users\th3wyz\.gradle\caches\forge_gradle\deobf_dependencies\local\cartaddon\0.7.5_mapped_official_1.16.5\cartaddon-0.7.5_mapped_official_1.16.5.jar
[20Sep2026 21:10:58.991] [main/DEBUG] [net.minecraftforge.fml.loading.LibraryFinder/CORE]: Found JAR manifest_jar at path C:\Users\th3wyz\.gradle\caches\forge_gradle\deobf_dependencies\curse\maven\curios-309927\4419403_mapped_official_1.16.5\curios-309927-4419403_mapped_official_1.16.5.jar
[20Sep2026 21:10:58.992] [main/DEBUG] [net.minecraftforge.fml.loading.LibraryFinder/CORE]: Found JAR manifest_jar at path C:\Users\th3wyz\.gradle\caches\forge_gradle\minecraft_user_repo\net\minecraftforge\forge\1.16.5-36.2.39_mapped_official_1.16.5\forge-1.16.5-36.2.39_mapped_official_1.16.5-recomp.jar
[20Sep2026 21:10:58.998] [main/DEBUG] [net.minecraftforge.fml.loading.LibraryFinder/CORE]: Found JAR manifest_jar at path C:\Users\th3wyz\.gradle\caches\forge_gradle\minecraft_user_repo\net\minecraftforge\forge\1.16.5-36.2.39_mapped_official_1.16.5\forge-1.16.5-36.2.39_mapped_official_1.16.5-launcher.jar
[20Sep2026 21:10:59.003] [main/DEBUG] [net.minecraftforge.fml.loading.LibraryFinder/CORE]: Found JAR manifest_jar at path C:\Users\th3wyz\.gradle\caches\modules-2\files-2.1\net.minecraftforge\eventbus\4.0.0\260e34800723e4c098c4e247cf2b900535e01b6d\eventbus-4.0.0.jar
[20Sep2026 21:10:59.004] [main/DEBUG] [net.minecraftforge.fml.loading.LibraryFinder/CORE]: Found JAR manifest_jar at path C:\Users\th3wyz\.gradle\caches\modules-2\files-2.1\net.jodah\typetools\0.6.3\a01aaa6ddaea9ec07ec4f209487b7a46a526283a\typetools-0.6.3.jar
[20Sep2026 21:10:59.005] [main/DEBUG] [net.minecraftforge.fml.loading.LibraryFinder/CORE]: Found JAR manifest_jar at path C:\Users\th3wyz\.gradle\caches\forge_gradle\minecraft_repo\versions\1.16.5\client-extra.jar
[20Sep2026 21:10:59.077] [main/DEBUG] [net.minecraftforge.fml.loading.LibraryFinder/CORE]: Found JAR manifest_jar at path C:\Users\th3wyz\.gradle\caches\modules-2\files-2.1\net.minecraftforge\accesstransformers\3.0.1\6d23c1b9cb0607fddc38d09730796f68db96f546\accesstransformers-3.0.1.jar
[20Sep2026 21:10:59.077] [main/DEBUG] [net.minecraftforge.fml.loading.LibraryFinder/CORE]: Found JAR manifest_jar at path C:\Users\th3wyz\.gradle\caches\modules-2\files-2.1\net.minecraftforge\coremods\4.0.6\d6d761379c841e2610abebcbf70ed20b65f728f0\coremods-4.0.6.jar
[20Sep2026 21:10:59.078] [main/DEBUG] [net.minecraftforge.fml.loading.LibraryFinder/CORE]: Found JAR manifest_jar at path C:\Users\th3wyz\.gradle\caches\modules-2\files-2.1\net.minecraftforge\forgespi\3.2.0\c6ca4e4e4a0343701407c760e642537b613b543\forgespi-3.2.0.jar
[20Sep2026 21:10:59.078] [main/DEBUG] [net.minecraftforge.fml.loading.LibraryFinder/CORE]: Found JAR manifest_jar at path C:\Users\th3wyz\.gradle\caches\modules-2\files-2.1\cpw.mods\modlauncher\8.1.3\6d0bfd78e025a87d43985e30907aa9ecbc51b2d6\modlauncher-8.1.3.jar
[20Sep2026 21:10:59.079] [main/DEBUG] [net.minecraftforge.fml.loading.LibraryFinder/CORE]: Found JAR manifest_jar at path C:\Users\th3wyz\.gradle\caches\modules-2\files-2.1\cpw.mods\modlauncher\8.1.3\9b48bef0af2f3e379bbe5915f5cf23bf366d8ddf\modlauncher-8.1.3-api.jar
[20Sep2026 21:10:59.080] [main/DEBUG] [net.minecraftforge.fml.loading.LibraryFinder/CORE]: Found JAR manifest_jar at path C:\Users\th3wyz\.gradle\caches\modules-2\files-2.1\com.mojang\datafixerupper\4.0.26\ebd6690f33871ccee9b6132c6480668ee2e35020\datafixerupper-4.0.26.jar
[20Sep2026 21:10:59.080] [main/DEBUG] [net.minecraftforge.fml.loading.LibraryFinder/CORE]: Found JAR manifest_jar at path C:\Users\th3wyz\.gradle\caches\modules-2\files-2.1\com.mojang\authlib\2.1.28\ad54da276bf59983d02d5ed16fc14541354c71fd\authlib-2.1.28.jar
[20Sep2026 21:10:59.094] [main/DEBUG] [net.minecraftforge.fml.loading.LibraryFinder/CORE]: Found JAR manifest_jar at path C:\Users\th3wyz\.gradle\caches\modules-2\files-2.1\com.google.code.findbugs\jsr305\3.0.2\25ea2e8b0c338a877313bd4672d3fe056ea78f0d\jsr305-3.0.2.jar
[20Sep2026 21:10:59.095] [main/DEBUG] [net.minecraftforge.fml.loading.LibraryFinder/CORE]: Found JAR manifest_jar at path C:\Users\th3wyz\.gradle\caches\modules-2\files-2.1\net.minecraftforge\mergetool\1.0.9\d1e1ba354a40b5703340b5cb02fdca489cff3646\mergetool-1.0.9-api.jar
[20Sep2026 21:10:59.095] [main/DEBUG] [net.minecraftforge.fml.loading.LibraryFinder/CORE]: Found JAR manifest_jar at path C:\Users\th3wyz\.gradle\caches\modules-2\files-2.1\org.ow2.asm\asm-commons\9.1\8b971b182eb5cf100b9e8d4119152d83e00e0fdd\asm-commons-9.1.jar
[20Sep2026 21:10:59.096] [main/DEBUG] [net.minecraftforge.fml.loading.LibraryFinder/CORE]: Found JAR manifest_jar at path C:\Users\th3wyz\.gradle\caches\modules-2\files-2.1\org.ow2.asm\asm-util\9.1\36464a45d871779f3383a8a9aba2b26562a86729\asm-util-9.1.jar
[20Sep2026 21:10:59.096] [main/DEBUG] [net.minecraftforge.fml.loading.LibraryFinder/CORE]: Found JAR manifest_jar at path C:\Users\th3wyz\.gradle\caches\modules-2\files-2.1\org.ow2.asm\asm-analysis\9.1\4f61b83b81d8b659958f4bcc48907e93ecea55a0\asm-analysis-9.1.jar
[20Sep2026 21:10:59.097] [main/DEBUG] [net.minecraftforge.fml.loading.LibraryFinder/CORE]: Found JAR manifest_jar at path C:\Users\th3wyz\.gradle\caches\modules-2\files-2.1\org.ow2.asm\asm-tree\9.1\c333f2a855069cb8eb17a40a3eb8b1b67755d0eb\asm-tree-9.1.jar
[20Sep2026 21:10:59.097] [main/DEBUG] [net.minecraftforge.fml.loading.LibraryFinder/CORE]: Found JAR manifest_jar at path C:\Users\th3wyz\.gradle\caches\modules-2\files-2.1\org.ow2.asm\asm\9.1\a99500cf6eea30535eeac6be73899d048f8d12a8\asm-9.1.jar
[20Sep2026 21:10:59.098] [main/DEBUG] [net.minecraftforge.fml.loading.LibraryFinder/CORE]: Found JAR manifest_jar at path C:\Users\th3wyz\.gradle\caches\modules-2\files-2.1\cpw.mods\grossjava9hacks\1.3.3\e49222512ea6cabdd8b49761cef1d5a207b1f0d9\grossjava9hacks-1.3.3.jar
[20Sep2026 21:10:59.099] [main/DEBUG] [net.minecraftforge.fml.loading.LibraryFinder/CORE]: Found JAR manifest_jar at path C:\Users\th3wyz\.gradle\caches\modules-2\files-2.1\org.antlr\antlr4-runtime\4.9.1\428664f05d2b7f7b7610204b5aa7c1763f62011a\antlr4-runtime-4.9.1.jar
[20Sep2026 21:10:59.099] [main/DEBUG] [net.minecraftforge.fml.loading.LibraryFinder/CORE]: Found JAR manifest_jar at path C:\Users\th3wyz\.gradle\caches\modules-2\files-2.1\net.minecraftforge\unsafe\0.2.0\54d7a0a5e8fdb71b973025caa46f341ae5904f39\unsafe-0.2.0.jar
[20Sep2026 21:10:59.099] [main/DEBUG] [net.minecraftforge.fml.loading.LibraryFinder/CORE]: Found JAR manifest_jar at path C:\Users\th3wyz\.gradle\caches\modules-2\files-2.1\com.electronwill.night-config\toml\3.6.3\2b05b4d606c517da4d1a7b6d2b97d751c92887d7\toml-3.6.3.jar
[20Sep2026 21:10:59.100] [main/DEBUG] [net.minecraftforge.fml.loading.LibraryFinder/CORE]: Found JAR manifest_jar at path C:\Users\th3wyz\.gradle\caches\modules-2\files-2.1\com.electronwill.night-config\core\3.6.3\c601bfeaeb2c0abe7aaa901b0bbe6d1beff49281\core-3.6.3.jar
[20Sep2026 21:10:59.100] [main/DEBUG] [net.minecraftforge.fml.loading.LibraryFinder/CORE]: Found JAR manifest_jar at path C:\Users\th3wyz\.gradle\caches\modules-2\files-2.1\org.jline\jline\3.12.1\de2bd909cb9f8eaa741bd03df4a1bd3f6eb593c7\jline-3.12.1.jar
[20Sep2026 21:10:59.100] [main/DEBUG] [net.minecraftforge.fml.loading.LibraryFinder/CORE]: Found JAR manifest_jar at path C:\Users\th3wyz\.gradle\caches\modules-2\files-2.1\org.apache.maven\maven-artifact\3.6.3\f8ff8032903882376e8d000c51e3e16d20fc7df7\maven-artifact-3.6.3.jar
[20Sep2026 21:10:59.101] [main/DEBUG] [net.minecraftforge.fml.loading.LibraryFinder/CORE]: Found JAR manifest_jar at path C:\Users\th3wyz\.gradle\caches\modules-2\files-2.1\org.apache.logging.log4j\log4j-slf4j18-impl\2.15.0\88f72ad364bfc3a7cf43186fc17212f2b4bb8d97\log4j-slf4j18-impl-2.15.0.jar
[20Sep2026 21:10:59.101] [main/DEBUG] [net.minecraftforge.fml.loading.LibraryFinder/CORE]: Found JAR manifest_jar at path C:\Users\th3wyz\.gradle\caches\modules-2\files-2.1\net.minecrell\terminalconsoleappender\1.2.0\96d02cd3b384ff015a8fef4223bcb4ccf1717c95\terminalconsoleappender-1.2.0.jar
[20Sep2026 21:10:59.101] [main/DEBUG] [net.minecraftforge.fml.loading.LibraryFinder/CORE]: Found JAR manifest_jar at path C:\Users\th3wyz\.gradle\caches\modules-2\files-2.1\com.mojang\text2speech\1.11.3\f378f889797edd7df8d32272c06ca80a1b6b0f58\text2speech-1.11.3.jar
[20Sep2026 21:10:59.102] [main/DEBUG] [net.minecraftforge.fml.loading.LibraryFinder/CORE]: Found JAR manifest_jar at path C:\Users\th3wyz\.gradle\caches\modules-2\files-2.1\com.mojang\text2speech\1.11.3\c0b242c0091be5acbf303263c7eeeaedd70544c7\text2speech-1.11.3-natives-windows.jar
[20Sep2026 21:10:59.102] [main/DEBUG] [net.minecraftforge.fml.loading.LibraryFinder/CORE]: Found JAR manifest_jar at path C:\Users\th3wyz\.gradle\caches\modules-2\files-2.1\org.apache.logging.log4j\log4j-core\2.15.0\ba55c13d7ac2fd44df9cc8074455719a33f375b9\log4j-core-2.15.0.jar
[20Sep2026 21:10:59.103] [main/DEBUG] [net.minecraftforge.fml.loading.LibraryFinder/CORE]: Found JAR manifest_jar at path C:\Users\th3wyz\.gradle\caches\modules-2\files-2.1\org.apache.logging.log4j\log4j-api\2.15.0\4a5aa7e55a29391c6f66e0b259d5189aa11e45d0\log4j-api-2.15.0.jar
[20Sep2026 21:10:59.103] [main/DEBUG] [net.minecraftforge.fml.loading.LibraryFinder/CORE]: Found JAR manifest_jar at path C:\Users\th3wyz\.gradle\caches\modules-2\files-2.1\net.sf.jopt-simple\jopt-simple\5.0.4\4fdac2fbe92dfad86aa6e9301736f6b4342a3f5c\jopt-simple-5.0.4.jar
[20Sep2026 21:10:59.104] [main/DEBUG] [net.minecraftforge.fml.loading.LibraryFinder/CORE]: Found JAR manifest_jar at path C:\Users\th3wyz\.gradle\caches\modules-2\files-2.1\org.spongepowered\mixin\0.8.4\4ec7d77d9ab32596ca0b78bb123956734767e3a\mixin-0.8.4.jar
[20Sep2026 21:10:59.110] [main/DEBUG] [net.minecraftforge.fml.loading.LibraryFinder/CORE]: Found JAR manifest_jar at path C:\Users\th3wyz\.gradle\caches\modules-2\files-2.1\net.minecraftforge\nashorn-core-compat\15.1.1.1\1817deb38a5a8811148dca0d23161d92bdbd6184\nashorn-core-compat-15.1.1.1.jar
[20Sep2026 21:10:59.110] [main/DEBUG] [net.minecraftforge.fml.loading.LibraryFinder/CORE]: Found JAR manifest_jar at path C:\Users\th3wyz\.gradle\caches\modules-2\files-2.1\com.mojang\patchy\1.3.9\eb8bb7b66fa0e2152b1b40b3856e82f7619439ee\patchy-1.3.9.jar
[20Sep2026 21:10:59.110] [main/DEBUG] [net.minecraftforge.fml.loading.LibraryFinder/CORE]: Found JAR manifest_jar at path C:\Users\th3wyz\.gradle\caches\modules-2\files-2.1\oshi-project\oshi-core\1.1\9ddf7b048a8d701be231c0f4f95fd986198fd2d8\oshi-core-1.1.jar
[20Sep2026 21:10:59.111] [main/DEBUG] [net.minecraftforge.fml.loading.LibraryFinder/CORE]: Found JAR manifest_jar at path C:\Users\th3wyz\.gradle\caches\modules-2\files-2.1\ca.weblite\java-objc-bridge\1.0.0\6ef160c3133a78de015830860197602ca1c855d3\java-objc-bridge-1.0.0.jar
[20Sep2026 21:10:59.111] [main/DEBUG] [net.minecraftforge.fml.loading.LibraryFinder/CORE]: Found JAR manifest_jar at path C:\Users\th3wyz\.gradle\caches\modules-2\files-2.1\net.java.dev.jna\jna\4.4.0\cb208278274bf12ebdb56c61bd7407e6f774d65a\jna-4.4.0.jar
[20Sep2026 21:10:59.111] [main/DEBUG] [net.minecraftforge.fml.loading.LibraryFinder/CORE]: Found JAR manifest_jar at path C:\Users\th3wyz\.gradle\caches\modules-2\files-2.1\net.java.dev.jna\platform\3.4.0\e3f70017be8100d3d6923f50b3d2ee17714e9c13\platform-3.4.0.jar
[20Sep2026 21:10:59.111] [main/DEBUG] [net.minecraftforge.fml.loading.LibraryFinder/CORE]: Found JAR manifest_jar at path C:\Users\th3wyz\.gradle\caches\modules-2\files-2.1\com.ibm.icu\icu4j\66.1\72c7519b6d91f7a1f993bd44a99fe95d67211b27\icu4j-66.1.jar
[20Sep2026 21:10:59.112] [main/DEBUG] [net.minecraftforge.fml.loading.LibraryFinder/CORE]: Found JAR manifest_jar at path C:\Users\th3wyz\.gradle\caches\modules-2\files-2.1\com.mojang\javabridge\1.0.22\6aa6453aa99a52a5cd91749da1af6ab70e082ab3\javabridge-1.0.22.jar
[20Sep2026 21:10:59.112] [main/DEBUG] [net.minecraftforge.fml.loading.LibraryFinder/CORE]: Found JAR manifest_jar at path C:\Users\th3wyz\.gradle\caches\modules-2\files-2.1\io.netty\netty-all\4.1.25.Final\d0626cd3108294d1d58c05859add27b4ef21f83b\netty-all-4.1.25.Final.jar
[20Sep2026 21:10:59.113] [main/DEBUG] [net.minecraftforge.fml.loading.LibraryFinder/CORE]: Found JAR manifest_jar at path C:\Users\th3wyz\.gradle\caches\modules-2\files-2.1\com.google.guava\guava\21.0\3a3d111be1be1b745edfa7d91678a12d7ed38709\guava-21.0.jar
[20Sep2026 21:10:59.114] [main/DEBUG] [net.minecraftforge.fml.loading.LibraryFinder/CORE]: Found JAR manifest_jar at path C:\Users\th3wyz\.gradle\caches\modules-2\files-2.1\org.apache.commons\commons-lang3\3.8.1\6505a72a097d9270f7a9e7bf42c4238283247755\commons-lang3-3.8.1.jar
[20Sep2026 21:10:59.116] [main/DEBUG] [net.minecraftforge.fml.loading.LibraryFinder/CORE]: Found JAR manifest_jar at path C:\Users\th3wyz\.gradle\caches\modules-2\files-2.1\commons-io\commons-io\2.5\2852e6e05fbb95076fc091f6d1780f1f8fe35e0f\commons-io-2.5.jar
[20Sep2026 21:10:59.116] [main/DEBUG] [net.minecraftforge.fml.loading.LibraryFinder/CORE]: Found JAR manifest_jar at path C:\Users\th3wyz\.gradle\caches\modules-2\files-2.1\org.apache.httpcomponents\httpclient\4.3.3\18f4247ff4572a074444572cee34647c43e7c9c7\httpclient-4.3.3.jar
[20Sep2026 21:10:59.117] [main/DEBUG] [net.minecraftforge.fml.loading.LibraryFinder/CORE]: Found JAR manifest_jar at path C:\Users\th3wyz\.gradle\caches\modules-2\files-2.1\commons-codec\commons-codec\1.10\4b95f4897fa13f2cd904aee711aeafc0c5295cd8\commons-codec-1.10.jar
[20Sep2026 21:10:59.117] [main/DEBUG] [net.minecraftforge.fml.loading.LibraryFinder/CORE]: Found JAR manifest_jar at path C:\Users\th3wyz\.gradle\caches\modules-2\files-2.1\net.java.jinput\jinput\2.0.5\39c7796b469a600f72380316f6b1f11db6c2c7c4\jinput-2.0.5.jar
[20Sep2026 21:10:59.118] [main/DEBUG] [net.minecraftforge.fml.loading.LibraryFinder/CORE]: Found JAR manifest_jar at path C:\Users\th3wyz\.gradle\caches\modules-2\files-2.1\net.java.jutils\jutils\1.0.0\e12fe1fda814bd348c1579329c86943d2cd3c6a6\jutils-1.0.0.jar
[20Sep2026 21:10:59.118] [main/DEBUG] [net.minecraftforge.fml.loading.LibraryFinder/CORE]: Found JAR manifest_jar at path C:\Users\th3wyz\.gradle\caches\modules-2\files-2.1\com.mojang\brigadier\1.0.17\c6b7dc51dd44379cc751b7504816006e9be4b1e6\brigadier-1.0.17.jar
[20Sep2026 21:10:59.118] [main/DEBUG] [net.minecraftforge.fml.loading.LibraryFinder/CORE]: Found JAR manifest_jar at path C:\Users\th3wyz\.gradle\caches\modules-2\files-2.1\com.google.code.gson\gson\2.8.0\c4ba5371a29ac9b2ad6129b1d39ea38750043eff\gson-2.8.0.jar
[20Sep2026 21:10:59.119] [main/DEBUG] [net.minecraftforge.fml.loading.LibraryFinder/CORE]: Found JAR manifest_jar at path C:\Users\th3wyz\.gradle\caches\modules-2\files-2.1\org.apache.commons\commons-compress\1.8.1\a698750c16740fd5b3871425f4cb3bbaa87f529d\commons-compress-1.8.1.jar
[20Sep2026 21:10:59.119] [main/DEBUG] [net.minecraftforge.fml.loading.LibraryFinder/CORE]: Found JAR manifest_jar at path C:\Users\th3wyz\.gradle\caches\modules-2\files-2.1\commons-logging\commons-logging\1.1.3\f6f66e966c70a83ffbdb6f17a0919eaf7c8aca7f\commons-logging-1.1.3.jar
[20Sep2026 21:10:59.119] [main/DEBUG] [net.minecraftforge.fml.loading.LibraryFinder/CORE]: Found JAR manifest_jar at path C:\Users\th3wyz\.gradle\caches\modules-2\files-2.1\org.apache.httpcomponents\httpcore\4.3.2\31fbbff1ddbf98f3aa7377c94d33b0447c646b6e\httpcore-4.3.2.jar
[20Sep2026 21:10:59.120] [main/DEBUG] [net.minecraftforge.fml.loading.LibraryFinder/CORE]: Found JAR manifest_jar at path C:\Users\th3wyz\.gradle\caches\modules-2\files-2.1\it.unimi.dsi\fastutil\8.2.1\5ad88f325e424f8dbc2be5459e21ea5cab3864e9\fastutil-8.2.1.jar
[20Sep2026 21:10:59.120] [main/DEBUG] [net.minecraftforge.fml.loading.LibraryFinder/CORE]: Found JAR manifest_jar at path C:\Users\th3wyz\.gradle\caches\modules-2\files-2.1\org.lwjgl\lwjgl-jemalloc\3.2.2\ee8e57a79300f78294576d87c4a587f8c99402e2\lwjgl-jemalloc-3.2.2.jar
[20Sep2026 21:10:59.120] [main/DEBUG] [net.minecraftforge.fml.loading.LibraryFinder/CORE]: Found JAR manifest_jar at path C:\Users\th3wyz\.gradle\caches\modules-2\files-2.1\org.lwjgl\lwjgl-jemalloc\3.2.2\338b25b99da3ba5f441f6492f2ce2a9c608860ed\lwjgl-jemalloc-3.2.2-natives-windows.jar
[20Sep2026 21:10:59.121] [main/DEBUG] [net.minecraftforge.fml.loading.LibraryFinder/CORE]: Found JAR manifest_jar at path C:\Users\th3wyz\.gradle\caches\modules-2\files-2.1\org.lwjgl\lwjgl-openal\3.2.2\2b772a102b0a11ee5f2109a5b136f4dc7c630827\lwjgl-openal-3.2.2.jar
[20Sep2026 21:10:59.121] [main/DEBUG] [net.minecraftforge.fml.loading.LibraryFinder/CORE]: Found JAR manifest_jar at path C:\Users\th3wyz\.gradle\caches\modules-2\files-2.1\org.lwjgl\lwjgl-openal\3.2.2\ec20a7d42a2438528fca87e60b1705f1e2339ddb\lwjgl-openal-3.2.2-natives-windows.jar
[20Sep2026 21:10:59.121] [main/DEBUG] [net.minecraftforge.fml.loading.LibraryFinder/CORE]: Found JAR manifest_jar at path C:\Users\th3wyz\.gradle\caches\modules-2\files-2.1\org.lwjgl\lwjgl-opengl\3.2.2\6ac5bb88b44c43ea195a570aab059f63da004cd8\lwjgl-opengl-3.2.2.jar
[20Sep2026 21:10:59.122] [main/DEBUG] [net.minecraftforge.fml.loading.LibraryFinder/CORE]: Found JAR manifest_jar at path C:\Users\th3wyz\.gradle\caches\modules-2\files-2.1\org.lwjgl\lwjgl-opengl\3.2.2\d8dcdc91066cae2d2d8279cb4a9f9f05d9525826\lwjgl-opengl-3.2.2-natives-windows.jar
[20Sep2026 21:10:59.122] [main/DEBUG] [net.minecraftforge.fml.loading.LibraryFinder/CORE]: Found JAR manifest_jar at path C:\Users\th3wyz\.gradle\caches\modules-2\files-2.1\org.lwjgl\lwjgl-glfw\3.2.2\d3ad4df38e400b8afba1de63f84338809399df5b\lwjgl-glfw-3.2.2.jar
[20Sep2026 21:10:59.122] [main/DEBUG] [net.minecraftforge.fml.loading.LibraryFinder/CORE]: Found JAR manifest_jar at path C:\Users\th3wyz\.gradle\caches\modules-2\files-2.1\org.lwjgl\lwjgl-glfw\3.2.2\dc6826d636bf796b33a49038c354210e661bfc17\lwjgl-glfw-3.2.2-natives-windows.jar
[20Sep2026 21:10:59.123] [main/DEBUG] [net.minecraftforge.fml.loading.LibraryFinder/CORE]: Found JAR manifest_jar at path C:\Users\th3wyz\.gradle\caches\modules-2\files-2.1\org.lwjgl\lwjgl-stb\3.2.2\3b8e6ebc5851dd3d17e37e5cadce2eff2a429f0f\lwjgl-stb-3.2.2.jar
[20Sep2026 21:10:59.123] [main/DEBUG] [net.minecraftforge.fml.loading.LibraryFinder/CORE]: Found JAR manifest_jar at path C:\Users\th3wyz\.gradle\caches\modules-2\files-2.1\org.lwjgl\lwjgl-stb\3.2.2\811f705cbb29e8ae8d60bdf8fdd38c0c123ad3ef\lwjgl-stb-3.2.2-natives-windows.jar
[20Sep2026 21:10:59.123] [main/DEBUG] [net.minecraftforge.fml.loading.LibraryFinder/CORE]: Found JAR manifest_jar at path C:\Users\th3wyz\.gradle\caches\modules-2\files-2.1\org.lwjgl\lwjgl-tinyfd\3.2.2\fcbe606c8f8da6f8f9a05e2c540eb1ee8632b0e9\lwjgl-tinyfd-3.2.2.jar
[20Sep2026 21:10:59.124] [main/DEBUG] [net.minecraftforge.fml.loading.LibraryFinder/CORE]: Found JAR manifest_jar at path C:\Users\th3wyz\.gradle\caches\modules-2\files-2.1\org.lwjgl\lwjgl-tinyfd\3.2.2\e9115958773644e863332a6a06488d26f9e1fc9f\lwjgl-tinyfd-3.2.2-natives-windows.jar
[20Sep2026 21:10:59.124] [main/DEBUG] [net.minecraftforge.fml.loading.LibraryFinder/CORE]: Found JAR manifest_jar at path C:\Users\th3wyz\.gradle\caches\modules-2\files-2.1\org.lwjgl\lwjgl\3.2.2\8ad6294407e15780b43e84929c40e4c5e997972e\lwjgl-3.2.2.jar
[20Sep2026 21:10:59.124] [main/DEBUG] [net.minecraftforge.fml.loading.LibraryFinder/CORE]: Found JAR manifest_jar at path C:\Users\th3wyz\.gradle\caches\modules-2\files-2.1\org.lwjgl\lwjgl\3.2.2\5359f3aa50d36352815fc662ea73e1c00d22170\lwjgl-3.2.2-natives-windows.jar
[20Sep2026 21:10:59.124] [main/DEBUG] [net.minecraftforge.fml.loading.LibraryFinder/CORE]: Found JAR manifest_jar at path C:\Users\th3wyz\.gradle\caches\modules-2\files-2.1\org.codehaus.plexus\plexus-utils\3.2.1\13b015768e0d04849d2794e4c47eb02d01a0de32\plexus-utils-3.2.1.jar
[20Sep2026 21:10:59.125] [main/DEBUG] [net.minecraftforge.fml.loading.LibraryFinder/CORE]: Found JAR manifest_jar at path C:\Users\th3wyz\.gradle\caches\modules-2\files-2.1\org.slf4j\slf4j-api\1.8.0-beta4\83b0359d847ee053d745be7ec0d8e9e8a44304b4\slf4j-api-1.8.0-beta4.jar
[20Sep2026 21:10:59.125] [main/DEBUG] [net.minecraftforge.fml.loading.LibraryFinder/CORE]: Found JAR manifest_jar at path C:\Users\th3wyz\.gradle\caches\modules-2\files-2.1\org.jline\jline-reader\3.12.1\4382ab1382c7b6f379377ed5f665dc2f6e1218bc\jline-reader-3.12.1.jar
[20Sep2026 21:10:59.125] [main/DEBUG] [net.minecraftforge.fml.loading.LibraryFinder/CORE]: Found JAR manifest_jar at path C:\Users\th3wyz\.gradle\caches\modules-2\files-2.1\org.jline\jline-terminal\3.12.1\c777448314e050d980a6b697c140f3bfe9eb7416\jline-terminal-3.12.1.jar
[20Sep2026 21:10:59.127] [main/DEBUG] [net.minecraftforge.fml.loading.moddiscovery.ModListHandler/CORE]: Found mod coordinates from lists: []
[20Sep2026 21:10:59.147] [main/DEBUG] [net.minecraftforge.fml.loading.moddiscovery.ModDiscoverer/CORE]: Found Mod Locators : (userdev classpath:null),(mods folder:null),(maven libs:null),(exploded directory:null),(minecraft:null)
[20Sep2026 21:10:59.178] [main/DEBUG] [net.minecraftforge.fml.loading.moddiscovery.ExplodedDirectoryLocator/LOADING]: Found exploded directory mod manifest at C:\Users\th3wyz\IdeaProjects\Kaziaddon44\build\client-runtime\resources\META-INF\mods.toml
[20Sep2026 21:10:59.180] [main/DEBUG] [net.minecraftforge.fml.loading.moddiscovery.ModFileParser/LOADING]: Considering mod file candidate C:\Users\th3wyz\.gradle\caches\forge_gradle\deobf_dependencies\local\mine-mine-no-mi-1.16.5\0.10.11_mapped_official_1.16.5\mine-mine-no-mi-1.16.5-0.10.11_mapped_official_1.16.5.jar
[20Sep2026 21:10:59.211] [main/DEBUG] [net.minecraftforge.fml.loading.moddiscovery.ModFileInfo/LOADING]: Found valid mod file mine-mine-no-mi-1.16.5-0.10.11_mapped_official_1.16.5.jar with {mineminenomi} mods - versions {0.10.11}
[20Sep2026 21:10:59.212] [main/DEBUG] [net.minecraftforge.fml.loading.moddiscovery.ModFile/LOADING]: Loading mod file C:\Users\th3wyz\.gradle\caches\forge_gradle\deobf_dependencies\local\mine-mine-no-mi-1.16.5\0.10.11_mapped_official_1.16.5\mine-mine-no-mi-1.16.5-0.10.11_mapped_official_1.16.5.jar with language javafml
[20Sep2026 21:10:59.213] [main/DEBUG] [net.minecraftforge.fml.loading.moddiscovery.ModFileParser/LOADING]: Considering mod file candidate C:\Users\th3wyz\.gradle\caches\forge_gradle\deobf_dependencies\local\cartaddon\0.7.5_mapped_official_1.16.5\cartaddon-0.7.5_mapped_official_1.16.5.jar
[20Sep2026 21:10:59.215] [main/DEBUG] [net.minecraftforge.fml.loading.moddiscovery.ModFileInfo/LOADING]: Found valid mod file cartaddon-0.7.5_mapped_official_1.16.5.jar with {cartaddon} mods - versions {0.7.5}
[20Sep2026 21:10:59.216] [main/DEBUG] [net.minecraftforge.fml.loading.moddiscovery.ModFile/LOADING]: Loading mod file C:\Users\th3wyz\.gradle\caches\forge_gradle\deobf_dependencies\local\cartaddon\0.7.5_mapped_official_1.16.5\cartaddon-0.7.5_mapped_official_1.16.5.jar with language javafml
[20Sep2026 21:10:59.216] [main/DEBUG] [net.minecraftforge.fml.loading.moddiscovery.ModFileParser/LOADING]: Considering mod file candidate C:\Users\th3wyz\.gradle\caches\forge_gradle\deobf_dependencies\curse\maven\curios-309927\4419403_mapped_official_1.16.5\curios-309927-4419403_mapped_official_1.16.5.jar
[20Sep2026 21:10:59.218] [main/DEBUG] [net.minecraftforge.fml.loading.moddiscovery.ModFileInfo/LOADING]: Found valid mod file curios-309927-4419403_mapped_official_1.16.5.jar with {curios} mods - versions {1.16.5-4.1.0.0}
[20Sep2026 21:10:59.218] [main/DEBUG] [net.minecraftforge.fml.loading.moddiscovery.ModFile/LOADING]: Loading mod file C:\Users\th3wyz\.gradle\caches\forge_gradle\deobf_dependencies\curse\maven\curios-309927\4419403_mapped_official_1.16.5\curios-309927-4419403_mapped_official_1.16.5.jar with language javafml
[20Sep2026 21:10:59.219] [main/DEBUG] [net.minecraftforge.fml.loading.moddiscovery.ModFileParser/LOADING]: Considering mod file candidate C:\Users\th3wyz\.gradle\caches\forge_gradle\minecraft_user_repo\net\minecraftforge\forge\1.16.5-36.2.39_mapped_official_1.16.5\forge-1.16.5-36.2.39_mapped_official_1.16.5-recomp.jar
[20Sep2026 21:10:59.219] [main/DEBUG] [net.minecraftforge.fml.loading.moddiscovery.ModFileInfo/LOADING]: Found valid mod file forge-1.16.5-36.2.39_mapped_official_1.16.5-recomp.jar with {forge} mods - versions {36.2.39}
[20Sep2026 21:10:59.222] [main/DEBUG] [net.minecraftforge.fml.loading.moddiscovery.ModFile/LOADING]: Loading mod file C:\Users\th3wyz\.gradle\caches\forge_gradle\minecraft_user_repo\net\minecraftforge\forge\1.16.5-36.2.39_mapped_official_1.16.5\forge-1.16.5-36.2.39_mapped_official_1.16.5-recomp.jar with language javafml
[20Sep2026 21:10:59.255] [main/DEBUG] [net.minecraftforge.fml.loading.moddiscovery.ModFileParser/LOADING]: Found coremod fieldtomethodtransformers with Javascript path META-INF/fieldtomethodtransformers.js
[20Sep2026 21:10:59.256] [main/DEBUG] [net.minecraftforge.fml.loading.moddiscovery.ModFileParser/LOADING]: Found coremod field_to_instanceof with Javascript path coremods/field_to_instanceof.js
[20Sep2026 21:10:59.256] [main/DEBUG] [net.minecraftforge.fml.loading.moddiscovery.ModFileParser/LOADING]: Found coremod add_bouncer_method with Javascript path coremods/add_bouncer_method.js
[20Sep2026 21:10:59.256] [main/DEBUG] [net.minecraftforge.fml.loading.moddiscovery.ModFile/LOADING]: Found coremod META-INF/fieldtomethodtransformers.js
[20Sep2026 21:10:59.256] [main/DEBUG] [net.minecraftforge.fml.loading.moddiscovery.ModFile/LOADING]: Found coremod coremods/field_to_instanceof.js
[20Sep2026 21:10:59.256] [main/DEBUG] [net.minecraftforge.fml.loading.moddiscovery.ModFile/LOADING]: Found coremod coremods/add_bouncer_method.js
[20Sep2026 21:10:59.256] [main/DEBUG] [net.minecraftforge.fml.loading.moddiscovery.ModFileParser/LOADING]: Considering mod file candidate C:\Users\th3wyz\IdeaProjects\Kaziaddon44\build\client-runtime\resources
[20Sep2026 21:10:59.257] [main/DEBUG] [net.minecraftforge.fml.loading.moddiscovery.ModFileInfo/LOADING]: Found valid mod file resources with {kazimod} mods - versions {4.0.0}
[20Sep2026 21:10:59.257] [main/DEBUG] [net.minecraftforge.fml.loading.moddiscovery.ModFile/LOADING]: Loading mod file C:\Users\th3wyz\IdeaProjects\Kaziaddon44\build\client-runtime\resources with language javafml
[20Sep2026 21:10:59.259] [main/DEBUG] [net.minecraftforge.fml.loading.moddiscovery.ModFileParser/LOADING]: Considering mod file candidate C:\Users\th3wyz\.gradle\caches\forge_gradle\minecraft_repo\versions\1.16.5\client-extra.jar
[20Sep2026 21:10:59.263] [main/DEBUG] [net.minecraftforge.fml.loading.moddiscovery.ModFileInfo/LOADING]: Found valid mod file client-extra.jar with {minecraft} mods - versions {1.16.5}
[20Sep2026 21:10:59.326] [main/DEBUG] [net.minecraftforge.fml.loading.moddiscovery.ModFile/LOADING]: Loading mod file C:\Users\th3wyz\.gradle\caches\forge_gradle\minecraft_repo\versions\1.16.5\client-extra.jar with language minecraft
[20Sep2026 21:10:59.333] [main/DEBUG] [net.minecraftforge.fml.loading.ModSorter/LOADING]: Found 14 mod requirements (12 mandatory, 2 optional)
[20Sep2026 21:10:59.334] [main/DEBUG] [net.minecraftforge.fml.loading.ModSorter/LOADING]: Found 0 mod requirements missing (0 mandatory, 0 optional)
[20Sep2026 21:10:59.606] [main/DEBUG] [net.minecraftforge.userdev.MCPNamingService/CORE]: Loaded 23212 method mappings from methods.csv
[20Sep2026 21:10:59.626] [main/DEBUG] [net.minecraftforge.userdev.MCPNamingService/CORE]: Loaded 19841 field mappings from fields.csv
[20Sep2026 21:10:59.639] [main/DEBUG] [cpw.mods.modlauncher.TransformationServiceDecorator/MODLAUNCHER]: End scan trigger - transformation service fml
[20Sep2026 21:10:59.639] [main/DEBUG] [cpw.mods.modlauncher.TransformationServicesHandler/MODLAUNCHER]: Transformation services loading transformers
[20Sep2026 21:10:59.640] [main/DEBUG] [cpw.mods.modlauncher.TransformationServiceDecorator/MODLAUNCHER]: Initializing transformers for transformation service mixin
[20Sep2026 21:10:59.640] [main/DEBUG] [cpw.mods.modlauncher.TransformationServiceDecorator/MODLAUNCHER]: Initialized transformers for transformation service mixin
[20Sep2026 21:10:59.640] [main/DEBUG] [cpw.mods.modlauncher.TransformationServiceDecorator/MODLAUNCHER]: Initializing transformers for transformation service fml
[20Sep2026 21:10:59.640] [main/DEBUG] [net.minecraftforge.fml.loading.FMLServiceProvider/CORE]: Loading coremod transformers
[20Sep2026 21:10:59.641] [main/DEBUG] [net.minecraftforge.coremod.CoreModEngine/COREMOD]: Loading CoreMod from META-INF/fieldtomethodtransformers.js
[20Sep2026 21:10:59.780] [main/DEBUG] [net.minecraftforge.coremod.CoreModEngine/COREMOD]: CoreMod loaded successfully
[20Sep2026 21:10:59.780] [main/DEBUG] [net.minecraftforge.coremod.CoreModEngine/COREMOD]: Loading CoreMod from coremods/field_to_instanceof.js
[20Sep2026 21:10:59.889] [main/DEBUG] [net.minecraftforge.coremod.CoreModEngine/COREMOD]: CoreMod loaded successfully
[20Sep2026 21:10:59.889] [main/DEBUG] [net.minecraftforge.coremod.CoreModEngine/COREMOD]: Loading CoreMod from coremods/add_bouncer_method.js
[20Sep2026 21:10:59.921] [main/DEBUG] [net.minecraftforge.coremod.CoreModEngine/COREMOD]: CoreMod loaded successfully
[20Sep2026 21:10:59.931] [main/DEBUG] [cpw.mods.modlauncher.TransformStore/MODLAUNCHER]: Adding transformer net.minecraftforge.coremod.transformer.CoreModMethodTransformer@4455f57d to Target : METHOD {Lnet/minecraft/client/entity/player/AbstractClientPlayerEntity;} {getFieldOfViewModifier} {()F}
[20Sep2026 21:10:59.932] [main/DEBUG] [cpw.mods.modlauncher.TransformStore/MODLAUNCHER]: Adding transformer net.minecraftforge.coremod.transformer.CoreModMethodTransformer@30331109 to Target : METHOD {Lnet/minecraft/client/renderer/FirstPersonRenderer;} {renderHandsWithItems} {(FLcom/mojang/blaze3d/matrix/MatrixStack;Lnet/minecraft/client/renderer/IRenderTypeBuffer$Impl;Lnet/minecraft/client/entity/player/ClientPlayerEntity;I)V}
[20Sep2026 21:10:59.933] [main/DEBUG] [cpw.mods.modlauncher.TransformStore/MODLAUNCHER]: Adding transformer net.minecraftforge.coremod.transformer.CoreModMethodTransformer@2571066a to Target : METHOD {Lnet/minecraft/client/renderer/entity/model/SkeletonModel;} {prepareMobModel} {(Lnet/minecraft/entity/MobEntity;FFF)V}
[20Sep2026 21:10:59.933] [main/DEBUG] [cpw.mods.modlauncher.TransformStore/MODLAUNCHER]: Adding transformer net.minecraftforge.coremod.transformer.CoreModMethodTransformer@74fe5966 to Target : METHOD {Lnet/minecraft/client/renderer/entity/model/SkeletonModel;} {setupAnim} {(Lnet/minecraft/entity/MobEntity;FFFFF)V}
[20Sep2026 21:10:59.933] [main/DEBUG] [cpw.mods.modlauncher.TransformStore/MODLAUNCHER]: Adding transformer net.minecraftforge.coremod.transformer.CoreModMethodTransformer@4fe875be to Target : METHOD {Lnet/minecraft/entity/monster/AbstractSkeletonEntity;} {canFireProjectileWeapon} {(Lnet/minecraft/item/ShootableItem;)Z}
[20Sep2026 21:10:59.933] [main/DEBUG] [cpw.mods.modlauncher.TransformStore/MODLAUNCHER]: Adding transformer net.minecraftforge.coremod.transformer.CoreModMethodTransformer@677b8e13 to Target : METHOD {Lnet/minecraft/entity/monster/AbstractSkeletonEntity;} {reassessWeaponGoal} {()V}
[20Sep2026 21:10:59.933] [main/DEBUG] [cpw.mods.modlauncher.TransformStore/MODLAUNCHER]: Adding transformer net.minecraftforge.coremod.transformer.CoreModMethodTransformer@4a9486c0 to Target : METHOD {Lnet/minecraft/client/renderer/FirstPersonRenderer;} {renderHandsWithItems} {(FLcom/mojang/blaze3d/matrix/MatrixStack;Lnet/minecraft/client/renderer/IRenderTypeBuffer$Impl;Lnet/minecraft/client/entity/player/ClientPlayerEntity;I)V}
[20Sep2026 21:10:59.934] [main/DEBUG] [cpw.mods.modlauncher.TransformStore/MODLAUNCHER]: Adding transformer net.minecraftforge.coremod.transformer.CoreModMethodTransformer@4c27d39d to Target : METHOD {Lnet/minecraft/client/renderer/FirstPersonRenderer;} {renderArmWithItem} {(Lnet/minecraft/client/entity/player/AbstractClientPlayerEntity;FFLnet/minecraft/util/Hand;FLnet/minecraft/item/ItemStack;FLcom/mojang/blaze3d/matrix/MatrixStack;Lnet/minecraft/client/renderer/IRenderTypeBuffer;I)V}
[20Sep2026 21:10:59.934] [main/DEBUG] [cpw.mods.modlauncher.TransformStore/MODLAUNCHER]: Adding transformer net.minecraftforge.coremod.transformer.CoreModMethodTransformer@40ee0a22 to Target : METHOD {Lnet/minecraft/client/renderer/entity/PlayerRenderer;} {getArmPose} {(Lnet/minecraft/client/entity/player/AbstractClientPlayerEntity;Lnet/minecraft/util/Hand;)Lnet/minecraft/client/renderer/entity/model/BipedModel$ArmPose;}
[20Sep2026 21:10:59.934] [main/DEBUG] [cpw.mods.modlauncher.TransformStore/MODLAUNCHER]: Adding transformer net.minecraftforge.coremod.transformer.CoreModMethodTransformer@7bde1f3a to Target : METHOD {Lnet/minecraft/entity/monster/PillagerEntity;} {canFireProjectileWeapon} {(Lnet/minecraft/item/ShootableItem;)Z}
[20Sep2026 21:10:59.934] [main/DEBUG] [cpw.mods.modlauncher.TransformStore/MODLAUNCHER]: Adding transformer net.minecraftforge.coremod.transformer.CoreModMethodTransformer@15923407 to Target : METHOD {Lnet/minecraft/entity/monster/PillagerEntity;} {enchantSpawnedWeapon} {(F)V}
[20Sep2026 21:10:59.934] [main/DEBUG] [cpw.mods.modlauncher.TransformStore/MODLAUNCHER]: Adding transformer net.minecraftforge.coremod.transformer.CoreModMethodTransformer@67dba613 to Target : METHOD {Lnet/minecraft/entity/monster/piglin/PiglinEntity;} {canReplaceCurrentItem} {(Lnet/minecraft/item/ItemStack;Lnet/minecraft/item/ItemStack;)Z}
[20Sep2026 21:10:59.934] [main/DEBUG] [cpw.mods.modlauncher.TransformStore/MODLAUNCHER]: Adding transformer net.minecraftforge.coremod.transformer.CoreModMethodTransformer@57540fd0 to Target : METHOD {Lnet/minecraft/entity/monster/piglin/PiglinEntity;} {canFireProjectileWeapon} {(Lnet/minecraft/item/ShootableItem;)Z}
[20Sep2026 21:10:59.935] [main/DEBUG] [cpw.mods.modlauncher.TransformStore/MODLAUNCHER]: Adding transformer net.minecraftforge.coremod.transformer.CoreModMethodTransformer@5cf8edcf to Target : METHOD {Lnet/minecraft/item/CrossbowItem;} {getShootingPower} {(Lnet/minecraft/item/ItemStack;)F}
[20Sep2026 21:10:59.935] [main/DEBUG] [cpw.mods.modlauncher.TransformStore/MODLAUNCHER]: Adding transformer net.minecraftforge.coremod.transformer.CoreModMethodTransformer@58cec85b to Target : METHOD {Lnet/minecraft/item/Item;} {useOnRelease} {(Lnet/minecraft/item/ItemStack;)Z}
[20Sep2026 21:10:59.935] [main/DEBUG] [cpw.mods.modlauncher.TransformStore/MODLAUNCHER]: Adding transformer net.minecraftforge.coremod.transformer.CoreModMethodTransformer@629f066f to Target : METHOD {Lnet/minecraft/client/renderer/FirstPersonRenderer;} {renderArmWithItem} {(Lnet/minecraft/client/entity/player/AbstractClientPlayerEntity;FFLnet/minecraft/util/Hand;FLnet/minecraft/item/ItemStack;FLcom/mojang/blaze3d/matrix/MatrixStack;Lnet/minecraft/client/renderer/IRenderTypeBuffer;I)V}
[20Sep2026 21:10:59.935] [main/DEBUG] [cpw.mods.modlauncher.TransformStore/MODLAUNCHER]: Adding transformer net.minecraftforge.coremod.transformer.CoreModMethodTransformer@1542af63 to Target : METHOD {Lnet/minecraft/entity/item/ItemFrameEntity;} {removeFramedMap} {(Lnet/minecraft/item/ItemStack;)V}
[20Sep2026 21:10:59.936] [main/DEBUG] [cpw.mods.modlauncher.TransformStore/MODLAUNCHER]: Adding transformer net.minecraftforge.coremod.transformer.CoreModMethodTransformer@ecfbe91 to Target : METHOD {Lnet/minecraft/inventory/container/CartographyContainer$3;} {mayPlace} {(Lnet/minecraft/item/ItemStack;)Z}
[20Sep2026 21:10:59.936] [main/DEBUG] [cpw.mods.modlauncher.TransformStore/MODLAUNCHER]: Adding transformer net.minecraftforge.coremod.transformer.CoreModMethodTransformer@20ed3303 to Target : METHOD {Lnet/minecraft/inventory/container/CartographyContainer;} {quickMoveStack} {(Lnet/minecraft/entity/player/PlayerEntity;I)Lnet/minecraft/item/ItemStack;}
[20Sep2026 21:10:59.936] [main/DEBUG] [cpw.mods.modlauncher.TransformStore/MODLAUNCHER]: Adding transformer net.minecraftforge.coremod.transformer.CoreModMethodTransformer@3adbe50f to Target : METHOD {Lnet/minecraft/item/ItemStack;} {getTooltipLines} {(Lnet/minecraft/entity/player/PlayerEntity;Lnet/minecraft/client/util/ITooltipFlag;)Ljava/util/List;}
[20Sep2026 21:10:59.936] [main/DEBUG] [cpw.mods.modlauncher.TransformStore/MODLAUNCHER]: Adding transformer net.minecraftforge.coremod.transformer.CoreModMethodTransformer@3a627c80 to Target : METHOD {Lnet/minecraft/client/renderer/entity/FishRenderer;} {render} {(Lnet/minecraft/entity/projectile/FishingBobberEntity;FFLcom/mojang/blaze3d/matrix/MatrixStack;Lnet/minecraft/client/renderer/IRenderTypeBuffer;I)V}
[20Sep2026 21:10:59.936] [main/DEBUG] [cpw.mods.modlauncher.TransformStore/MODLAUNCHER]: Adding transformer net.minecraftforge.coremod.transformer.CoreModMethodTransformer@49aa766b to Target : METHOD {Lnet/minecraft/entity/projectile/FishingBobberEntity;} {shouldStopFishing} {(Lnet/minecraft/entity/player/PlayerEntity;)Z}
[20Sep2026 21:10:59.936] [main/DEBUG] [cpw.mods.modlauncher.TransformStore/MODLAUNCHER]: Adding transformer net.minecraftforge.coremod.transformer.CoreModMethodTransformer@963176 to Target : METHOD {Lnet/minecraft/block/BeehiveBlock;} {use} {(Lnet/minecraft/block/BlockState;Lnet/minecraft/world/World;Lnet/minecraft/util/math/BlockPos;Lnet/minecraft/entity/player/PlayerEntity;Lnet/minecraft/util/Hand;Lnet/minecraft/util/math/BlockRayTraceResult;)Lnet/minecraft/util/ActionResultType;}
[20Sep2026 21:10:59.936] [main/DEBUG] [cpw.mods.modlauncher.TransformStore/MODLAUNCHER]: Adding transformer net.minecraftforge.coremod.transformer.CoreModMethodTransformer@65004ff6 to Target : METHOD {Lnet/minecraft/block/PumpkinBlock;} {use} {(Lnet/minecraft/block/BlockState;Lnet/minecraft/world/World;Lnet/minecraft/util/math/BlockPos;Lnet/minecraft/entity/player/PlayerEntity;Lnet/minecraft/util/Hand;Lnet/minecraft/util/math/BlockRayTraceResult;)Lnet/minecraft/util/ActionResultType;}
[20Sep2026 21:10:59.936] [main/DEBUG] [cpw.mods.modlauncher.TransformStore/MODLAUNCHER]: Adding transformer net.minecraftforge.coremod.transformer.CoreModMethodTransformer@4cafa9aa to Target : METHOD {Lnet/minecraft/block/TripWireBlock;} {playerWillDestroy} {(Lnet/minecraft/world/World;Lnet/minecraft/util/math/BlockPos;Lnet/minecraft/block/BlockState;Lnet/minecraft/entity/player/PlayerEntity;)V}
[20Sep2026 21:10:59.937] [main/DEBUG] [cpw.mods.modlauncher.TransformStore/MODLAUNCHER]: Adding transformer net.minecraftforge.coremod.transformer.CoreModMethodTransformer@562c877a to Target : METHOD {Lnet/minecraft/enchantment/EfficiencyEnchantment;} {canEnchant} {(Lnet/minecraft/item/ItemStack;)Z}
[20Sep2026 21:10:59.937] [main/DEBUG] [cpw.mods.modlauncher.TransformStore/MODLAUNCHER]: Adding transformer net.minecraftforge.coremod.transformer.CoreModMethodTransformer@67001148 to Target : METHOD {Lnet/minecraft/entity/passive/MooshroomEntity;} {mobInteract} {(Lnet/minecraft/entity/player/PlayerEntity;Lnet/minecraft/util/Hand;)Lnet/minecraft/util/ActionResultType;}
[20Sep2026 21:10:59.937] [main/DEBUG] [cpw.mods.modlauncher.TransformStore/MODLAUNCHER]: Adding transformer net.minecraftforge.coremod.transformer.CoreModMethodTransformer@989da1 to Target : METHOD {Lnet/minecraft/entity/passive/SheepEntity;} {mobInteract} {(Lnet/minecraft/entity/player/PlayerEntity;Lnet/minecraft/util/Hand;)Lnet/minecraft/util/ActionResultType;}
[20Sep2026 21:10:59.937] [main/DEBUG] [cpw.mods.modlauncher.TransformStore/MODLAUNCHER]: Adding transformer net.minecraftforge.coremod.transformer.CoreModMethodTransformer@31cb96e1 to Target : METHOD {Lnet/minecraft/entity/passive/SnowGolemEntity;} {mobInteract} {(Lnet/minecraft/entity/player/PlayerEntity;Lnet/minecraft/util/Hand;)Lnet/minecraft/util/ActionResultType;}
[20Sep2026 21:10:59.937] [main/DEBUG] [cpw.mods.modlauncher.TransformStore/MODLAUNCHER]: Adding transformer net.minecraftforge.coremod.transformer.CoreModClassTransformer@64030b91 to Target : CLASS {Lnet/minecraft/potion/EffectInstance;} {} {V}
[20Sep2026 21:10:59.937] [main/DEBUG] [cpw.mods.modlauncher.TransformStore/MODLAUNCHER]: Adding transformer net.minecraftforge.coremod.transformer.CoreModClassTransformer@2032e725 to Target : CLASS {Lnet/minecraft/block/FlowingFluidBlock;} {} {V}
[20Sep2026 21:10:59.937] [main/DEBUG] [cpw.mods.modlauncher.TransformStore/MODLAUNCHER]: Adding transformer net.minecraftforge.coremod.transformer.CoreModClassTransformer@4d23015c to Target : CLASS {Lnet/minecraft/item/BucketItem;} {} {V}
[20Sep2026 21:10:59.938] [main/DEBUG] [cpw.mods.modlauncher.TransformStore/MODLAUNCHER]: Adding transformer net.minecraftforge.coremod.transformer.CoreModClassTransformer@383f1975 to Target : CLASS {Lnet/minecraft/block/StairsBlock;} {} {V}
[20Sep2026 21:10:59.938] [main/DEBUG] [cpw.mods.modlauncher.TransformStore/MODLAUNCHER]: Adding transformer net.minecraftforge.coremod.transformer.CoreModClassTransformer@441cc260 to Target : CLASS {Lnet/minecraft/block/FlowerPotBlock;} {} {V}
[20Sep2026 21:10:59.938] [main/DEBUG] [cpw.mods.modlauncher.TransformStore/MODLAUNCHER]: Adding transformer net.minecraftforge.coremod.transformer.CoreModClassTransformer@73a00e09 to Target : CLASS {Lnet/minecraft/item/FishBucketItem;} {} {V}
[20Sep2026 21:10:59.938] [main/DEBUG] [cpw.mods.modlauncher.TransformStore/MODLAUNCHER]: Adding transformer net.minecraftforge.coremod.transformer.CoreModClassTransformer@26dcd8c0 to Target : CLASS {Lnet/minecraft/item/ItemStack;} {} {V}
[20Sep2026 21:10:59.938] [main/DEBUG] [cpw.mods.modlauncher.TransformStore/MODLAUNCHER]: Adding transformer net.minecraftforge.coremod.transformer.CoreModClassTransformer@66e889df to Target : CLASS {Lnet/minecraft/network/play/client/CClientSettingsPacket;} {} {V}
[20Sep2026 21:10:59.938] [main/DEBUG] [cpw.mods.modlauncher.TransformationServiceDecorator/MODLAUNCHER]: Initialized transformers for transformation service fml
[20Sep2026 21:10:59.970] [main/DEBUG] [mixin/]: Processing prepare() for PlatformAgent[MixinPlatformAgentDefault:ModLauncher Root Container(ModLauncher:4f56a0a2)]
[20Sep2026 21:10:59.970] [main/DEBUG] [mixin/]: Registering mixin config: kazimod.mixins.json
[20Sep2026 21:10:59.985] [main/DEBUG] [mixin/]: Processing launch tasks for PlatformAgent[MixinPlatformAgentDefault:ModLauncher Root Container(ModLauncher:4f56a0a2)]
[20Sep2026 21:10:59.985] [main/DEBUG] [mixin/]: Adding mixin platform agents for container ContainerHandleModLauncher.Resource(client-extra.jar:C:\Users\th3wyz\.gradle\caches\forge_gradle\minecraft_repo\versions\1.16.5\client-extra.jar)
[20Sep2026 21:10:59.985] [main/DEBUG] [mixin/]: Instancing new MixinPlatformAgentMinecraftForge for ContainerHandleModLauncher.Resource(client-extra.jar:C:\Users\th3wyz\.gradle\caches\forge_gradle\minecraft_repo\versions\1.16.5\client-extra.jar)
[20Sep2026 21:10:59.985] [main/DEBUG] [mixin/]: MixinPlatformAgentMinecraftForge rejected container ContainerHandleModLauncher.Resource(client-extra.jar:C:\Users\th3wyz\.gradle\caches\forge_gradle\minecraft_repo\versions\1.16.5\client-extra.jar)
[20Sep2026 21:10:59.985] [main/DEBUG] [mixin/]: Instancing new MixinPlatformAgentDefault for ContainerHandleModLauncher.Resource(client-extra.jar:C:\Users\th3wyz\.gradle\caches\forge_gradle\minecraft_repo\versions\1.16.5\client-extra.jar)
[20Sep2026 21:10:59.985] [main/DEBUG] [mixin/]: MixinPlatformAgentDefault accepted container ContainerHandleModLauncher.Resource(client-extra.jar:C:\Users\th3wyz\.gradle\caches\forge_gradle\minecraft_repo\versions\1.16.5\client-extra.jar)
[20Sep2026 21:10:59.985] [main/DEBUG] [mixin/]: Processing prepare() for PlatformAgent[MixinPlatformAgentDefault:ContainerHandleModLauncher.Resource(client-extra.jar:C:\Users\th3wyz\.gradle\caches\forge_gradle\minecraft_repo\versions\1.16.5\client-extra.jar)]
[20Sep2026 21:10:59.986] [main/DEBUG] [mixin/]: Adding mixin platform agents for container ContainerHandleModLauncher.Resource(forge-1.16.5-36.2.39_mapped_official_1.16.5-recomp.jar:C:\Users\th3wyz\.gradle\caches\forge_gradle\minecraft_user_repo\net\minecraftforge\forge\1.16.5-36.2.39_mapped_official_1.16.5\forge-1.16.5-36.2.39_mapped_official_1.16.5-recomp.jar)
[20Sep2026 21:10:59.986] [main/DEBUG] [mixin/]: Instancing new MixinPlatformAgentMinecraftForge for ContainerHandleModLauncher.Resource(forge-1.16.5-36.2.39_mapped_official_1.16.5-recomp.jar:C:\Users\th3wyz\.gradle\caches\forge_gradle\minecraft_user_repo\net\minecraftforge\forge\1.16.5-36.2.39_mapped_official_1.16.5\forge-1.16.5-36.2.39_mapped_official_1.16.5-recomp.jar)
[20Sep2026 21:10:59.986] [main/DEBUG] [mixin/]: MixinPlatformAgentMinecraftForge rejected container ContainerHandleModLauncher.Resource(forge-1.16.5-36.2.39_mapped_official_1.16.5-recomp.jar:C:\Users\th3wyz\.gradle\caches\forge_gradle\minecraft_user_repo\net\minecraftforge\forge\1.16.5-36.2.39_mapped_official_1.16.5\forge-1.16.5-36.2.39_mapped_official_1.16.5-recomp.jar)
[20Sep2026 21:10:59.986] [main/DEBUG] [mixin/]: Instancing new MixinPlatformAgentDefault for ContainerHandleModLauncher.Resource(forge-1.16.5-36.2.39_mapped_official_1.16.5-recomp.jar:C:\Users\th3wyz\.gradle\caches\forge_gradle\minecraft_user_repo\net\minecraftforge\forge\1.16.5-36.2.39_mapped_official_1.16.5\forge-1.16.5-36.2.39_mapped_official_1.16.5-recomp.jar)
[20Sep2026 21:10:59.986] [main/DEBUG] [mixin/]: MixinPlatformAgentDefault accepted container ContainerHandleModLauncher.Resource(forge-1.16.5-36.2.39_mapped_official_1.16.5-recomp.jar:C:\Users\th3wyz\.gradle\caches\forge_gradle\minecraft_user_repo\net\minecraftforge\forge\1.16.5-36.2.39_mapped_official_1.16.5\forge-1.16.5-36.2.39_mapped_official_1.16.5-recomp.jar)
[20Sep2026 21:10:59.986] [main/DEBUG] [mixin/]: Processing prepare() for PlatformAgent[MixinPlatformAgentDefault:ContainerHandleModLauncher.Resource(forge-1.16.5-36.2.39_mapped_official_1.16.5-recomp.jar:C:\Users\th3wyz\.gradle\caches\forge_gradle\minecraft_user_repo\net\minecraftforge\forge\1.16.5-36.2.39_mapped_official_1.16.5\forge-1.16.5-36.2.39_mapped_official_1.16.5-recomp.jar)]
[20Sep2026 21:10:59.987] [main/DEBUG] [mixin/]: Adding mixin platform agents for container ContainerHandleModLauncher.Resource(mine-mine-no-mi-1.16.5-0.10.11_mapped_official_1.16.5.jar:C:\Users\th3wyz\.gradle\caches\forge_gradle\deobf_dependencies\local\mine-mine-no-mi-1.16.5\0.10.11_mapped_official_1.16.5\mine-mine-no-mi-1.16.5-0.10.11_mapped_official_1.16.5.jar)
[20Sep2026 21:10:59.987] [main/DEBUG] [mixin/]: Instancing new MixinPlatformAgentMinecraftForge for ContainerHandleModLauncher.Resource(mine-mine-no-mi-1.16.5-0.10.11_mapped_official_1.16.5.jar:C:\Users\th3wyz\.gradle\caches\forge_gradle\deobf_dependencies\local\mine-mine-no-mi-1.16.5\0.10.11_mapped_official_1.16.5\mine-mine-no-mi-1.16.5-0.10.11_mapped_official_1.16.5.jar)
[20Sep2026 21:10:59.987] [main/DEBUG] [mixin/]: MixinPlatformAgentMinecraftForge rejected container ContainerHandleModLauncher.Resource(mine-mine-no-mi-1.16.5-0.10.11_mapped_official_1.16.5.jar:C:\Users\th3wyz\.gradle\caches\forge_gradle\deobf_dependencies\local\mine-mine-no-mi-1.16.5\0.10.11_mapped_official_1.16.5\mine-mine-no-mi-1.16.5-0.10.11_mapped_official_1.16.5.jar)
[20Sep2026 21:10:59.987] [main/DEBUG] [mixin/]: Instancing new MixinPlatformAgentDefault for ContainerHandleModLauncher.Resource(mine-mine-no-mi-1.16.5-0.10.11_mapped_official_1.16.5.jar:C:\Users\th3wyz\.gradle\caches\forge_gradle\deobf_dependencies\local\mine-mine-no-mi-1.16.5\0.10.11_mapped_official_1.16.5\mine-mine-no-mi-1.16.5-0.10.11_mapped_official_1.16.5.jar)
[20Sep2026 21:10:59.987] [main/DEBUG] [mixin/]: MixinPlatformAgentDefault accepted container ContainerHandleModLauncher.Resource(mine-mine-no-mi-1.16.5-0.10.11_mapped_official_1.16.5.jar:C:\Users\th3wyz\.gradle\caches\forge_gradle\deobf_dependencies\local\mine-mine-no-mi-1.16.5\0.10.11_mapped_official_1.16.5\mine-mine-no-mi-1.16.5-0.10.11_mapped_official_1.16.5.jar)
[20Sep2026 21:10:59.987] [main/DEBUG] [mixin/]: Processing prepare() for PlatformAgent[MixinPlatformAgentDefault:ContainerHandleModLauncher.Resource(mine-mine-no-mi-1.16.5-0.10.11_mapped_official_1.16.5.jar:C:\Users\th3wyz\.gradle\caches\forge_gradle\deobf_dependencies\local\mine-mine-no-mi-1.16.5\0.10.11_mapped_official_1.16.5\mine-mine-no-mi-1.16.5-0.10.11_mapped_official_1.16.5.jar)]
[20Sep2026 21:10:59.987] [main/DEBUG] [mixin/]: Registering mixin config: mine-mine-no-mi.mixins.json
[20Sep2026 21:10:59.989] [main/DEBUG] [mixin/]: Adding mixin platform agents for container ContainerHandleModLauncher.Resource(curios-309927-4419403_mapped_official_1.16.5.jar:C:\Users\th3wyz\.gradle\caches\forge_gradle\deobf_dependencies\curse\maven\curios-309927\4419403_mapped_official_1.16.5\curios-309927-4419403_mapped_official_1.16.5.jar)
[20Sep2026 21:10:59.989] [main/DEBUG] [mixin/]: Instancing new MixinPlatformAgentMinecraftForge for ContainerHandleModLauncher.Resource(curios-309927-4419403_mapped_official_1.16.5.jar:C:\Users\th3wyz\.gradle\caches\forge_gradle\deobf_dependencies\curse\maven\curios-309927\4419403_mapped_official_1.16.5\curios-309927-4419403_mapped_official_1.16.5.jar)
[20Sep2026 21:10:59.989] [main/DEBUG] [mixin/]: MixinPlatformAgentMinecraftForge rejected container ContainerHandleModLauncher.Resource(curios-309927-4419403_mapped_official_1.16.5.jar:C:\Users\th3wyz\.gradle\caches\forge_gradle\deobf_dependencies\curse\maven\curios-309927\4419403_mapped_official_1.16.5\curios-309927-4419403_mapped_official_1.16.5.jar)
[20Sep2026 21:10:59.989] [main/DEBUG] [mixin/]: Instancing new MixinPlatformAgentDefault for ContainerHandleModLauncher.Resource(curios-309927-4419403_mapped_official_1.16.5.jar:C:\Users\th3wyz\.gradle\caches\forge_gradle\deobf_dependencies\curse\maven\curios-309927\4419403_mapped_official_1.16.5\curios-309927-4419403_mapped_official_1.16.5.jar)
[20Sep2026 21:10:59.989] [main/DEBUG] [mixin/]: MixinPlatformAgentDefault accepted container ContainerHandleModLauncher.Resource(curios-309927-4419403_mapped_official_1.16.5.jar:C:\Users\th3wyz\.gradle\caches\forge_gradle\deobf_dependencies\curse\maven\curios-309927\4419403_mapped_official_1.16.5\curios-309927-4419403_mapped_official_1.16.5.jar)
[20Sep2026 21:10:59.989] [main/DEBUG] [mixin/]: Processing prepare() for PlatformAgent[MixinPlatformAgentDefault:ContainerHandleModLauncher.Resource(curios-309927-4419403_mapped_official_1.16.5.jar:C:\Users\th3wyz\.gradle\caches\forge_gradle\deobf_dependencies\curse\maven\curios-309927\4419403_mapped_official_1.16.5\curios-309927-4419403_mapped_official_1.16.5.jar)]
[20Sep2026 21:10:59.989] [main/DEBUG] [mixin/]: Adding mixin platform agents for container ContainerHandleModLauncher.Resource(cartaddon-0.7.5_mapped_official_1.16.5.jar:C:\Users\th3wyz\.gradle\caches\forge_gradle\deobf_dependencies\local\cartaddon\0.7.5_mapped_official_1.16.5\cartaddon-0.7.5_mapped_official_1.16.5.jar)
[20Sep2026 21:10:59.989] [main/DEBUG] [mixin/]: Instancing new MixinPlatformAgentMinecraftForge for ContainerHandleModLauncher.Resource(cartaddon-0.7.5_mapped_official_1.16.5.jar:C:\Users\th3wyz\.gradle\caches\forge_gradle\deobf_dependencies\local\cartaddon\0.7.5_mapped_official_1.16.5\cartaddon-0.7.5_mapped_official_1.16.5.jar)
[20Sep2026 21:10:59.989] [main/DEBUG] [mixin/]: MixinPlatformAgentMinecraftForge rejected container ContainerHandleModLauncher.Resource(cartaddon-0.7.5_mapped_official_1.16.5.jar:C:\Users\th3wyz\.gradle\caches\forge_gradle\deobf_dependencies\local\cartaddon\0.7.5_mapped_official_1.16.5\cartaddon-0.7.5_mapped_official_1.16.5.jar)
[20Sep2026 21:10:59.989] [main/DEBUG] [mixin/]: Instancing new MixinPlatformAgentDefault for ContainerHandleModLauncher.Resource(cartaddon-0.7.5_mapped_official_1.16.5.jar:C:\Users\th3wyz\.gradle\caches\forge_gradle\deobf_dependencies\local\cartaddon\0.7.5_mapped_official_1.16.5\cartaddon-0.7.5_mapped_official_1.16.5.jar)
[20Sep2026 21:10:59.989] [main/DEBUG] [mixin/]: MixinPlatformAgentDefault accepted container ContainerHandleModLauncher.Resource(cartaddon-0.7.5_mapped_official_1.16.5.jar:C:\Users\th3wyz\.gradle\caches\forge_gradle\deobf_dependencies\local\cartaddon\0.7.5_mapped_official_1.16.5\cartaddon-0.7.5_mapped_official_1.16.5.jar)
[20Sep2026 21:10:59.989] [main/DEBUG] [mixin/]: Processing prepare() for PlatformAgent[MixinPlatformAgentDefault:ContainerHandleModLauncher.Resource(cartaddon-0.7.5_mapped_official_1.16.5.jar:C:\Users\th3wyz\.gradle\caches\forge_gradle\deobf_dependencies\local\cartaddon\0.7.5_mapped_official_1.16.5\cartaddon-0.7.5_mapped_official_1.16.5.jar)]
[20Sep2026 21:10:59.989] [main/DEBUG] [mixin/]: Registering mixin config: cartaddon.mixins.json
[20Sep2026 21:10:59.990] [main/DEBUG] [mixin/]: Adding mixin platform agents for container ContainerHandleModLauncher.Resource(resources:C:\Users\th3wyz\IdeaProjects\Kaziaddon44\build\client-runtime\resources)
[20Sep2026 21:10:59.990] [main/DEBUG] [mixin/]: Instancing new MixinPlatformAgentMinecraftForge for ContainerHandleModLauncher.Resource(resources:C:\Users\th3wyz\IdeaProjects\Kaziaddon44\build\client-runtime\resources)
[20Sep2026 21:10:59.990] [main/DEBUG] [mixin/]: MixinPlatformAgentMinecraftForge rejected container ContainerHandleModLauncher.Resource(resources:C:\Users\th3wyz\IdeaProjects\Kaziaddon44\build\client-runtime\resources)
[20Sep2026 21:10:59.991] [main/DEBUG] [mixin/]: Instancing new MixinPlatformAgentDefault for ContainerHandleModLauncher.Resource(resources:C:\Users\th3wyz\IdeaProjects\Kaziaddon44\build\client-runtime\resources)
[20Sep2026 21:10:59.991] [main/DEBUG] [mixin/]: MixinPlatformAgentDefault accepted container ContainerHandleModLauncher.Resource(resources:C:\Users\th3wyz\IdeaProjects\Kaziaddon44\build\client-runtime\resources)
[20Sep2026 21:10:59.991] [main/DEBUG] [mixin/]: Processing prepare() for PlatformAgent[MixinPlatformAgentDefault:ContainerHandleModLauncher.Resource(resources:C:\Users\th3wyz\IdeaProjects\Kaziaddon44\build\client-runtime\resources)]
[20Sep2026 21:10:59.991] [main/DEBUG] [mixin/]: inject() running with 7 agents
[20Sep2026 21:10:59.991] [main/DEBUG] [mixin/]: Processing inject() for PlatformAgent[MixinPlatformAgentDefault:ModLauncher Root Container(ModLauncher:4f56a0a2)]
[20Sep2026 21:10:59.991] [main/DEBUG] [mixin/]: Processing inject() for PlatformAgent[MixinPlatformAgentDefault:ContainerHandleModLauncher.Resource(client-extra.jar:C:\Users\th3wyz\.gradle\caches\forge_gradle\minecraft_repo\versions\1.16.5\client-extra.jar)]
[20Sep2026 21:10:59.991] [main/DEBUG] [mixin/]: Processing inject() for PlatformAgent[MixinPlatformAgentDefault:ContainerHandleModLauncher.Resource(forge-1.16.5-36.2.39_mapped_official_1.16.5-recomp.jar:C:\Users\th3wyz\.gradle\caches\forge_gradle\minecraft_user_repo\net\minecraftforge\forge\1.16.5-36.2.39_mapped_official_1.16.5\forge-1.16.5-36.2.39_mapped_official_1.16.5-recomp.jar)]
[20Sep2026 21:10:59.991] [main/DEBUG] [mixin/]: Processing inject() for PlatformAgent[MixinPlatformAgentDefault:ContainerHandleModLauncher.Resource(mine-mine-no-mi-1.16.5-0.10.11_mapped_official_1.16.5.jar:C:\Users\th3wyz\.gradle\caches\forge_gradle\deobf_dependencies\local\mine-mine-no-mi-1.16.5\0.10.11_mapped_official_1.16.5\mine-mine-no-mi-1.16.5-0.10.11_mapped_official_1.16.5.jar)]
[20Sep2026 21:10:59.992] [main/DEBUG] [mixin/]: Processing inject() for PlatformAgent[MixinPlatformAgentDefault:ContainerHandleModLauncher.Resource(curios-309927-4419403_mapped_official_1.16.5.jar:C:\Users\th3wyz\.gradle\caches\forge_gradle\deobf_dependencies\curse\maven\curios-309927\4419403_mapped_official_1.16.5\curios-309927-4419403_mapped_official_1.16.5.jar)]
[20Sep2026 21:10:59.992] [main/DEBUG] [mixin/]: Processing inject() for PlatformAgent[MixinPlatformAgentDefault:ContainerHandleModLauncher.Resource(cartaddon-0.7.5_mapped_official_1.16.5.jar:C:\Users\th3wyz\.gradle\caches\forge_gradle\deobf_dependencies\local\cartaddon\0.7.5_mapped_official_1.16.5\cartaddon-0.7.5_mapped_official_1.16.5.jar)]
[20Sep2026 21:10:59.992] [main/DEBUG] [mixin/]: Processing inject() for PlatformAgent[MixinPlatformAgentDefault:ContainerHandleModLauncher.Resource(resources:C:\Users\th3wyz\IdeaProjects\Kaziaddon44\build\client-runtime\resources)]
[20Sep2026 21:10:59.992] [main/INFO] [cpw.mods.modlauncher.LaunchServiceHandler/MODLAUNCHER]: Launching target 'fmluserdevclient' with arguments [--version, MOD_DEV, --gameDir, ., --assetsDir, C:\Users\th3wyz\.gradle\caches\forge_gradle\assets, --assetIndex, 1.16, --username, Dev, --accessToken, ❄❄❄❄❄❄❄❄, --userProperties, {}]
[20Sep2026 21:10:59.993] [main/DEBUG] [net.minecraftforge.userdev.FMLUserdevClientLaunchProvider/CORE]: Launching minecraft in cpw.mods.modlauncher.TransformingClassLoader@45792847 with arguments [--version, MOD_DEV, --gameDir, ., --assetsDir, C:\Users\th3wyz\.gradle\caches\forge_gradle\assets, --assetIndex, 1.16, --username, Dev, --accessToken, DONT_CRASH, --userProperties, {}]
[20Sep2026 21:11:00.087] [main/DEBUG] [mixin/]: Error cleaning class output directory: .mixin.out
[20Sep2026 21:11:00.093] [main/DEBUG] [mixin/]: Preparing mixins for MixinEnvironment[DEFAULT]
[20Sep2026 21:11:00.093] [main/DEBUG] [mixin/]: Selecting config kazimod.mixins.json
[20Sep2026 21:11:00.117] [main/WARN] [mixin/]: Reference map 'kazimod.refmap.json' for kazimod.mixins.json could not be read. If this is a development environment you can ignore this message
[20Sep2026 21:11:00.119] [main/DEBUG] [mixin/]: Selecting config mine-mine-no-mi.mixins.json
[20Sep2026 21:11:00.234] [main/INFO] [mixin/]: Remapping refMap mine-mine-no-mi.refmap.json using C:\Users\th3wyz\IdeaProjects\Kaziaddon44\build\createSrgToMcp\output.srg
[20Sep2026 21:11:00.234] [main/DEBUG] [mixin/]: Selecting config cartaddon.mixins.json
[20Sep2026 21:11:00.236] [main/INFO] [mixin/]: Remapping refMap cartaddon.refmap.json using C:\Users\th3wyz\IdeaProjects\Kaziaddon44\build\createSrgToMcp\output.srg
[20Sep2026 21:11:00.236] [main/DEBUG] [mixin/]: Preparing kazimod.mixins.json (28)
[20Sep2026 21:11:00.389] [main/DEBUG] [mixin/]: Preparing mine-mine-no-mi.mixins.json (62)
[20Sep2026 21:11:00.429] [main/DEBUG] [net.minecraftforge.coremod.transformer.CoreModBaseTransformer/COREMOD]: Transforming net/minecraft/potion/EffectInstance
[20Sep2026 21:11:00.452] [main/DEBUG] [net.minecraftforge.coremod.transformer.CoreModBaseTransformer/COREMOD]: Transforming getTooltipLines with desc (Lnet/minecraft/entity/player/PlayerEntity;Lnet/minecraft/client/util/ITooltipFlag;)Ljava/util/List;
[20Sep2026 21:11:00.548] [main/DEBUG] [net.minecraftforge.coremod.transformer.CoreModBaseTransformer/COREMOD]: Transforming net/minecraft/item/ItemStack
[20Sep2026 21:11:00.616] [main/WARN] [mixin/]: Error loading class: org/valkyrienskies/core/util/assertions/stages/TickStageEnforcerImpl (java.lang.ClassNotFoundException: null)
[20Sep2026 21:11:00.616] [main/WARN] [mixin/]: @Mixin target org.valkyrienskies.core.util.assertions.stages.TickStageEnforcerImpl was not found mine-mine-no-mi.mixins.json:valkyrienskies.TickStageEnforcerImplMixin
[20Sep2026 21:11:00.683] [main/DEBUG] [net.minecraftforge.coremod.transformer.CoreModBaseTransformer/COREMOD]: Transforming renderHandsWithItems with desc (FLcom/mojang/blaze3d/matrix/MatrixStack;Lnet/minecraft/client/renderer/IRenderTypeBuffer$Impl;Lnet/minecraft/client/entity/player/ClientPlayerEntity;I)V
[20Sep2026 21:11:00.687] [main/DEBUG] [net.minecraftforge.coremod.transformer.CoreModBaseTransformer/COREMOD]: Transforming renderHandsWithItems with desc (FLcom/mojang/blaze3d/matrix/MatrixStack;Lnet/minecraft/client/renderer/IRenderTypeBuffer$Impl;Lnet/minecraft/client/entity/player/ClientPlayerEntity;I)V
[20Sep2026 21:11:00.691] [main/DEBUG] [net.minecraftforge.coremod.transformer.CoreModBaseTransformer/COREMOD]: Transforming renderArmWithItem with desc (Lnet/minecraft/client/entity/player/AbstractClientPlayerEntity;FFLnet/minecraft/util/Hand;FLnet/minecraft/item/ItemStack;FLcom/mojang/blaze3d/matrix/MatrixStack;Lnet/minecraft/client/renderer/IRenderTypeBuffer;I)V
[20Sep2026 21:11:00.698] [main/DEBUG] [net.minecraftforge.coremod.transformer.CoreModBaseTransformer/COREMOD]: Transforming renderArmWithItem with desc (Lnet/minecraft/client/entity/player/AbstractClientPlayerEntity;FFLnet/minecraft/util/Hand;FLnet/minecraft/item/ItemStack;FLcom/mojang/blaze3d/matrix/MatrixStack;Lnet/minecraft/client/renderer/IRenderTypeBuffer;I)V
[20Sep2026 21:11:00.724] [main/DEBUG] [mixin/]: Preparing cartaddon.mixins.json (30)
[20Sep2026 21:11:00.790] [main/DEBUG] [mixin/]: Registering new injector for @Inject with org.spongepowered.asm.mixin.injection.struct.CallbackInjectionInfo
[20Sep2026 21:11:00.792] [main/DEBUG] [mixin/]: Registering new injector for @ModifyArg with org.spongepowered.asm.mixin.injection.struct.ModifyArgInjectionInfo
[20Sep2026 21:11:00.793] [main/DEBUG] [mixin/]: Registering new injector for @ModifyArgs with org.spongepowered.asm.mixin.injection.struct.ModifyArgsInjectionInfo
[20Sep2026 21:11:00.794] [main/DEBUG] [mixin/]: Registering new injector for @Redirect with org.spongepowered.asm.mixin.injection.struct.RedirectInjectionInfo
[20Sep2026 21:11:00.795] [main/DEBUG] [mixin/]: Registering new injector for @ModifyVariable with org.spongepowered.asm.mixin.injection.struct.ModifyVariableInjectionInfo
[20Sep2026 21:11:00.797] [main/DEBUG] [mixin/]: Registering new injector for @ModifyConstant with org.spongepowered.asm.mixin.injection.struct.ModifyConstantInjectionInfo
[20Sep2026 21:11:00.860] [main/DEBUG] [mixin/]: Prepared 118 mixins in 0.767 sec (6.5ms avg) (0ms load, 0ms transform, 0ms plugin)
[20Sep2026 21:11:00.906] [main/DEBUG] [mixin/]: Mixing PlayerEntityMixin from mine-mine-no-mi.mixins.json into net.minecraft.entity.player.PlayerEntity
[20Sep2026 21:11:01.239] [main/DEBUG] [mixin/]: ArgsClassGenerator assigning org.spongepowered.asm.synthetic.args.Args$1 for descriptor (Lnet/minecraft/entity/LivingEntity;Lnet/minecraft/util/DamageSource;F)V
[20Sep2026 21:11:01.256] [main/DEBUG] [mixin/]: Mixing LivingEntityMixin from mine-mine-no-mi.mixins.json into net.minecraft.entity.LivingEntity
[20Sep2026 21:11:01.269] [main/DEBUG] [mixin/]: Mixing ILivingEntityMixin from mine-mine-no-mi.mixins.json into net.minecraft.entity.LivingEntity
[20Sep2026 21:11:01.420] [main/DEBUG] [mixin/]: Mixing EntityMixin from mine-mine-no-mi.mixins.json into net.minecraft.entity.Entity
[20Sep2026 21:11:01.426] [main/DEBUG] [mixin/]: Mixing EntityWetByAOWRainCloudMixin from cartaddon.mixins.json into net.minecraft.entity.Entity
[20Sep2026 21:11:01.536] [main/DEBUG] [mixin/]: Mixing WorldMixin from mine-mine-no-mi.mixins.json into net.minecraft.world.World
[20Sep2026 21:11:01.596] [main/DEBUG] [mixin/]: Mixing IServerWorldMixin from mine-mine-no-mi.mixins.json into net.minecraft.world.server.ServerWorld
[20Sep2026 21:11:01.607] [main/DEBUG] [mixin/]: Mixing ServerWorldMixin from mine-mine-no-mi.mixins.json into net.minecraft.world.server.ServerWorld
[20Sep2026 21:11:01.641] [main/DEBUG] [mixin/]: Mixing Supamixins.PairedSwordsContainerMixin from kazimod.mixins.json into net.minecraft.inventory.container.Container
[20Sep2026 21:11:01.644] [main/DEBUG] [net.minecraftforge.coremod.transformer.CoreModBaseTransformer/COREMOD]: Transforming useOnRelease with desc (Lnet/minecraft/item/ItemStack;)Z
[20Sep2026 21:11:01.647] [main/DEBUG] [mixin/]: Mixing ContainerMixin from mine-mine-no-mi.mixins.json into net.minecraft.inventory.container.Container
[20Sep2026 21:11:01.738] [main/DEBUG] [io.netty.util.internal.logging.InternalLoggerFactory/]: Using SLF4J as the default logging framework
[20Sep2026 21:11:01.739] [main/DEBUG] [io.netty.util.ResourceLeakDetector/]: -Dio.netty.leakDetection.level: simple
[20Sep2026 21:11:01.739] [main/DEBUG] [io.netty.util.ResourceLeakDetector/]: -Dio.netty.leakDetection.targetRecords: 4
[20Sep2026 21:11:01.883] [pool-3-thread-1/DEBUG] [mixin/]: Mixing BlockMixin from mine-mine-no-mi.mixins.json into net.minecraft.block.Block
[20Sep2026 21:11:01.885] [pool-3-thread-1/DEBUG] [mixin/]: Mixing BlockPlayerDestroyMixin from cartaddon.mixins.json into net.minecraft.block.Block
[20Sep2026 21:11:01.937] [pool-3-thread-1/DEBUG] [net.minecraftforge.coremod.transformer.CoreModBaseTransformer/COREMOD]: Transforming useOnRelease with desc (Lnet/minecraft/item/ItemStack;)Z
[20Sep2026 21:11:01.941] [pool-3-thread-1/DEBUG] [mixin/]: Mixing EffectMixin from mine-mine-no-mi.mixins.json into net.minecraft.potion.Effect
[20Sep2026 21:11:02.056] [pool-3-thread-1/DEBUG] [net.minecraftforge.coremod.transformer.CoreModBaseTransformer/COREMOD]: Transforming net/minecraft/block/FlowingFluidBlock
[20Sep2026 21:11:02.080] [pool-3-thread-1/DEBUG] [net.minecraftforge.coremod.transformer.CoreModBaseTransformer/COREMOD]: Transforming net/minecraft/block/StairsBlock
[20Sep2026 21:11:02.105] [pool-3-thread-1/DEBUG] [net.minecraftforge.coremod.transformer.CoreModBaseTransformer/COREMOD]: Transforming use with desc (Lnet/minecraft/block/BlockState;Lnet/minecraft/world/World;Lnet/minecraft/util/math/BlockPos;Lnet/minecraft/entity/player/PlayerEntity;Lnet/minecraft/util/Hand;Lnet/minecraft/util/math/BlockRayTraceResult;)Lnet/minecraft/util/ActionResultType;
[20Sep2026 21:11:02.127] [pool-3-thread-1/DEBUG] [net.minecraftforge.coremod.transformer.CoreModBaseTransformer/COREMOD]: Transforming playerWillDestroy with desc (Lnet/minecraft/world/World;Lnet/minecraft/util/math/BlockPos;Lnet/minecraft/block/BlockState;Lnet/minecraft/entity/player/PlayerEntity;)V
[20Sep2026 21:11:02.132] [pool-3-thread-1/DEBUG] [net.minecraftforge.coremod.transformer.CoreModBaseTransformer/COREMOD]: Transforming net/minecraft/block/FlowerPotBlock
[20Sep2026 21:11:02.176] [pool-3-thread-1/DEBUG] [net.minecraftforge.coremod.transformer.CoreModBaseTransformer/COREMOD]: Transforming use with desc (Lnet/minecraft/block/BlockState;Lnet/minecraft/world/World;Lnet/minecraft/util/math/BlockPos;Lnet/minecraft/entity/player/PlayerEntity;Lnet/minecraft/util/Hand;Lnet/minecraft/util/math/BlockRayTraceResult;)Lnet/minecraft/util/ActionResultType;
[20Sep2026 21:11:02.186] [pool-3-thread-1/DEBUG] [mixin/]: Mixing AbstractBlockStateMixin from mine-mine-no-mi.mixins.json into net.minecraft.block.AbstractBlock$AbstractBlockState
[20Sep2026 21:11:02.428] [pool-3-thread-1/DEBUG] [mixin/]: Mixing FlowingFluidMixin from mine-mine-no-mi.mixins.json into net.minecraft.fluid.FlowingFluid
[20Sep2026 21:11:02.461] [pool-3-thread-1/DEBUG] [mixin/]: Mixing FallingBlockEntityMixin from mine-mine-no-mi.mixins.json into net.minecraft.entity.item.FallingBlockEntity
[20Sep2026 21:11:02.596] [pool-3-thread-1/DEBUG] [mixin/]: Mixing RangedAttributeMixin from mine-mine-no-mi.mixins.json into net.minecraft.entity.ai.attributes.RangedAttribute
[20Sep2026 21:11:02.760] [pool-3-thread-1/DEBUG] [mixin/]: Mixing WorkbenchContainerMixin from mine-mine-no-mi.mixins.json into net.minecraft.inventory.container.WorkbenchContainer
[20Sep2026 21:11:02.794] [pool-3-thread-1/DEBUG] [net.minecraftforge.coremod.transformer.CoreModBaseTransformer/COREMOD]: Transforming mobInteract with desc (Lnet/minecraft/entity/player/PlayerEntity;Lnet/minecraft/util/Hand;)Lnet/minecraft/util/ActionResultType;
[20Sep2026 21:11:02.797] [pool-3-thread-1/DEBUG] [mixin/]: Mixing MobEntityMixin from mine-mine-no-mi.mixins.json into net.minecraft.entity.MobEntity
[20Sep2026 21:11:02.797] [pool-3-thread-1/DEBUG] [mixin/]: Renaming synthetic method lambda$updateEntityActionState$1(Lnet/minecraft/potion/Effect;)Z to mdbf7ec4$lambda$updateEntityActionState$1$0 in mine-mine-no-mi.mixins.json:MobEntityMixin
[20Sep2026 21:11:02.798] [pool-3-thread-1/DEBUG] [mixin/]: Renaming synthetic method lambda$updateEntityActionState$0(Lnet/minecraft/potion/Effect;)Z to mdbf7ec4$lambda$updateEntityActionState$0$1 in mine-mine-no-mi.mixins.json:MobEntityMixin
[20Sep2026 21:11:03.020] [pool-3-thread-1/DEBUG] [net.minecraftforge.coremod.transformer.CoreModBaseTransformer/COREMOD]: Transforming quickMoveStack with desc (Lnet/minecraft/entity/player/PlayerEntity;I)Lnet/minecraft/item/ItemStack;
[20Sep2026 21:11:03.026] [pool-3-thread-1/DEBUG] [mixin/]: Mixing SmithingTableContainerMixin from mine-mine-no-mi.mixins.json into net.minecraft.inventory.container.SmithingTableContainer
[20Sep2026 21:11:03.027] [pool-3-thread-1/DEBUG] [mixin/]: Renaming synthetic method lambda$onTake$0(Lnet/minecraft/world/World;Lnet/minecraft/util/math/BlockPos;)V to mdbf7ec4$lambda$onTake$0$0 in mine-mine-no-mi.mixins.json:SmithingTableContainerMixin
[20Sep2026 21:11:03.256] [pool-3-thread-1/DEBUG] [mixin/]: Mixing AreaEffectCloudEntityMixin from mine-mine-no-mi.mixins.json into net.minecraft.entity.AreaEffectCloudEntity
[20Sep2026 21:11:03.688] [pool-3-thread-1/DEBUG] [mixin/]: Mixing BoatEntityMixin from mine-mine-no-mi.mixins.json into net.minecraft.entity.item.BoatEntity
[20Sep2026 21:11:03.887] [pool-3-thread-1/DEBUG] [net.minecraftforge.coremod.transformer.CoreModBaseTransformer/COREMOD]: Transforming getTooltipLines with desc (Lnet/minecraft/entity/player/PlayerEntity;Lnet/minecraft/client/util/ITooltipFlag;)Ljava/util/List;
[20Sep2026 21:11:03.904] [pool-3-thread-1/DEBUG] [net.minecraftforge.coremod.transformer.CoreModBaseTransformer/COREMOD]: Transforming net/minecraft/item/ItemStack
[20Sep2026 21:11:03.905] [pool-3-thread-1/DEBUG] [mixin/]: Mixing ItemStackMixin from mine-mine-no-mi.mixins.json into net.minecraft.item.ItemStack
[20Sep2026 21:11:03.934] [pool-3-thread-1/DEBUG] [net.minecraftforge.coremod.transformer.CoreModBaseTransformer/COREMOD]: Transforming removeFramedMap with desc (Lnet/minecraft/item/ItemStack;)V
[20Sep2026 21:11:03.941] [pool-3-thread-1/DEBUG] [mixin/]: Mixing LightningBoltEntityMixin from mine-mine-no-mi.mixins.json into net.minecraft.entity.effect.LightningBoltEntity
[20Sep2026 21:11:04.293] [pool-3-thread-1/DEBUG] [net.minecraftforge.coremod.transformer.CoreModBaseTransformer/COREMOD]: Transforming mobInteract with desc (Lnet/minecraft/entity/player/PlayerEntity;Lnet/minecraft/util/Hand;)Lnet/minecraft/util/ActionResultType;
[20Sep2026 21:11:04.319] [pool-3-thread-1/DEBUG] [net.minecraftforge.coremod.transformer.CoreModBaseTransformer/COREMOD]: Transforming canFireProjectileWeapon with desc (Lnet/minecraft/item/ShootableItem;)Z
[20Sep2026 21:11:04.319] [pool-3-thread-1/DEBUG] [net.minecraftforge.coremod.transformer.CoreModBaseTransformer/COREMOD]: Transforming canReplaceCurrentItem with desc (Lnet/minecraft/item/ItemStack;Lnet/minecraft/item/ItemStack;)Z
[20Sep2026 21:11:04.324] [pool-3-thread-1/DEBUG] [net.minecraftforge.coremod.transformer.CoreModBaseTransformer/COREMOD]: Transforming canFireProjectileWeapon with desc (Lnet/minecraft/item/ShootableItem;)Z
[20Sep2026 21:11:04.324] [pool-3-thread-1/DEBUG] [net.minecraftforge.coremod.transformer.CoreModBaseTransformer/COREMOD]: Transforming enchantSpawnedWeapon with desc (F)V
[20Sep2026 21:11:04.336] [pool-3-thread-1/DEBUG] [net.minecraftforge.coremod.transformer.CoreModBaseTransformer/COREMOD]: Transforming mobInteract with desc (Lnet/minecraft/entity/player/PlayerEntity;Lnet/minecraft/util/Hand;)Lnet/minecraft/util/ActionResultType;
[20Sep2026 21:11:04.344] [pool-3-thread-1/DEBUG] [net.minecraftforge.coremod.transformer.CoreModBaseTransformer/COREMOD]: Transforming reassessWeaponGoal with desc ()V
[20Sep2026 21:11:04.345] [pool-3-thread-1/DEBUG] [net.minecraftforge.coremod.transformer.CoreModBaseTransformer/COREMOD]: Transforming canFireProjectileWeapon with desc (Lnet/minecraft/item/ShootableItem;)Z
[20Sep2026 21:11:04.906] [pool-3-thread-1/DEBUG] [net.minecraftforge.coremod.transformer.CoreModBaseTransformer/COREMOD]: Transforming canEnchant with desc (Lnet/minecraft/item/ItemStack;)Z
[20Sep2026 21:11:04.994] [pool-3-thread-1/DEBUG] [net.minecraftforge.coremod.transformer.CoreModBaseTransformer/COREMOD]: Transforming net/minecraft/item/BucketItem
[20Sep2026 21:11:05.006] [pool-3-thread-1/DEBUG] [mixin/]: Mixing BoatItemMixin from mine-mine-no-mi.mixins.json into net.minecraft.item.BoatItem
[20Sep2026 21:11:05.095] [pool-3-thread-1/DEBUG] [net.minecraftforge.coremod.transformer.CoreModBaseTransformer/COREMOD]: Transforming net/minecraft/item/FishBucketItem
[20Sep2026 21:11:05.153] [pool-3-thread-1/DEBUG] [net.minecraftforge.coremod.transformer.CoreModBaseTransformer/COREMOD]: Transforming getShootingPower with desc (Lnet/minecraft/item/ItemStack;)F
[20Sep2026 21:11:05.312] [pool-3-thread-1/DEBUG] [net.minecraftforge.coremod.transformer.CoreModBaseTransformer/COREMOD]: Transforming net/minecraft/potion/EffectInstance
[20Sep2026 21:11:05.314] [pool-3-thread-1/DEBUG] [mixin/]: Mixing EffectInstanceMixin from mine-mine-no-mi.mixins.json into net.minecraft.potion.EffectInstance
[20Sep2026 21:11:05.414] [pool-3-thread-1/DEBUG] [net.minecraftforge.coremod.transformer.CoreModBaseTransformer/COREMOD]: Transforming shouldStopFishing with desc (Lnet/minecraft/entity/player/PlayerEntity;)Z
[20Sep2026 21:11:05.602] [pool-3-thread-1/DEBUG] [net.minecraftforge.coremod.transformer.CoreModBaseTransformer/COREMOD]: Transforming mayPlace with desc (Lnet/minecraft/item/ItemStack;)Z
[20Sep2026 21:11:06.030] [pool-3-thread-1/DEBUG] [net.minecraftforge.registries.GameData/REGISTRIES]: Creating vanilla freeze snapshot
[20Sep2026 21:11:06.038] [pool-3-thread-1/DEBUG] [net.minecraftforge.registries.ForgeRegistry/REGISTRIES]: Registry minecraft:block Sync: VANILLA -> ACTIVE
[20Sep2026 21:11:06.048] [pool-3-thread-1/DEBUG] [net.minecraftforge.registries.ForgeRegistry/REGISTRIES]: Registry minecraft:fluid Sync: VANILLA -> ACTIVE
[20Sep2026 21:11:06.049] [pool-3-thread-1/DEBUG] [net.minecraftforge.registries.ForgeRegistry/REGISTRIES]: Registry minecraft:item Sync: VANILLA -> ACTIVE
[20Sep2026 21:11:06.057] [pool-3-thread-1/DEBUG] [net.minecraftforge.registries.ForgeRegistry/REGISTRIES]: Registry minecraft:mob_effect Sync: VANILLA -> ACTIVE
[20Sep2026 21:11:06.058] [pool-3-thread-1/DEBUG] [net.minecraftforge.registries.ForgeRegistry/REGISTRIES]: Registry minecraft:sound_event Sync: VANILLA -> ACTIVE
[20Sep2026 21:11:06.067] [pool-3-thread-1/DEBUG] [net.minecraftforge.registries.ForgeRegistry/REGISTRIES]: Registry minecraft:potion Sync: VANILLA -> ACTIVE
[20Sep2026 21:11:06.068] [pool-3-thread-1/DEBUG] [net.minecraftforge.registries.ForgeRegistry/REGISTRIES]: Registry minecraft:enchantment Sync: VANILLA -> ACTIVE
[20Sep2026 21:11:06.069] [pool-3-thread-1/DEBUG] [net.minecraftforge.registries.ForgeRegistry/REGISTRIES]: Registry minecraft:entity_type Sync: VANILLA -> ACTIVE
[20Sep2026 21:11:06.070] [pool-3-thread-1/DEBUG] [net.minecraftforge.registries.ForgeRegistry/REGISTRIES]: Registry minecraft:block_entity_type Sync: VANILLA -> ACTIVE
[20Sep2026 21:11:06.071] [pool-3-thread-1/DEBUG] [net.minecraftforge.registries.ForgeRegistry/REGISTRIES]: Registry minecraft:particle_type Sync: VANILLA -> ACTIVE
[20Sep2026 21:11:06.071] [pool-3-thread-1/DEBUG] [net.minecraftforge.registries.ForgeRegistry/REGISTRIES]: Registry minecraft:menu Sync: VANILLA -> ACTIVE
[20Sep2026 21:11:06.072] [pool-3-thread-1/DEBUG] [net.minecraftforge.registries.ForgeRegistry/REGISTRIES]: Registry minecraft:motive Sync: VANILLA -> ACTIVE
[20Sep2026 21:11:06.072] [pool-3-thread-1/DEBUG] [net.minecraftforge.registries.ForgeRegistry/REGISTRIES]: Registry minecraft:recipe_serializer Sync: VANILLA -> ACTIVE
[20Sep2026 21:11:06.072] [pool-3-thread-1/DEBUG] [net.minecraftforge.registries.ForgeRegistry/REGISTRIES]: Registry minecraft:attribute Sync: VANILLA -> ACTIVE
[20Sep2026 21:11:06.073] [pool-3-thread-1/DEBUG] [net.minecraftforge.registries.ForgeRegistry/REGISTRIES]: Registry minecraft:stat_type Sync: VANILLA -> ACTIVE
[20Sep2026 21:11:06.073] [pool-3-thread-1/DEBUG] [net.minecraftforge.registries.ForgeRegistry/REGISTRIES]: Registry minecraft:villager_profession Sync: VANILLA -> ACTIVE
[20Sep2026 21:11:06.073] [pool-3-thread-1/DEBUG] [net.minecraftforge.registries.ForgeRegistry/REGISTRIES]: Registry minecraft:point_of_interest_type Sync: VANILLA -> ACTIVE
[20Sep2026 21:11:06.074] [pool-3-thread-1/DEBUG] [net.minecraftforge.registries.ForgeRegistry/REGISTRIES]: Registry minecraft:memory_module_type Sync: VANILLA -> ACTIVE
[20Sep2026 21:11:06.075] [pool-3-thread-1/DEBUG] [net.minecraftforge.registries.ForgeRegistry/REGISTRIES]: Registry minecraft:sensor_type Sync: VANILLA -> ACTIVE
[20Sep2026 21:11:06.075] [pool-3-thread-1/DEBUG] [net.minecraftforge.registries.ForgeRegistry/REGISTRIES]: Registry minecraft:schedule Sync: VANILLA -> ACTIVE
[20Sep2026 21:11:06.075] [pool-3-thread-1/DEBUG] [net.minecraftforge.registries.ForgeRegistry/REGISTRIES]: Registry minecraft:activity Sync: VANILLA -> ACTIVE
[20Sep2026 21:11:06.075] [pool-3-thread-1/DEBUG] [net.minecraftforge.registries.ForgeRegistry/REGISTRIES]: Registry minecraft:worldgen/carver Sync: VANILLA -> ACTIVE
[20Sep2026 21:11:06.076] [pool-3-thread-1/DEBUG] [net.minecraftforge.registries.ForgeRegistry/REGISTRIES]: Registry minecraft:worldgen/surface_builder Sync: VANILLA -> ACTIVE
[20Sep2026 21:11:06.076] [pool-3-thread-1/DEBUG] [net.minecraftforge.registries.ForgeRegistry/REGISTRIES]: Registry minecraft:worldgen/feature Sync: VANILLA -> ACTIVE
[20Sep2026 21:11:06.076] [pool-3-thread-1/DEBUG] [net.minecraftforge.registries.ForgeRegistry/REGISTRIES]: Registry minecraft:worldgen/decorator Sync: VANILLA -> ACTIVE
[20Sep2026 21:11:06.077] [pool-3-thread-1/DEBUG] [net.minecraftforge.registries.ForgeRegistry/REGISTRIES]: Registry minecraft:chunk_status Sync: VANILLA -> ACTIVE
[20Sep2026 21:11:06.077] [pool-3-thread-1/DEBUG] [net.minecraftforge.registries.ForgeRegistry/REGISTRIES]: Registry minecraft:worldgen/structure_feature Sync: VANILLA -> ACTIVE
[20Sep2026 21:11:06.077] [pool-3-thread-1/DEBUG] [net.minecraftforge.registries.ForgeRegistry/REGISTRIES]: Registry minecraft:worldgen/block_state_provider_type Sync: VANILLA -> ACTIVE
[20Sep2026 21:11:06.077] [pool-3-thread-1/DEBUG] [net.minecraftforge.registries.ForgeRegistry/REGISTRIES]: Registry minecraft:worldgen/block_placer_type Sync: VANILLA -> ACTIVE
[20Sep2026 21:11:06.078] [pool-3-thread-1/DEBUG] [net.minecraftforge.registries.ForgeRegistry/REGISTRIES]: Registry minecraft:worldgen/foliage_placer_type Sync: VANILLA -> ACTIVE
[20Sep2026 21:11:06.078] [pool-3-thread-1/DEBUG] [net.minecraftforge.registries.ForgeRegistry/REGISTRIES]: Registry minecraft:worldgen/tree_decorator_type Sync: VANILLA -> ACTIVE
[20Sep2026 21:11:06.078] [pool-3-thread-1/DEBUG] [net.minecraftforge.registries.ForgeRegistry/REGISTRIES]: Registry minecraft:worldgen/biome Sync: VANILLA -> ACTIVE
[20Sep2026 21:11:06.079] [pool-3-thread-1/DEBUG] [net.minecraftforge.registries.ForgeRegistry/REGISTRIES]: Registry minecraft:data_serializers Sync: VANILLA -> ACTIVE
[20Sep2026 21:11:06.079] [pool-3-thread-1/DEBUG] [net.minecraftforge.registries.ForgeRegistry/REGISTRIES]: Registry forge:loot_modifier_serializers Sync: VANILLA -> ACTIVE
[20Sep2026 21:11:06.079] [pool-3-thread-1/DEBUG] [net.minecraftforge.registries.ForgeRegistry/REGISTRIES]: Registry forge:world_types Sync: VANILLA -> ACTIVE
[20Sep2026 21:11:06.107] [pool-3-thread-1/DEBUG] [net.minecraftforge.registries.GameData/REGISTRIES]: Vanilla freeze snapshot created
[20Sep2026 21:11:06.164] [Render thread/DEBUG] [mixin/]: Mixing client.MinecraftMixin from mine-mine-no-mi.mixins.json into net.minecraft.client.Minecraft
[20Sep2026 21:11:06.353] [Render thread/DEBUG] [net.minecraftforge.coremod.transformer.CoreModBaseTransformer/COREMOD]: Transforming getFieldOfViewModifier with desc ()F
[20Sep2026 21:11:06.385] [Render thread/DEBUG] [mixin/]: Mixing client.DeathScreenMixin from mine-mine-no-mi.mixins.json into net.minecraft.client.gui.screen.DeathScreen
[20Sep2026 21:11:06.394] [Render thread/ERROR] [mixin/]: Write access detected to @Final field hardcore:Z in mine-mine-no-mi.mixins.json:client.DeathScreenMixin::handler$zdi000$init
[20Sep2026 21:11:06.586] [Render thread/INFO] [com.mojang.authlib.yggdrasil.YggdrasilAuthenticationService/]: Environment: authHost='https://authserver.mojang.com', accountsHost='https://api.mojang.com', sessionHost='https://sessionserver.mojang.com', servicesHost='https://api.minecraftservices.com', name='PROD'
[20Sep2026 21:11:07.197] [Render thread/INFO] [net.minecraft.client.Minecraft/]: Setting user: Dev
[20Sep2026 21:11:07.331] [Render thread/INFO] [net.minecraft.client.Minecraft/]: Backend library: LWJGL version 3.2.2 build 10
[20Sep2026 21:11:07.881] [Render thread/DEBUG] [net.minecraftforge.fml.ForgeI18n/CORE]: Loading I18N data entries: 4980
[20Sep2026 21:11:07.965] [Render thread/DEBUG] [io.netty.util.internal.PlatformDependent/]: Platform: Windows
[20Sep2026 21:11:07.971] [Render thread/DEBUG] [io.netty.util.internal.PlatformDependent0/]: -Dio.netty.noUnsafe: false
[20Sep2026 21:11:07.972] [Render thread/DEBUG] [io.netty.util.internal.PlatformDependent0/]: Java version: 8
[20Sep2026 21:11:07.976] [Render thread/DEBUG] [io.netty.util.internal.PlatformDependent0/]: sun.misc.Unsafe.theUnsafe: available
[20Sep2026 21:11:07.978] [Render thread/DEBUG] [io.netty.util.internal.PlatformDependent0/]: sun.misc.Unsafe.copyMemory: available
[20Sep2026 21:11:07.981] [Render thread/DEBUG] [io.netty.util.internal.PlatformDependent0/]: java.nio.Buffer.address: available
[20Sep2026 21:11:07.983] [Render thread/DEBUG] [io.netty.util.internal.PlatformDependent0/]: direct buffer constructor: available
[20Sep2026 21:11:08.005] [Render thread/DEBUG] [io.netty.util.internal.PlatformDependent0/]: java.nio.Bits.unaligned: available, true
[20Sep2026 21:11:08.006] [Render thread/DEBUG] [io.netty.util.internal.PlatformDependent0/]: jdk.internal.misc.Unsafe.allocateUninitializedArray(int): unavailable prior to Java9
[20Sep2026 21:11:08.006] [Render thread/DEBUG] [io.netty.util.internal.PlatformDependent0/]: java.nio.DirectByteBuffer.<init>(long, int): available
[20Sep2026 21:11:08.006] [Render thread/DEBUG] [io.netty.util.internal.PlatformDependent/]: sun.misc.Unsafe: available
[20Sep2026 21:11:08.007] [Render thread/DEBUG] [io.netty.util.internal.PlatformDependent/]: -Dio.netty.tmpdir: C:\Users\th3wyz\AppData\Local\Temp (java.io.tmpdir)
[20Sep2026 21:11:08.007] [Render thread/DEBUG] [io.netty.util.internal.PlatformDependent/]: -Dio.netty.bitMode: 64 (sun.arch.data.model)
[20Sep2026 21:11:08.010] [Render thread/DEBUG] [io.netty.util.internal.PlatformDependent/]: -Dio.netty.noPreferDirect: false
[20Sep2026 21:11:08.011] [Render thread/DEBUG] [io.netty.util.internal.PlatformDependent/]: -Dio.netty.maxDirectMemory: 3769630720 bytes
[20Sep2026 21:11:08.011] [Render thread/DEBUG] [io.netty.util.internal.PlatformDependent/]: -Dio.netty.uninitializedArrayAllocationThreshold: -1
[20Sep2026 21:11:08.013] [Render thread/DEBUG] [io.netty.util.internal.CleanerJava6/]: java.nio.ByteBuffer.cleaner(): available
[20Sep2026 21:11:08.217] [Render thread/DEBUG] [net.minecraftforge.fml.ModLoader/CORE]: Loading Network data for FML net version: FML2
[20Sep2026 21:11:08.240] [Render thread/DEBUG] [net.minecraftforge.fml.ModWorkManager/LOADING]: Using 16 threads for parallel mod-loading
[20Sep2026 21:11:08.366] [Render thread/DEBUG] [net.minecraftforge.fml.javafmlmod.FMLJavaModLanguageProvider/LOADING]: Loading FMLModContainer from classloader cpw.mods.modlauncher.TransformingClassLoader@45792847 - got cpw.mods.modlauncher.TransformingClassLoader@45792847
[20Sep2026 21:11:08.367] [Render thread/DEBUG] [net.minecraftforge.fml.javafmlmod.FMLModContainer/LOADING]: Creating FMLModContainer instance for net.minecraftforge.common.ForgeMod with classLoader cpw.mods.modlauncher.TransformingClassLoader@45792847 & cpw.mods.modlauncher.TransformingClassLoader@45792847
[20Sep2026 21:11:08.408] [Render thread/DEBUG] [net.minecraftforge.fml.javafmlmod.FMLJavaModLanguageProvider/LOADING]: Loading FMLModContainer from classloader cpw.mods.modlauncher.TransformingClassLoader@45792847 - got cpw.mods.modlauncher.TransformingClassLoader@45792847
[20Sep2026 21:11:08.408] [Render thread/DEBUG] [net.minecraftforge.fml.javafmlmod.FMLModContainer/LOADING]: Creating FMLModContainer instance for xyz.pixelatedw.mineminenomi.ModMain with classLoader cpw.mods.modlauncher.TransformingClassLoader@45792847 & cpw.mods.modlauncher.TransformingClassLoader@45792847
[20Sep2026 21:11:08.413] [Render thread/DEBUG] [net.minecraftforge.fml.javafmlmod.FMLJavaModLanguageProvider/LOADING]: Loading FMLModContainer from classloader cpw.mods.modlauncher.TransformingClassLoader@45792847 - got cpw.mods.modlauncher.TransformingClassLoader@45792847
[20Sep2026 21:11:08.414] [Render thread/DEBUG] [net.minecraftforge.fml.javafmlmod.FMLModContainer/LOADING]: Creating FMLModContainer instance for top.theillusivec4.curios.Curios with classLoader cpw.mods.modlauncher.TransformingClassLoader@45792847 & cpw.mods.modlauncher.TransformingClassLoader@45792847
[20Sep2026 21:11:08.430] [Render thread/DEBUG] [net.minecraftforge.fml.javafmlmod.FMLJavaModLanguageProvider/LOADING]: Loading FMLModContainer from classloader cpw.mods.modlauncher.TransformingClassLoader@45792847 - got cpw.mods.modlauncher.TransformingClassLoader@45792847
[20Sep2026 21:11:08.430] [Render thread/DEBUG] [net.minecraftforge.fml.javafmlmod.FMLModContainer/LOADING]: Creating FMLModContainer instance for net.MrMagicalCart.cartaddon.ModMain with classLoader cpw.mods.modlauncher.TransformingClassLoader@45792847 & cpw.mods.modlauncher.TransformingClassLoader@45792847
[20Sep2026 21:11:08.439] [Render thread/DEBUG] [net.minecraftforge.fml.javafmlmod.FMLJavaModLanguageProvider/LOADING]: Loading FMLModContainer from classloader cpw.mods.modlauncher.TransformingClassLoader@45792847 - got cpw.mods.modlauncher.TransformingClassLoader@45792847
[20Sep2026 21:11:08.440] [Render thread/DEBUG] [net.minecraftforge.fml.javafmlmod.FMLModContainer/LOADING]: Creating FMLModContainer instance for net.kazi.kazimod.KaziMod with classLoader cpw.mods.modlauncher.TransformingClassLoader@45792847 & cpw.mods.modlauncher.TransformingClassLoader@45792847
[20Sep2026 21:11:08.467] [modloading-worker-2/DEBUG] [net.minecraftforge.versions.forge.ForgeVersion/CORE]: Forge Version package package net.minecraftforge.versions.forge, Forge, version 36.2 from cpw.mods.modlauncher.TransformingClassLoader@45792847
[20Sep2026 21:11:08.475] [modloading-worker-2/DEBUG] [net.minecraftforge.versions.forge.ForgeVersion/CORE]: Found Forge version 36.2.39
[20Sep2026 21:11:08.475] [modloading-worker-2/DEBUG] [net.minecraftforge.versions.forge.ForgeVersion/CORE]: Found Forge spec 36.2
[20Sep2026 21:11:08.475] [modloading-worker-2/DEBUG] [net.minecraftforge.versions.forge.ForgeVersion/CORE]: Found Forge group net.minecraftforge
[20Sep2026 21:11:08.477] [modloading-worker-2/DEBUG] [net.minecraftforge.versions.mcp.MCPVersion/CORE]: Found MC version information 1.16.5
[20Sep2026 21:11:08.477] [modloading-worker-2/DEBUG] [net.minecraftforge.versions.mcp.MCPVersion/CORE]: Found MCP version information 20210115.111550
[20Sep2026 21:11:08.477] [modloading-worker-2/INFO] [net.minecraftforge.common.ForgeMod/FORGEMOD]: Forge mod loading, version 36.2.39, for MC 1.16.5 with MCP 20210115.111550
[20Sep2026 21:11:08.478] [modloading-worker-2/INFO] [net.minecraftforge.common.MinecraftForge/FORGE]: MinecraftForge v36.2.39 Initialized
[20Sep2026 21:11:08.527] [modloading-worker-13/DEBUG] [mixin/]: Mixing CartRaceReplace from kazimod.mixins.json into xyz.pixelatedw.mineminenomi.wypi.WyRegistry
[20Sep2026 21:11:08.528] [modloading-worker-13/DEBUG] [mixin/]: Renaming synthetic method lambda$registerEditedRace$4()Lxyz/pixelatedw/mineminenomi/api/charactercreator/RaceId; to mdbf7ec4$lambda$registerEditedRace$4$0 in kazimod.mixins.json:CartRaceReplace
[20Sep2026 21:11:08.529] [modloading-worker-13/DEBUG] [mixin/]: Renaming synthetic method lambda$registerEditedRace$3()Lxyz/pixelatedw/mineminenomi/api/charactercreator/RaceId; to mdbf7ec4$lambda$registerEditedRace$3$1 in kazimod.mixins.json:CartRaceReplace
[20Sep2026 21:11:08.529] [modloading-worker-13/DEBUG] [mixin/]: Renaming synthetic method lambda$registerEditedRace$2()Lxyz/pixelatedw/mineminenomi/api/charactercreator/RaceId; to mdbf7ec4$lambda$registerEditedRace$2$2 in kazimod.mixins.json:CartRaceReplace
[20Sep2026 21:11:08.529] [modloading-worker-13/DEBUG] [mixin/]: Renaming synthetic method lambda$registerEditedRace$1()Lxyz/pixelatedw/mineminenomi/api/charactercreator/RaceId; to mdbf7ec4$lambda$registerEditedRace$1$3 in kazimod.mixins.json:CartRaceReplace
[20Sep2026 21:11:08.529] [modloading-worker-13/DEBUG] [mixin/]: Renaming synthetic method lambda$registerEditedRace$0()Lxyz/pixelatedw/mineminenomi/api/charactercreator/RaceId; to mdbf7ec4$lambda$registerEditedRace$0$4 in kazimod.mixins.json:CartRaceReplace
[20Sep2026 21:11:08.712] [modloading-worker-13/DEBUG] [mixin/]: Mixing RegisterFactionMixin from cartaddon.mixins.json into xyz.pixelatedw.mineminenomi.wypi.WyRegistry
[20Sep2026 21:11:08.712] [modloading-worker-13/DEBUG] [mixin/]: Renaming synthetic method lambda$registerEditedFaction2$3(Ljava/util/function/Supplier;)Lxyz/pixelatedw/mineminenomi/api/charactercreator/FactionId; to mdbf7ec4$lambda$registerEditedFaction2$3$5 in cartaddon.mixins.json:RegisterFactionMixin
[20Sep2026 21:11:08.713] [modloading-worker-13/DEBUG] [mixin/]: Renaming synthetic method lambda$registerEditedFaction$2()Lxyz/pixelatedw/mineminenomi/api/charactercreator/FactionId; to mdbf7ec4$lambda$registerEditedFaction$2$6 in cartaddon.mixins.json:RegisterFactionMixin
[20Sep2026 21:11:08.713] [modloading-worker-13/DEBUG] [mixin/]: Renaming synthetic method lambda$registerEditedFaction$1(Ljava/util/function/Supplier;)Lxyz/pixelatedw/mineminenomi/api/charactercreator/FactionId; to mdbf7ec4$lambda$registerEditedFaction$1$7 in cartaddon.mixins.json:RegisterFactionMixin
[20Sep2026 21:11:08.713] [modloading-worker-13/DEBUG] [mixin/]: Renaming synthetic method lambda$registerEditedFaction$0(Ljava/util/function/Supplier;)Lxyz/pixelatedw/mineminenomi/api/charactercreator/FactionId; to mdbf7ec4$lambda$registerEditedFaction$0$8 in cartaddon.mixins.json:RegisterFactionMixin
[20Sep2026 21:11:08.742] [modloading-worker-13/DEBUG] [mixin/]: Mixing RegisterRaceMixin from cartaddon.mixins.json into xyz.pixelatedw.mineminenomi.wypi.WyRegistry
[20Sep2026 21:11:08.745] [modloading-worker-13/DEBUG] [mixin/]: Renaming synthetic method lambda$registerEditedRace$3()Lxyz/pixelatedw/mineminenomi/api/charactercreator/RaceId; to mdbf7ec4$lambda$registerEditedRace$3$9 in cartaddon.mixins.json:RegisterRaceMixin
[20Sep2026 21:11:08.746] [modloading-worker-13/DEBUG] [mixin/]: Renaming synthetic method lambda$registerEditedRace$2()Lxyz/pixelatedw/mineminenomi/api/charactercreator/RaceId; to mdbf7ec4$lambda$registerEditedRace$2$a in cartaddon.mixins.json:RegisterRaceMixin
[20Sep2026 21:11:08.747] [modloading-worker-13/DEBUG] [mixin/]: Renaming synthetic method lambda$registerEditedRace$1()Lxyz/pixelatedw/mineminenomi/api/charactercreator/RaceId; to mdbf7ec4$lambda$registerEditedRace$1$b in cartaddon.mixins.json:RegisterRaceMixin
[20Sep2026 21:11:08.747] [modloading-worker-13/DEBUG] [mixin/]: Renaming synthetic method lambda$registerEditedRace$0()Lxyz/pixelatedw/mineminenomi/api/charactercreator/RaceId; to mdbf7ec4$lambda$registerEditedRace$0$c in cartaddon.mixins.json:RegisterRaceMixin
[20Sep2026 21:11:08.771] [modloading-worker-13/DEBUG] [mixin/]: Mixing RegisterStyleMixin from cartaddon.mixins.json into xyz.pixelatedw.mineminenomi.wypi.WyRegistry
[20Sep2026 21:11:08.772] [modloading-worker-13/DEBUG] [mixin/]: Renaming synthetic method lambda$registerEditedStyle$4()Lxyz/pixelatedw/mineminenomi/api/charactercreator/StyleId; to mdbf7ec4$lambda$registerEditedStyle$4$d in cartaddon.mixins.json:RegisterStyleMixin
[20Sep2026 21:11:08.772] [modloading-worker-13/DEBUG] [mixin/]: Renaming synthetic method lambda$registerEditedStyle$3()Lxyz/pixelatedw/mineminenomi/api/charactercreator/StyleId; to mdbf7ec4$lambda$registerEditedStyle$3$e in cartaddon.mixins.json:RegisterStyleMixin
[20Sep2026 21:11:08.773] [modloading-worker-13/DEBUG] [mixin/]: Renaming synthetic method lambda$registerEditedStyle$2()Lxyz/pixelatedw/mineminenomi/api/charactercreator/StyleId; to mdbf7ec4$lambda$registerEditedStyle$2$f in cartaddon.mixins.json:RegisterStyleMixin
[20Sep2026 21:11:08.773] [modloading-worker-13/DEBUG] [mixin/]: Renaming synthetic method lambda$registerEditedStyle$1()Lxyz/pixelatedw/mineminenomi/api/charactercreator/StyleId; to mdbf7ec4$lambda$registerEditedStyle$1$10 in cartaddon.mixins.json:RegisterStyleMixin
[20Sep2026 21:11:08.774] [modloading-worker-13/DEBUG] [mixin/]: Renaming synthetic method lambda$registerEditedStyle$0()Lxyz/pixelatedw/mineminenomi/api/charactercreator/StyleId; to mdbf7ec4$lambda$registerEditedStyle$0$11 in cartaddon.mixins.json:RegisterStyleMixin
[20Sep2026 21:11:08.824] [modloading-worker-13/DEBUG] [mixin/]: Mixing CartStylesReplace from kazimod.mixins.json into xyz.pixelatedw.mineminenomi.wypi.WyRegistry
[20Sep2026 21:11:08.826] [modloading-worker-13/DEBUG] [mixin/]: Renaming synthetic method lambda$registerEditedStyle$9()Lxyz/pixelatedw/mineminenomi/api/charactercreator/StyleId; to mdbf7ec4$lambda$registerEditedStyle$9$12 in kazimod.mixins.json:CartStylesReplace
[20Sep2026 21:11:08.826] [modloading-worker-13/DEBUG] [mixin/]: Renaming synthetic method lambda$registerEditedStyle$8()Lxyz/pixelatedw/mineminenomi/api/charactercreator/StyleId; to mdbf7ec4$lambda$registerEditedStyle$8$13 in kazimod.mixins.json:CartStylesReplace
[20Sep2026 21:11:08.827] [modloading-worker-13/DEBUG] [mixin/]: Renaming synthetic method lambda$registerEditedStyle$7()Lxyz/pixelatedw/mineminenomi/api/charactercreator/StyleId; to mdbf7ec4$lambda$registerEditedStyle$7$14 in kazimod.mixins.json:CartStylesReplace
[20Sep2026 21:11:08.827] [modloading-worker-13/DEBUG] [mixin/]: Renaming synthetic method lambda$registerEditedStyle$6()Lxyz/pixelatedw/mineminenomi/api/charactercreator/StyleId; to mdbf7ec4$lambda$registerEditedStyle$6$15 in kazimod.mixins.json:CartStylesReplace
[20Sep2026 21:11:08.827] [modloading-worker-13/DEBUG] [mixin/]: Renaming synthetic method lambda$registerEditedStyle$5()Lxyz/pixelatedw/mineminenomi/api/charactercreator/StyleId; to mdbf7ec4$lambda$registerEditedStyle$5$16 in kazimod.mixins.json:CartStylesReplace
[20Sep2026 21:11:08.827] [modloading-worker-13/DEBUG] [mixin/]: Renaming synthetic method lambda$registerEditedStyle$4()Lxyz/pixelatedw/mineminenomi/api/charactercreator/StyleId; to mdbf7ec4$lambda$registerEditedStyle$4$17 in kazimod.mixins.json:CartStylesReplace
[20Sep2026 21:11:08.827] [modloading-worker-13/DEBUG] [mixin/]: Renaming synthetic method lambda$registerEditedStyle$3()Lxyz/pixelatedw/mineminenomi/api/charactercreator/StyleId; to mdbf7ec4$lambda$registerEditedStyle$3$18 in kazimod.mixins.json:CartStylesReplace
[20Sep2026 21:11:08.827] [modloading-worker-13/DEBUG] [mixin/]: Renaming synthetic method lambda$registerEditedStyle$2()Lxyz/pixelatedw/mineminenomi/api/charactercreator/StyleId; to mdbf7ec4$lambda$registerEditedStyle$2$19 in kazimod.mixins.json:CartStylesReplace
[20Sep2026 21:11:08.827] [modloading-worker-13/DEBUG] [mixin/]: Renaming synthetic method lambda$registerEditedStyle$1()Lxyz/pixelatedw/mineminenomi/api/charactercreator/StyleId; to mdbf7ec4$lambda$registerEditedStyle$1$1a in kazimod.mixins.json:CartStylesReplace
[20Sep2026 21:11:08.827] [modloading-worker-13/DEBUG] [mixin/]: Renaming synthetic method lambda$registerEditedStyle$0()Lxyz/pixelatedw/mineminenomi/api/charactercreator/StyleId; to mdbf7ec4$lambda$registerEditedStyle$0$1b in kazimod.mixins.json:CartStylesReplace
[20Sep2026 21:11:09.994] [modloading-worker-4/DEBUG] [net.minecraftforge.fml.config.ConfigTracker/CONFIG]: Config file kazimod.toml for kazimod tracking
[20Sep2026 21:11:10.002] [modloading-worker-4/DEBUG] [mixin/]: Mixing AbilityUnlockBlocker from kazimod.mixins.json into xyz.pixelatedw.mineminenomi.api.abilities.AbilityCore
[20Sep2026 21:11:10.145] [modloading-worker-4/DEBUG] [mixin/]: Mixing NusuAbilityCheckBypassMixin$AbilityMixin from kazimod.mixins.json into xyz.pixelatedw.mineminenomi.api.abilities.Ability
[20Sep2026 21:11:10.293] [modloading-worker-11/DEBUG] [mixin/]: Mixing StrikerBoatMixin from cartaddon.mixins.json into xyz.pixelatedw.mineminenomi.entities.StrikerEntity
[20Sep2026 21:11:10.502] [modloading-worker-9/DEBUG] [net.minecraftforge.fml.config.ConfigTracker/CONFIG]: Config file curios-client.toml for curios tracking
[20Sep2026 21:11:10.505] [modloading-worker-9/DEBUG] [net.minecraftforge.fml.config.ConfigTracker/CONFIG]: Config file curios-server.toml for curios tracking
[20Sep2026 21:11:10.510] [modloading-worker-4/DEBUG] [mixin/]: Mixing NusuAbilityCheckBypassMixin from kazimod.mixins.json into xyz.pixelatedw.mineminenomi.api.helpers.AbilityHelper
[20Sep2026 21:11:10.676] [modloading-worker-9/DEBUG] [net.minecraftforge.fml.AutomaticEventSubscriber/LOADING]: Attempting to inject @EventBusSubscriber classes into the eventbus for curios
[20Sep2026 21:11:10.807] [modloading-worker-11/DEBUG] [mixin/]: Mixing AkumaNoMiBoxMixin from kazimod.mixins.json into xyz.pixelatedw.mineminenomi.items.AkumaNoMiBoxItem
[20Sep2026 21:11:11.058] [modloading-worker-4/DEBUG] [mixin/]: Mixing PunchAbilityMixin from cartaddon.mixins.json into xyz.pixelatedw.mineminenomi.api.abilities.PunchAbility2
[20Sep2026 21:11:11.059] [modloading-worker-13/DEBUG] [net.minecraftforge.fml.config.ConfigTracker/CONFIG]: Config file cartaddon-common.toml for cartaddon tracking
[20Sep2026 21:11:11.154] [modloading-worker-13/DEBUG] [mixin/]: Mixing CartYamiAbilitiesMixin from kazimod.mixins.json into net.MrMagicalCart.cartaddon.init.ReworkAbilities
[20Sep2026 21:11:11.766] [modloading-worker-9/DEBUG] [net.minecraftforge.fml.AutomaticEventSubscriber/LOADING]: Auto-subscribing top.theillusivec4.curios.Curios$ClientProxy to MOD
[20Sep2026 21:11:11.774] [modloading-worker-13/DEBUG] [mixin/]: Mixing DamageSourceMixin from mine-mine-no-mi.mixins.json into net.minecraft.util.DamageSource
[20Sep2026 21:11:11.822] [modloading-worker-2/DEBUG] [net.minecraftforge.fml.config.ConfigTracker/CONFIG]: Config file forge-client.toml for forge tracking
[20Sep2026 21:11:11.822] [modloading-worker-2/DEBUG] [net.minecraftforge.fml.config.ConfigTracker/CONFIG]: Config file forge-server.toml for forge tracking
[20Sep2026 21:11:11.822] [modloading-worker-2/DEBUG] [net.minecraftforge.fml.config.ConfigTracker/CONFIG]: Config file forge-common.toml for forge tracking
[20Sep2026 21:11:12.185] [modloading-worker-2/DEBUG] [net.minecraftforge.fml.AutomaticEventSubscriber/LOADING]: Attempting to inject @EventBusSubscriber classes into the eventbus for forge
[20Sep2026 21:11:12.187] [modloading-worker-2/DEBUG] [net.minecraftforge.fml.AutomaticEventSubscriber/LOADING]: Auto-subscribing net.minecraftforge.common.ForgeSpawnEggItem$CommonHandler to MOD
[20Sep2026 21:11:12.194] [modloading-worker-2/DEBUG] [net.minecraftforge.fml.AutomaticEventSubscriber/LOADING]: Auto-subscribing net.minecraftforge.common.ForgeSpawnEggItem$ColorRegisterHandler to MOD
[20Sep2026 21:11:12.196] [modloading-worker-2/DEBUG] [net.minecraftforge.fml.AutomaticEventSubscriber/LOADING]: Auto-subscribing net.minecraftforge.client.model.ModelDataManager to FORGE
[20Sep2026 21:11:12.210] [modloading-worker-9/DEBUG] [net.minecraftforge.fml.AutomaticEventSubscriber/LOADING]: Auto-subscribing top.theillusivec4.curios.common.CuriosRegistry to MOD
[20Sep2026 21:11:12.340] [modloading-worker-11/DEBUG] [mixin/]: Mixing client.BipedModelMixin from mine-mine-no-mi.mixins.json into net.minecraft.client.renderer.entity.model.BipedModel
[20Sep2026 21:11:12.342] [modloading-worker-11/DEBUG] [mixin/]: Renaming synthetic method lambda$preSetupAnimation$0(Lnet/minecraft/potion/EffectInstance;)Z to mdbf7ec4$lambda$preSetupAnimation$0$0 in mine-mine-no-mi.mixins.json:client.BipedModelMixin
[20Sep2026 21:11:12.429] [modloading-worker-11/DEBUG] [mixin/]: Mixing client.AgeableModelMixin from mine-mine-no-mi.mixins.json into net.minecraft.client.renderer.entity.model.AgeableModel
[20Sep2026 21:11:12.430] [modloading-worker-11/DEBUG] [mixin/]: Renaming synthetic method lambda$renderToBuffer$3(Lcom/mojang/blaze3d/matrix/MatrixStack;Lnet/minecraft/client/renderer/entity/model/AgeableModel;Lcom/mojang/blaze3d/vertex/IVertexBuilder;IIFFFFLnet/minecraft/client/renderer/model/ModelRenderer;)V to mdbf7ec4$lambda$renderToBuffer$3$0 in mine-mine-no-mi.mixins.json:client.AgeableModelMixin
[20Sep2026 21:11:12.430] [modloading-worker-11/DEBUG] [mixin/]: Renaming synthetic method lambda$renderToBuffer$2(Lcom/mojang/blaze3d/matrix/MatrixStack;Lnet/minecraft/client/renderer/entity/model/AgeableModel;Lcom/mojang/blaze3d/vertex/IVertexBuilder;IIFFFFLnet/minecraft/client/renderer/model/ModelRenderer;)V to mdbf7ec4$lambda$renderToBuffer$2$1 in mine-mine-no-mi.mixins.json:client.AgeableModelMixin
[20Sep2026 21:11:12.430] [modloading-worker-11/DEBUG] [mixin/]: Renaming synthetic method lambda$renderToBuffer$1(Lcom/mojang/blaze3d/matrix/MatrixStack;Lnet/minecraft/client/renderer/entity/model/AgeableModel;Lcom/mojang/blaze3d/vertex/IVertexBuilder;IIFFFFLnet/minecraft/client/renderer/model/ModelRenderer;)V to mdbf7ec4$lambda$renderToBuffer$1$2 in mine-mine-no-mi.mixins.json:client.AgeableModelMixin
[20Sep2026 21:11:12.430] [modloading-worker-11/DEBUG] [mixin/]: Renaming synthetic method lambda$renderToBuffer$0(Lcom/mojang/blaze3d/matrix/MatrixStack;Lnet/minecraft/client/renderer/entity/model/AgeableModel;Lcom/mojang/blaze3d/vertex/IVertexBuilder;IIFFFFLnet/minecraft/client/renderer/model/ModelRenderer;)V to mdbf7ec4$lambda$renderToBuffer$0$3 in mine-mine-no-mi.mixins.json:client.AgeableModelMixin
[20Sep2026 21:11:12.955] [modloading-worker-4/DEBUG] [mixin/]: Mixing NusuAbilityCheckBypassMixin$RequireMorphComponentAccessor from kazimod.mixins.json into xyz.pixelatedw.mineminenomi.api.abilities.components.RequireMorphComponent
[20Sep2026 21:11:12.955] [modloading-worker-4/DEBUG] [mixin/]: Mixing NusuAbilityCheckBypassMixin$RequireMorphComponentMixin from kazimod.mixins.json into xyz.pixelatedw.mineminenomi.api.abilities.components.RequireMorphComponent
[20Sep2026 21:11:12.966] [modloading-worker-4/DEBUG] [mixin/]: Mixing MorphAbility2Accessor from kazimod.mixins.json into xyz.pixelatedw.mineminenomi.api.abilities.MorphAbility2
[20Sep2026 21:11:13.080] [modloading-worker-13/DEBUG] [mixin/]: Mixing LaserBeamDataMixin from kazimod.mixins.json into xyz.pixelatedw.mineminenomi.entities.projectiles.goro.LightningEntity
[20Sep2026 21:11:13.190] [modloading-worker-13/DEBUG] [mixin/]: Mixing LightningEntityMixin from cartaddon.mixins.json into xyz.pixelatedw.mineminenomi.entities.projectiles.goro.LightningEntity
[20Sep2026 21:11:13.190] [modloading-worker-13/DEBUG] [mixin/]: Renaming @Unique field hasToCheckForTargetZ to fdbf7ec4$hasToCheckForTarget$0 in cartaddon.mixins.json:LightningEntityMixin
[20Sep2026 21:11:13.231] [modloading-worker-11/DEBUG] [mixin/]: Mixing ReworkAbilitiesMixin from cartaddon.mixins.json into xyz.pixelatedw.mineminenomi.init.ModAbilities
[20Sep2026 21:11:13.236] [modloading-worker-11/WARN] [mixin/]: @Final field GURA_GURA_NO_MI:Lxyz/pixelatedw/mineminenomi/items/AkumaNoMiItem; in cartaddon.mixins.json:ReworkAbilitiesMixin should be final
[20Sep2026 21:11:13.236] [modloading-worker-11/WARN] [mixin/]: @Final field GASU_GASU_NO_MI:Lxyz/pixelatedw/mineminenomi/items/AkumaNoMiItem; in cartaddon.mixins.json:ReworkAbilitiesMixin should be final
[20Sep2026 21:11:13.236] [modloading-worker-11/WARN] [mixin/]: @Final field YUKI_YUKI_NO_MI:Lxyz/pixelatedw/mineminenomi/items/AkumaNoMiItem; in cartaddon.mixins.json:ReworkAbilitiesMixin should be final
[20Sep2026 21:11:13.236] [modloading-worker-11/WARN] [mixin/]: @Final field HIE_HIE_NO_MI:Lxyz/pixelatedw/mineminenomi/items/AkumaNoMiItem; in cartaddon.mixins.json:ReworkAbilitiesMixin should be final
[20Sep2026 21:11:13.237] [modloading-worker-11/WARN] [mixin/]: @Final field JIKI_JIKI_NO_MI:Lxyz/pixelatedw/mineminenomi/items/AkumaNoMiItem; in cartaddon.mixins.json:ReworkAbilitiesMixin should be final
[20Sep2026 21:11:13.237] [modloading-worker-11/WARN] [mixin/]: @Final field MOKU_MOKU_NO_MI:Lxyz/pixelatedw/mineminenomi/items/AkumaNoMiItem; in cartaddon.mixins.json:ReworkAbilitiesMixin should be final
[20Sep2026 21:11:13.237] [modloading-worker-11/WARN] [mixin/]: @Final field PIKA_PIKA_NO_MI:Lxyz/pixelatedw/mineminenomi/items/AkumaNoMiItem; in cartaddon.mixins.json:ReworkAbilitiesMixin should be final
[20Sep2026 21:11:13.237] [modloading-worker-11/WARN] [mixin/]: @Final field HITO_HITO_NO_MI_DAIBUTSU:Lxyz/pixelatedw/mineminenomi/items/AkumaNoMiItem; in cartaddon.mixins.json:ReworkAbilitiesMixin should be final
[20Sep2026 21:11:13.237] [modloading-worker-11/WARN] [mixin/]: @Final field KIRA_KIRA_NO_MI:Lxyz/pixelatedw/mineminenomi/items/AkumaNoMiItem; in cartaddon.mixins.json:ReworkAbilitiesMixin should be final
[20Sep2026 21:11:13.237] [modloading-worker-11/WARN] [mixin/]: @Final field DOKU_DOKU_NO_MI:Lxyz/pixelatedw/mineminenomi/items/AkumaNoMiItem; in cartaddon.mixins.json:ReworkAbilitiesMixin should be final
[20Sep2026 21:11:13.237] [modloading-worker-11/WARN] [mixin/]: @Final field MAGU_MAGU_NO_MI:Lxyz/pixelatedw/mineminenomi/items/AkumaNoMiItem; in cartaddon.mixins.json:ReworkAbilitiesMixin should be final
[20Sep2026 21:11:13.237] [modloading-worker-11/WARN] [mixin/]: @Final field TORI_TORI_NO_MI_PHOENIX:Lxyz/pixelatedw/mineminenomi/items/AkumaNoMiItem; in cartaddon.mixins.json:ReworkAbilitiesMixin should be final
[20Sep2026 21:11:13.237] [modloading-worker-11/WARN] [mixin/]: @Final field GORO_GORO_NO_MI:Lxyz/pixelatedw/mineminenomi/items/AkumaNoMiItem; in cartaddon.mixins.json:ReworkAbilitiesMixin should be final
[20Sep2026 21:11:13.237] [modloading-worker-11/WARN] [mixin/]: @Final field GOE_GOE_NO_MI:Lxyz/pixelatedw/mineminenomi/items/AkumaNoMiItem; in cartaddon.mixins.json:ReworkAbilitiesMixin should be final
[20Sep2026 21:11:13.237] [modloading-worker-11/WARN] [mixin/]: @Final field CHIYU_CHIYU_NO_MI:Lxyz/pixelatedw/mineminenomi/items/AkumaNoMiItem; in cartaddon.mixins.json:ReworkAbilitiesMixin should be final
[20Sep2026 21:11:13.237] [modloading-worker-11/WARN] [mixin/]: @Final field NIKYU_NIKYU_NO_MI:Lxyz/pixelatedw/mineminenomi/items/AkumaNoMiItem; in cartaddon.mixins.json:ReworkAbilitiesMixin should be final
[20Sep2026 21:11:13.237] [modloading-worker-11/WARN] [mixin/]: @Final field SUNA_SUNA_NO_MI:Lxyz/pixelatedw/mineminenomi/items/AkumaNoMiItem; in cartaddon.mixins.json:ReworkAbilitiesMixin should be final
[20Sep2026 21:11:13.237] [modloading-worker-11/WARN] [mixin/]: @Final field RYU_RYU_NO_MI_PTERANODON:Lxyz/pixelatedw/mineminenomi/items/AkumaNoMiItem; in cartaddon.mixins.json:ReworkAbilitiesMixin should be final
[20Sep2026 21:11:13.237] [modloading-worker-11/WARN] [mixin/]: @Final field MINI_MINI_NO_MI:Lxyz/pixelatedw/mineminenomi/items/AkumaNoMiItem; in cartaddon.mixins.json:ReworkAbilitiesMixin should be final
[20Sep2026 21:11:13.238] [modloading-worker-11/WARN] [mixin/]: @Final field OTO_OTO_NO_MI:Lxyz/pixelatedw/mineminenomi/items/AkumaNoMiItem; in cartaddon.mixins.json:ReworkAbilitiesMixin should be final
[20Sep2026 21:11:13.238] [modloading-worker-11/WARN] [mixin/]: @Final field SARA_SARA_NO_MI_AXOLOTL:Lxyz/pixelatedw/mineminenomi/items/AkumaNoMiItem; in cartaddon.mixins.json:ReworkAbilitiesMixin should be final
[20Sep2026 21:11:13.238] [modloading-worker-11/WARN] [mixin/]: @Final field OPE_OPE_NO_MI:Lxyz/pixelatedw/mineminenomi/items/AkumaNoMiItem; in cartaddon.mixins.json:ReworkAbilitiesMixin should be final
[20Sep2026 21:11:13.238] [modloading-worker-11/WARN] [mixin/]: @Final field RYU_RYU_NO_MI_BRACHIOSAURUS:Lxyz/pixelatedw/mineminenomi/items/AkumaNoMiItem; in cartaddon.mixins.json:ReworkAbilitiesMixin should be final
[20Sep2026 21:11:13.238] [modloading-worker-11/WARN] [mixin/]: @Final field KAGE_KAGE_NO_MI:Lxyz/pixelatedw/mineminenomi/items/AkumaNoMiItem; in cartaddon.mixins.json:ReworkAbilitiesMixin should be final
[20Sep2026 21:11:13.238] [modloading-worker-11/WARN] [mixin/]: @Final field ITO_ITO_NO_MI:Lxyz/pixelatedw/mineminenomi/items/AkumaNoMiItem; in cartaddon.mixins.json:ReworkAbilitiesMixin should be final
[20Sep2026 21:11:13.238] [modloading-worker-11/WARN] [mixin/]: @Final field DEKA_DEKA_NO_MI:Lxyz/pixelatedw/mineminenomi/items/AkumaNoMiItem; in cartaddon.mixins.json:ReworkAbilitiesMixin should be final
[20Sep2026 21:11:13.238] [modloading-worker-11/WARN] [mixin/]: @Final field MERA_MERA_NO_MI:Lxyz/pixelatedw/mineminenomi/items/AkumaNoMiItem; in cartaddon.mixins.json:ReworkAbilitiesMixin should be final
[20Sep2026 21:11:13.238] [modloading-worker-11/WARN] [mixin/]: @Final field RYU_RYU_NO_MI_ALLOSAURUS:Lxyz/pixelatedw/mineminenomi/items/AkumaNoMiItem; in cartaddon.mixins.json:ReworkAbilitiesMixin should be final
[20Sep2026 21:11:13.238] [modloading-worker-11/WARN] [mixin/]: @Final field DORU_DORU_NO_MI:Lxyz/pixelatedw/mineminenomi/items/AkumaNoMiItem; in cartaddon.mixins.json:ReworkAbilitiesMixin should be final
[20Sep2026 21:11:13.238] [modloading-worker-11/WARN] [mixin/]: @Final field YAMI_YAMI_NO_MI:Lxyz/pixelatedw/mineminenomi/items/AkumaNoMiItem; in cartaddon.mixins.json:ReworkAbilitiesMixin should be final
[20Sep2026 21:11:13.873] [modloading-worker-4/DEBUG] [mixin/]: Mixing NusuAbilityCheckBypassMixin$RequireAbilityComponentAccessor from kazimod.mixins.json into xyz.pixelatedw.mineminenomi.api.abilities.components.RequireAbilityComponent
[20Sep2026 21:11:13.873] [modloading-worker-4/DEBUG] [mixin/]: Mixing NusuAbilityCheckBypassMixin$RequireAbilityComponentMixin from kazimod.mixins.json into xyz.pixelatedw.mineminenomi.api.abilities.components.RequireAbilityComponent
[20Sep2026 21:11:13.978] [modloading-worker-11/DEBUG] [mixin/]: Mixing NusuAbilityCheckBypassMixin$FreeSwimmingAbilityAccessor from kazimod.mixins.json into xyz.pixelatedw.mineminenomi.abilities.sui.FreeSwimmingAbility
[20Sep2026 21:11:14.510] [modloading-worker-13/DEBUG] [mixin/]: Mixing NusuAbilityCheckBypassMixin$NightmareSoldiersMixin from kazimod.mixins.json into xyz.pixelatedw.mineminenomi.abilities.kage.NightmareSoldiersAbility
[20Sep2026 21:11:14.738] [modloading-worker-11/DEBUG] [mixin/]: Mixing GomuGatlingMixin from cartaddon.mixins.json into xyz.pixelatedw.mineminenomi.abilities.gomu.GomuGomuNoGatlingAbility
[20Sep2026 21:11:15.111] [modloading-worker-11/DEBUG] [mixin/]: Mixing SoruUnlockMixin from cartaddon.mixins.json into xyz.pixelatedw.mineminenomi.abilities.rokushiki.SoruAbility
[20Sep2026 21:11:15.133] [modloading-worker-11/DEBUG] [mixin/]: Mixing TekkaiUnlockMixin from cartaddon.mixins.json into xyz.pixelatedw.mineminenomi.abilities.rokushiki.TekkaiAbility
[20Sep2026 21:11:15.247] [modloading-worker-11/DEBUG] [mixin/]: Mixing ShiganUnlockMixin from cartaddon.mixins.json into xyz.pixelatedw.mineminenomi.abilities.rokushiki.ShiganAbility
[20Sep2026 21:11:15.337] [modloading-worker-11/DEBUG] [mixin/]: Mixing RankyakuUnlockMixin from cartaddon.mixins.json into xyz.pixelatedw.mineminenomi.abilities.rokushiki.RankyakuAbility
[20Sep2026 21:11:15.402] [modloading-worker-11/DEBUG] [mixin/]: Mixing KamiEUnlockMixin from cartaddon.mixins.json into xyz.pixelatedw.mineminenomi.abilities.rokushiki.KamieAbility
[20Sep2026 21:11:15.496] [modloading-worker-11/DEBUG] [mixin/]: Mixing GeppoUnlockMixin from cartaddon.mixins.json into xyz.pixelatedw.mineminenomi.abilities.rokushiki.GeppoAbility
[20Sep2026 21:11:15.523] [modloading-worker-11/DEBUG] [mixin/]: Mixing RokuoganUnlockMixin from cartaddon.mixins.json into xyz.pixelatedw.mineminenomi.abilities.rokushiki.RokuoganAbility
[20Sep2026 21:11:15.975] [modloading-worker-11/DEBUG] [mixin/]: Mixing OtatsumakiMixin from cartaddon.mixins.json into xyz.pixelatedw.mineminenomi.abilities.swordsman.OTatsumakiAbility
[20Sep2026 21:11:16.655] [modloading-worker-11/DEBUG] [mixin/]: Mixing NusuAbilityCheckBypassMixin$GenkotsuMeteorMixin from kazimod.mixins.json into xyz.pixelatedw.mineminenomi.abilities.brawler.GenkotsuMeteorAbility
[20Sep2026 21:11:16.826] [modloading-worker-11/DEBUG] [mixin/]: Mixing ColaBackpackBonusMixin from cartaddon.mixins.json into xyz.pixelatedw.mineminenomi.abilities.cyborg.ColaBackpackBonusAbility
[20Sep2026 21:11:18.500] [modloading-worker-4/DEBUG] [mixin/]: Mixing client.LivingRendererMixin from mine-mine-no-mi.mixins.json into net.minecraft.client.renderer.entity.LivingRenderer
[20Sep2026 21:11:18.502] [modloading-worker-4/DEBUG] [mixin/]: Renaming synthetic method lambda$applyRotations$0(Lnet/minecraft/potion/EffectInstance;)Z to mdbf7ec4$lambda$applyRotations$0$0 in mine-mine-no-mi.mixins.json:client.LivingRendererMixin
[20Sep2026 21:11:18.508] [modloading-worker-4/DEBUG] [mixin/]: Mixing client.ILivingRendererMixin from mine-mine-no-mi.mixins.json into net.minecraft.client.renderer.entity.LivingRenderer
[20Sep2026 21:11:18.917] [modloading-worker-11/DEBUG] [mixin/]: Mixing WeatherCloudParticleMixin from cartaddon.mixins.json into xyz.pixelatedw.mineminenomi.particles.effects.artofweather.WeatherCloudParticleEffect
[20Sep2026 21:11:19.320] [modloading-worker-4/INFO] [net.kazi.kazimod.KaziMod/]: kazimod constructed
[20Sep2026 21:11:19.321] [modloading-worker-4/DEBUG] [net.minecraftforge.fml.AutomaticEventSubscriber/LOADING]: Attempting to inject @EventBusSubscriber classes into the eventbus for kazimod
[20Sep2026 21:11:19.321] [modloading-worker-4/DEBUG] [net.minecraftforge.fml.AutomaticEventSubscriber/LOADING]: Auto-subscribing net.kazi.kazimod.abilities.HieRework.IceAgeRework$CleanupHandler to FORGE
[20Sep2026 21:11:19.327] [modloading-worker-4/DEBUG] [net.minecraftforge.fml.AutomaticEventSubscriber/LOADING]: Auto-subscribing net.kazi.kazimod.abilities.SupaRework.RealityMarbleAbility$LogoutCleanupHandler to FORGE
[20Sep2026 21:11:19.345] [modloading-worker-4/DEBUG] [net.minecraftforge.fml.AutomaticEventSubscriber/LOADING]: Auto-subscribing net.kazi.kazimod.abilities.Toki.TimeBarAbility to FORGE
[20Sep2026 21:11:19.360] [modloading-worker-4/DEBUG] [net.minecraftforge.fml.AutomaticEventSubscriber/LOADING]: Auto-subscribing net.kazi.kazimod.abilities.VampAwaken.SoulsPassive to FORGE
[20Sep2026 21:11:19.361] [modloading-worker-4/DEBUG] [net.minecraftforge.fml.AutomaticEventSubscriber/LOADING]: Auto-subscribing net.kazi.kazimod.abilities.YamiRework.BlackHoleRework$CleanupHandler to FORGE
[20Sep2026 21:11:19.365] [modloading-worker-4/DEBUG] [net.minecraftforge.fml.AutomaticEventSubscriber/LOADING]: Auto-subscribing net.kazi.kazimod.api.KaziRegistries to FORGE
[20Sep2026 21:11:19.365] [modloading-worker-4/DEBUG] [net.minecraftforge.fml.AutomaticEventSubscriber/LOADING]: Auto-subscribing net.kazi.kazimod.client.CameraShakeHandler to FORGE
[20Sep2026 21:11:19.369] [modloading-worker-4/DEBUG] [mixin/]: Mixing client.GameRendererMixin from mine-mine-no-mi.mixins.json into net.minecraft.client.renderer.GameRenderer
[20Sep2026 21:11:19.645] [modloading-worker-4/DEBUG] [mixin/]: Mixing client.ActiveRenderInfoMixin from mine-mine-no-mi.mixins.json into net.minecraft.client.renderer.ActiveRenderInfo
[20Sep2026 21:11:19.649] [modloading-worker-4/WARN] [mixin/]: @Final field forwards:Lnet/minecraft/util/math/vector/Vector3f; in mine-mine-no-mi.mixins.json:client.ActiveRenderInfoMixin should be final
[20Sep2026 21:11:19.783] [modloading-worker-4/DEBUG] [net.minecraftforge.fml.AutomaticEventSubscriber/LOADING]: Auto-subscribing net.kazi.kazimod.client.ModKeybinds to FORGE
[20Sep2026 21:11:19.785] [modloading-worker-4/DEBUG] [net.minecraftforge.fml.AutomaticEventSubscriber/LOADING]: Auto-subscribing net.kazi.kazimod.effects.ClientBeamVisuals to FORGE
[20Sep2026 21:11:19.787] [modloading-worker-4/DEBUG] [net.minecraftforge.fml.AutomaticEventSubscriber/LOADING]: Auto-subscribing net.kazi.kazimod.effects.EnhancementCameraEffects to FORGE
[20Sep2026 21:11:19.790] [modloading-worker-4/DEBUG] [net.minecraftforge.fml.AutomaticEventSubscriber/LOADING]: Auto-subscribing net.kazi.kazimod.effects.EnteiCameraEffects to FORGE
[20Sep2026 21:11:19.864] [modloading-worker-4/DEBUG] [net.minecraftforge.fml.AutomaticEventSubscriber/LOADING]: Auto-subscribing net.kazi.kazimod.effects.FlashbangEffect to FORGE
[20Sep2026 21:11:19.869] [modloading-worker-4/DEBUG] [net.minecraftforge.fml.AutomaticEventSubscriber/LOADING]: Auto-subscribing net.kazi.kazimod.effects.KamaCameraEffects to FORGE
[20Sep2026 21:11:19.870] [modloading-worker-4/DEBUG] [net.minecraftforge.fml.AutomaticEventSubscriber/LOADING]: Auto-subscribing net.kazi.kazimod.effects.KokuCameraEffects to FORGE
[20Sep2026 21:11:19.872] [modloading-worker-4/DEBUG] [net.minecraftforge.fml.AutomaticEventSubscriber/LOADING]: Auto-subscribing net.kazi.kazimod.effects.LostWorksFruitLockEffect to FORGE
[20Sep2026 21:11:19.874] [modloading-worker-4/DEBUG] [net.minecraftforge.fml.AutomaticEventSubscriber/LOADING]: Auto-subscribing net.kazi.kazimod.effects.RealityMarbleMusic to FORGE
[20Sep2026 21:11:19.878] [modloading-worker-4/DEBUG] [net.minecraftforge.fml.AutomaticEventSubscriber/LOADING]: Auto-subscribing net.kazi.kazimod.effects.ShrineSkyEffects to FORGE
[20Sep2026 21:11:19.881] [modloading-worker-4/DEBUG] [net.minecraftforge.fml.AutomaticEventSubscriber/LOADING]: Auto-subscribing net.kazi.kazimod.entities.projectiles.BigGomuReworkProjectiles to MOD
[20Sep2026 21:11:19.885] [modloading-worker-4/DEBUG] [net.minecraftforge.fml.AutomaticEventSubscriber/LOADING]: Auto-subscribing net.kazi.kazimod.entities.projectiles.BomuProjectiles to MOD
[20Sep2026 21:11:19.887] [modloading-worker-4/DEBUG] [net.minecraftforge.fml.AutomaticEventSubscriber/LOADING]: Auto-subscribing net.kazi.kazimod.entities.projectiles.GojoProjectiles to MOD
[20Sep2026 21:11:19.891] [modloading-worker-4/DEBUG] [net.minecraftforge.fml.AutomaticEventSubscriber/LOADING]: Auto-subscribing net.kazi.kazimod.entities.projectiles.GomuReworkProjectiles to MOD
[20Sep2026 21:11:19.892] [modloading-worker-4/DEBUG] [net.minecraftforge.fml.AutomaticEventSubscriber/LOADING]: Auto-subscribing net.kazi.kazimod.entities.projectiles.HoroReworkProjectiles to MOD
[20Sep2026 21:11:19.958] [modloading-worker-4/DEBUG] [net.minecraftforge.fml.AutomaticEventSubscriber/LOADING]: Auto-subscribing net.kazi.kazimod.entities.projectiles.JikiReworkProjectiles to MOD
[20Sep2026 21:11:19.960] [modloading-worker-4/DEBUG] [net.minecraftforge.fml.AutomaticEventSubscriber/LOADING]: Auto-subscribing net.kazi.kazimod.entities.projectiles.KachiProjectiles to MOD
[20Sep2026 21:11:19.962] [modloading-worker-4/DEBUG] [net.minecraftforge.fml.AutomaticEventSubscriber/LOADING]: Auto-subscribing net.kazi.kazimod.entities.projectiles.KarmaProjectiles to MOD
[20Sep2026 21:11:19.964] [modloading-worker-4/DEBUG] [net.minecraftforge.fml.AutomaticEventSubscriber/LOADING]: Auto-subscribing net.kazi.kazimod.entities.projectiles.NikyuReworkProjectiles to MOD
[20Sep2026 21:11:19.967] [modloading-worker-4/DEBUG] [net.minecraftforge.fml.AutomaticEventSubscriber/LOADING]: Auto-subscribing net.kazi.kazimod.entities.projectiles.TenkiProjectiles to MOD
[20Sep2026 21:11:19.970] [modloading-worker-4/DEBUG] [net.minecraftforge.fml.AutomaticEventSubscriber/LOADING]: Auto-subscribing net.kazi.kazimod.entities.projectiles.TokiProjectiles to MOD
[20Sep2026 21:11:19.971] [modloading-worker-4/DEBUG] [net.minecraftforge.fml.AutomaticEventSubscriber/LOADING]: Auto-subscribing net.kazi.kazimod.events.AwakeningAbilityLoginFix to FORGE
[20Sep2026 21:11:19.971] [modloading-worker-4/DEBUG] [net.minecraftforge.fml.AutomaticEventSubscriber/LOADING]: Auto-subscribing net.kazi.kazimod.events.AwakeningTrialLifecycleHandler to FORGE
[20Sep2026 21:11:19.974] [modloading-worker-4/DEBUG] [net.minecraftforge.fml.AutomaticEventSubscriber/LOADING]: Auto-subscribing net.kazi.kazimod.events.DomainClashManager to FORGE
[20Sep2026 21:11:19.977] [modloading-worker-4/DEBUG] [net.minecraftforge.fml.AutomaticEventSubscriber/LOADING]: Auto-subscribing net.kazi.kazimod.events.EnteiVisualEvents to FORGE
[20Sep2026 21:11:20.020] [modloading-worker-4/DEBUG] [mixin/]: Mixing IExplosionMixin from mine-mine-no-mi.mixins.json into net.minecraft.world.Explosion
[20Sep2026 21:11:20.093] [modloading-worker-4/DEBUG] [net.minecraftforge.fml.AutomaticEventSubscriber/LOADING]: Auto-subscribing net.kazi.kazimod.events.handlers.BootBoostFallHandler to FORGE
[20Sep2026 21:11:20.094] [modloading-worker-4/DEBUG] [net.minecraftforge.fml.AutomaticEventSubscriber/LOADING]: Auto-subscribing net.kazi.kazimod.events.handlers.DevilFruitDamageMultiplierHandler to FORGE
[20Sep2026 21:11:20.167] [modloading-worker-4/DEBUG] [net.minecraftforge.fml.AutomaticEventSubscriber/LOADING]: Auto-subscribing net.kazi.kazimod.events.handlers.DomainClashTickHandler to FORGE
[20Sep2026 21:11:20.169] [modloading-worker-4/DEBUG] [net.minecraftforge.fml.AutomaticEventSubscriber/LOADING]: Auto-subscribing net.kazi.kazimod.events.handlers.EnhancedMovementEventHandler to FORGE
[20Sep2026 21:11:20.171] [modloading-worker-4/DEBUG] [net.minecraftforge.fml.AutomaticEventSubscriber/LOADING]: Auto-subscribing net.kazi.kazimod.events.handlers.EntitySizeHandler to FORGE
[20Sep2026 21:11:20.171] [modloading-worker-4/DEBUG] [net.minecraftforge.fml.AutomaticEventSubscriber/LOADING]: Auto-subscribing net.kazi.kazimod.events.handlers.GearFifthEvents to FORGE
[20Sep2026 21:11:20.173] [modloading-worker-4/DEBUG] [net.minecraftforge.fml.AutomaticEventSubscriber/LOADING]: Auto-subscribing net.kazi.kazimod.events.handlers.GrabCameraCleanupHandler to FORGE
[20Sep2026 21:11:20.176] [modloading-worker-4/DEBUG] [net.minecraftforge.fml.AutomaticEventSubscriber/LOADING]: Auto-subscribing net.kazi.kazimod.events.handlers.MiniaturizedEventHandler to FORGE
[20Sep2026 21:11:20.178] [modloading-worker-4/DEBUG] [net.minecraftforge.fml.AutomaticEventSubscriber/LOADING]: Auto-subscribing net.kazi.kazimod.events.handlers.MorphAbilityCleanupHandler to FORGE
[20Sep2026 21:11:20.180] [modloading-worker-4/DEBUG] [net.minecraftforge.fml.AutomaticEventSubscriber/LOADING]: Auto-subscribing net.kazi.kazimod.events.handlers.MutualExclusionEffectHandler to FORGE
[20Sep2026 21:11:20.182] [modloading-worker-4/DEBUG] [net.minecraftforge.fml.AutomaticEventSubscriber/LOADING]: Auto-subscribing net.kazi.kazimod.events.handlers.PairedSwordsHandRenderer to FORGE
[20Sep2026 21:11:20.267] [modloading-worker-4/DEBUG] [net.minecraftforge.coremod.transformer.CoreModBaseTransformer/COREMOD]: Transforming getArmPose with desc (Lnet/minecraft/client/entity/player/AbstractClientPlayerEntity;Lnet/minecraft/util/Hand;)Lnet/minecraft/client/renderer/entity/model/BipedModel$ArmPose;
[20Sep2026 21:11:20.281] [modloading-worker-4/DEBUG] [net.minecraftforge.fml.AutomaticEventSubscriber/LOADING]: Auto-subscribing net.kazi.kazimod.events.handlers.PairedSwordsTooltip to FORGE
[20Sep2026 21:11:20.285] [modloading-worker-4/DEBUG] [net.minecraftforge.fml.AutomaticEventSubscriber/LOADING]: Auto-subscribing net.kazi.kazimod.events.handlers.SizeEffectHandler to FORGE
[20Sep2026 21:11:20.285] [modloading-worker-4/DEBUG] [net.minecraftforge.fml.AutomaticEventSubscriber/LOADING]: Auto-subscribing net.kazi.kazimod.events.handlers.WeakenedMovementEventHandler to FORGE
[20Sep2026 21:11:20.287] [modloading-worker-4/DEBUG] [net.minecraftforge.fml.AutomaticEventSubscriber/LOADING]: Auto-subscribing net.kazi.kazimod.events.KirinSleepRecovery to FORGE
[20Sep2026 21:11:20.291] [modloading-worker-4/DEBUG] [net.minecraftforge.fml.AutomaticEventSubscriber/LOADING]: Auto-subscribing net.kazi.kazimod.events.RemoteBanlistLifecycle to FORGE
[20Sep2026 21:11:20.294] [modloading-worker-4/DEBUG] [net.minecraftforge.fml.AutomaticEventSubscriber/LOADING]: Auto-subscribing net.kazi.kazimod.events.SupaBalanceMigration to FORGE
[20Sep2026 21:11:20.296] [modloading-worker-4/DEBUG] [net.minecraftforge.fml.AutomaticEventSubscriber/LOADING]: Auto-subscribing net.kazi.kazimod.events.VegapunkTraderSpawnHandler to FORGE
[20Sep2026 21:11:20.299] [modloading-worker-4/DEBUG] [net.minecraftforge.fml.AutomaticEventSubscriber/LOADING]: Auto-subscribing net.kazi.kazimod.events.YamiReworkMigration to FORGE
[20Sep2026 21:11:20.302] [modloading-worker-4/DEBUG] [net.minecraftforge.fml.AutomaticEventSubscriber/LOADING]: Auto-subscribing net.kazi.kazimod.events.ZushiVisualEvents to FORGE
[20Sep2026 21:11:20.416] [modloading-worker-4/DEBUG] [net.minecraftforge.fml.AutomaticEventSubscriber/LOADING]: Auto-subscribing net.kazi.kazimod.init.KaziAttributes$Setup to MOD
[20Sep2026 21:11:20.418] [modloading-worker-4/DEBUG] [net.minecraftforge.fml.AutomaticEventSubscriber/LOADING]: Auto-subscribing net.kazi.kazimod.init.KaziLayers to MOD
[20Sep2026 21:11:20.422] [modloading-worker-4/DEBUG] [net.minecraftforge.fml.AutomaticEventSubscriber/LOADING]: Auto-subscribing net.kazi.kazimod.init.KaziMorphs to MOD
[20Sep2026 21:11:20.424] [modloading-worker-4/DEBUG] [net.minecraftforge.fml.AutomaticEventSubscriber/LOADING]: Auto-subscribing net.kazi.kazimod.init.KaziParticleTypesClient to MOD
[20Sep2026 21:11:20.425] [modloading-worker-4/DEBUG] [net.minecraftforge.fml.AutomaticEventSubscriber/LOADING]: Auto-subscribing net.kazi.kazimod.init.KaziRenderers to MOD
[20Sep2026 21:11:20.430] [modloading-worker-4/DEBUG] [net.minecraftforge.fml.AutomaticEventSubscriber/LOADING]: Auto-subscribing net.kazi.kazimod.renderers.effects.TiredEffectRenderer to FORGE
[20Sep2026 21:11:20.431] [modloading-worker-4/DEBUG] [net.minecraftforge.fml.AutomaticEventSubscriber/LOADING]: Auto-subscribing net.kazi.kazimod.renderers.entities.AfterImageRenderHandler to FORGE
[20Sep2026 21:11:20.437] [modloading-worker-4/DEBUG] [mixin/]: Mixing client.WorldRendererMixin from mine-mine-no-mi.mixins.json into net.minecraft.client.renderer.WorldRenderer
[20Sep2026 21:11:20.508] [modloading-worker-4/DEBUG] [net.minecraftforge.coremod.transformer.CoreModBaseTransformer/COREMOD]: Transforming getFieldOfViewModifier with desc ()F
[20Sep2026 21:11:20.511] [modloading-worker-4/DEBUG] [mixin/]: Mixing client.IWorldRendererMixin from mine-mine-no-mi.mixins.json into net.minecraft.client.renderer.WorldRenderer
[20Sep2026 21:11:21.260] [modloading-worker-4/DEBUG] [mixin/]: ArgsClassGenerator assigning org.spongepowered.asm.synthetic.args.Args$2 for descriptor (Lnet/minecraft/entity/Entity;DDDFLcom/mojang/blaze3d/matrix/MatrixStack;Lnet/minecraft/client/renderer/IRenderTypeBuffer;)V
[20Sep2026 21:11:21.298] [modloading-worker-4/DEBUG] [net.minecraftforge.fml.AutomaticEventSubscriber/LOADING]: Auto-subscribing net.kazi.kazimod.setup.KaziDickSetup to MOD
[20Sep2026 21:11:21.982] [modloading-worker-11/DEBUG] [net.minecraftforge.fml.config.ConfigTracker/CONFIG]: Config file mineminenomi-common.toml for mineminenomi tracking
[20Sep2026 21:11:21.988] [modloading-worker-11/DEBUG] [net.minecraftforge.fml.config.ConfigTracker/CONFIG]: Config file mineminenomi-client.toml for mineminenomi tracking
[20Sep2026 21:11:21.990] [modloading-worker-11/INFO] [xyz.pixelatedw.mineminenomi.ModMain/]: Permissions registered:
[20Sep2026 21:11:21.994] [modloading-worker-11/INFO] [xyz.pixelatedw.mineminenomi.ModMain/]:   mineminenomi.command.ability
[20Sep2026 21:11:21.994] [modloading-worker-11/INFO] [xyz.pixelatedw.mineminenomi.ModMain/]:   mineminenomi.command.ability.reset_cooldown
[20Sep2026 21:11:21.994] [modloading-worker-11/INFO] [xyz.pixelatedw.mineminenomi.ModMain/]:   mineminenomi.command.ability_protection
[20Sep2026 21:11:21.994] [modloading-worker-11/INFO] [xyz.pixelatedw.mineminenomi.ModMain/]:   mineminenomi.command.belly
[20Sep2026 21:11:21.994] [modloading-worker-11/INFO] [xyz.pixelatedw.mineminenomi.ModMain/]:   mineminenomi.command.bounty
[20Sep2026 21:11:21.994] [modloading-worker-11/INFO] [xyz.pixelatedw.mineminenomi.ModMain/]:   mineminenomi.command.challenge
[20Sep2026 21:11:21.994] [modloading-worker-11/INFO] [xyz.pixelatedw.mineminenomi.ModMain/]:   mineminenomi.command.change_character
[20Sep2026 21:11:21.994] [modloading-worker-11/INFO] [xyz.pixelatedw.mineminenomi.ModMain/]:   mineminenomi.command.check_fruits.history
[20Sep2026 21:11:21.994] [modloading-worker-11/INFO] [xyz.pixelatedw.mineminenomi.ModMain/]:   mineminenomi.command.check_fruits.list
[20Sep2026 21:11:21.994] [modloading-worker-11/INFO] [xyz.pixelatedw.mineminenomi.ModMain/]:   mineminenomi.command.check_player
[20Sep2026 21:11:21.994] [modloading-worker-11/INFO] [xyz.pixelatedw.mineminenomi.ModMain/]:   mineminenomi.command.doriki
[20Sep2026 21:11:21.995] [modloading-worker-11/INFO] [xyz.pixelatedw.mineminenomi.ModMain/]:   mineminenomi.command.events
[20Sep2026 21:11:21.995] [modloading-worker-11/INFO] [xyz.pixelatedw.mineminenomi.ModMain/]:   mineminenomi.command.extol
[20Sep2026 21:11:21.995] [modloading-worker-11/INFO] [xyz.pixelatedw.mineminenomi.ModMain/]:   mineminenomi.command.hakiexp
[20Sep2026 21:11:21.995] [modloading-worker-11/INFO] [xyz.pixelatedw.mineminenomi.ModMain/]:   mineminenomi.command.issue_bounty
[20Sep2026 21:11:21.995] [modloading-worker-11/INFO] [xyz.pixelatedw.mineminenomi.ModMain/]:   mineminenomi.command.loyalty
[20Sep2026 21:11:21.995] [modloading-worker-11/INFO] [xyz.pixelatedw.mineminenomi.ModMain/]:   mineminenomi.command.quest
[20Sep2026 21:11:21.995] [modloading-worker-11/INFO] [xyz.pixelatedw.mineminenomi.ModMain/]:   mineminenomi.command.removedf
[20Sep2026 21:11:21.995] [modloading-worker-11/INFO] [xyz.pixelatedw.mineminenomi.ModMain/]:   mineminenomi.command.removedf.self
[20Sep2026 21:11:21.995] [modloading-worker-11/INFO] [xyz.pixelatedw.mineminenomi.ModMain/]:   mineminenomi.item.buster_call
[20Sep2026 21:11:21.996] [modloading-worker-11/DEBUG] [net.minecraftforge.fml.AutomaticEventSubscriber/LOADING]: Attempting to inject @EventBusSubscriber classes into the eventbus for mineminenomi
[20Sep2026 21:11:21.997] [modloading-worker-11/DEBUG] [net.minecraftforge.fml.AutomaticEventSubscriber/LOADING]: Auto-subscribing xyz.pixelatedw.mineminenomi.abilities.nagi.SilentAbility$SilentAbilityClientEvents to FORGE
[20Sep2026 21:11:22.001] [modloading-worker-11/DEBUG] [net.minecraftforge.fml.AutomaticEventSubscriber/LOADING]: Auto-subscribing xyz.pixelatedw.mineminenomi.abilities.nagi.SilentAbility$SilentAbilityServerEvents to FORGE
[20Sep2026 21:11:22.144] [modloading-worker-11/DEBUG] [net.minecraftforge.fml.AutomaticEventSubscriber/LOADING]: Auto-subscribing xyz.pixelatedw.mineminenomi.events.EffectsEvents$Common to FORGE
[20Sep2026 21:11:22.160] [modloading-worker-11/DEBUG] [net.minecraftforge.fml.AutomaticEventSubscriber/LOADING]: Auto-subscribing xyz.pixelatedw.mineminenomi.events.EffectsEvents$Client to FORGE
[20Sep2026 21:11:22.163] [modloading-worker-11/DEBUG] [net.minecraftforge.fml.AutomaticEventSubscriber/LOADING]: Auto-subscribing xyz.pixelatedw.mineminenomi.events.devilfruits.OneFruitPerWorldEvents to FORGE
[20Sep2026 21:11:22.175] [modloading-worker-11/DEBUG] [net.minecraftforge.fml.AutomaticEventSubscriber/LOADING]: Auto-subscribing xyz.pixelatedw.mineminenomi.events.devilfruits.DFWeaknessesEvents to FORGE
[20Sep2026 21:11:22.304] [modloading-worker-11/DEBUG] [net.minecraftforge.fml.AutomaticEventSubscriber/LOADING]: Auto-subscribing xyz.pixelatedw.mineminenomi.events.devilfruits.RandomFruitEvents$Common to FORGE
[20Sep2026 21:11:22.306] [modloading-worker-11/DEBUG] [net.minecraftforge.fml.AutomaticEventSubscriber/LOADING]: Auto-subscribing xyz.pixelatedw.mineminenomi.events.devilfruits.DFUserDeathEvents to FORGE
[20Sep2026 21:11:22.307] [modloading-worker-11/DEBUG] [net.minecraftforge.fml.AutomaticEventSubscriber/LOADING]: Auto-subscribing xyz.pixelatedw.mineminenomi.events.devilfruits.RandomFruitEvents$Client to FORGE
[20Sep2026 21:11:22.308] [modloading-worker-11/DEBUG] [net.minecraftforge.fml.AutomaticEventSubscriber/LOADING]: Auto-subscribing xyz.pixelatedw.mineminenomi.events.WorldEvents to FORGE
[20Sep2026 21:11:22.312] [modloading-worker-11/DEBUG] [mixin/]: Mixing TrainerSpawningMixin from cartaddon.mixins.json into xyz.pixelatedw.mineminenomi.world.spawners.TrainerSpawner
[20Sep2026 21:11:22.436] [modloading-worker-11/DEBUG] [net.minecraftforge.fml.AutomaticEventSubscriber/LOADING]: Auto-subscribing xyz.pixelatedw.mineminenomi.events.CraftingEvents to FORGE
[20Sep2026 21:11:22.447] [modloading-worker-11/DEBUG] [net.minecraftforge.fml.AutomaticEventSubscriber/LOADING]: Auto-subscribing xyz.pixelatedw.mineminenomi.events.MorphEvents$Common to FORGE
[20Sep2026 21:11:22.455] [modloading-worker-11/DEBUG] [net.minecraftforge.fml.AutomaticEventSubscriber/LOADING]: Auto-subscribing xyz.pixelatedw.mineminenomi.events.ConfigEvents to FORGE
[20Sep2026 21:11:22.457] [modloading-worker-11/DEBUG] [net.minecraftforge.fml.AutomaticEventSubscriber/LOADING]: Auto-subscribing xyz.pixelatedw.mineminenomi.events.FactionEvents to FORGE
[20Sep2026 21:11:22.605] [modloading-worker-11/DEBUG] [net.minecraftforge.fml.AutomaticEventSubscriber/LOADING]: Auto-subscribing xyz.pixelatedw.mineminenomi.events.CombatModeEvents$Client to FORGE
[20Sep2026 21:11:22.610] [modloading-worker-11/DEBUG] [net.minecraftforge.fml.AutomaticEventSubscriber/LOADING]: Auto-subscribing xyz.pixelatedw.mineminenomi.events.ColorHandlerEvent to FORGE
[20Sep2026 21:11:22.662] [modloading-worker-11/DEBUG] [net.minecraftforge.fml.AutomaticEventSubscriber/LOADING]: Auto-subscribing xyz.pixelatedw.mineminenomi.events.StructuresEvents to FORGE
[20Sep2026 21:11:22.662] [modloading-worker-11/DEBUG] [mixin/]: Mixing StructureEventsMixin from cartaddon.mixins.json into xyz.pixelatedw.mineminenomi.events.StructuresEvents
[20Sep2026 21:11:22.685] [modloading-worker-11/DEBUG] [net.minecraftforge.fml.AutomaticEventSubscriber/LOADING]: Auto-subscribing xyz.pixelatedw.mineminenomi.events.BlocksEvents to FORGE
[20Sep2026 21:11:22.686] [modloading-worker-11/DEBUG] [net.minecraftforge.fml.AutomaticEventSubscriber/LOADING]: Auto-subscribing xyz.pixelatedw.mineminenomi.events.abilities.AbilityProtectionCommonEvents to FORGE
[20Sep2026 21:11:22.692] [modloading-worker-11/DEBUG] [net.minecraftforge.fml.AutomaticEventSubscriber/LOADING]: Auto-subscribing xyz.pixelatedw.mineminenomi.events.abilities.AbilityProjectileEvents to FORGE
[20Sep2026 21:11:22.694] [modloading-worker-11/DEBUG] [net.minecraftforge.fml.AutomaticEventSubscriber/LOADING]: Auto-subscribing xyz.pixelatedw.mineminenomi.events.abilities.AbilitiesEvents to FORGE
[20Sep2026 21:11:22.772] [modloading-worker-11/DEBUG] [net.minecraftforge.fml.AutomaticEventSubscriber/LOADING]: Auto-subscribing xyz.pixelatedw.mineminenomi.events.abilities.AbilityProtectionClientEvents to FORGE
[20Sep2026 21:11:22.775] [modloading-worker-11/DEBUG] [net.minecraftforge.fml.AutomaticEventSubscriber/LOADING]: Auto-subscribing xyz.pixelatedw.mineminenomi.events.abilities.AbilityValidationEvents to FORGE
[20Sep2026 21:11:22.777] [modloading-worker-11/DEBUG] [net.minecraftforge.fml.AutomaticEventSubscriber/LOADING]: Auto-subscribing xyz.pixelatedw.mineminenomi.events.abilities.OutOfBodyAbilitiesEvents to FORGE
[20Sep2026 21:11:22.780] [modloading-worker-11/DEBUG] [net.minecraftforge.fml.AutomaticEventSubscriber/LOADING]: Auto-subscribing xyz.pixelatedw.mineminenomi.events.abilities.AbilitiesClientEvents to FORGE
[20Sep2026 21:11:22.782] [modloading-worker-11/DEBUG] [net.minecraftforge.fml.AutomaticEventSubscriber/LOADING]: Auto-subscribing xyz.pixelatedw.mineminenomi.events.abilities.AbilityProgressionEvents to FORGE
[20Sep2026 21:11:22.789] [modloading-worker-11/DEBUG] [net.minecraftforge.fml.AutomaticEventSubscriber/LOADING]: Auto-subscribing xyz.pixelatedw.mineminenomi.events.FightingStylesEvents to FORGE
[20Sep2026 21:11:22.791] [modloading-worker-11/DEBUG] [net.minecraftforge.fml.AutomaticEventSubscriber/LOADING]: Auto-subscribing xyz.pixelatedw.mineminenomi.events.EnchantmentsEvents to FORGE
[20Sep2026 21:11:22.792] [modloading-worker-11/DEBUG] [net.minecraftforge.fml.AutomaticEventSubscriber/LOADING]: Auto-subscribing xyz.pixelatedw.mineminenomi.events.DamageSourceEvents to FORGE
[20Sep2026 21:11:22.793] [modloading-worker-11/DEBUG] [net.minecraftforge.fml.AutomaticEventSubscriber/LOADING]: Auto-subscribing xyz.pixelatedw.mineminenomi.events.EntityEvents to FORGE
[20Sep2026 21:11:22.795] [modloading-worker-11/DEBUG] [net.minecraftforge.fml.AutomaticEventSubscriber/LOADING]: Auto-subscribing xyz.pixelatedw.mineminenomi.events.items.KairosekiTooltipEvents to FORGE
[20Sep2026 21:11:22.796] [modloading-worker-11/DEBUG] [net.minecraftforge.fml.AutomaticEventSubscriber/LOADING]: Auto-subscribing xyz.pixelatedw.mineminenomi.events.items.HandcuffsEvents to FORGE
[20Sep2026 21:11:22.798] [modloading-worker-11/DEBUG] [net.minecraftforge.fml.AutomaticEventSubscriber/LOADING]: Auto-subscribing xyz.pixelatedw.mineminenomi.events.items.CombatItemEvents to FORGE
[20Sep2026 21:11:22.887] [modloading-worker-11/DEBUG] [net.minecraftforge.fml.AutomaticEventSubscriber/LOADING]: Auto-subscribing xyz.pixelatedw.mineminenomi.events.items.KairosekiCoatingEvents to FORGE
[20Sep2026 21:11:22.888] [modloading-worker-11/DEBUG] [net.minecraftforge.fml.AutomaticEventSubscriber/LOADING]: Auto-subscribing xyz.pixelatedw.mineminenomi.events.items.SakeEvents to FORGE
[20Sep2026 21:11:22.889] [modloading-worker-11/DEBUG] [net.minecraftforge.fml.AutomaticEventSubscriber/LOADING]: Auto-subscribing xyz.pixelatedw.mineminenomi.events.items.EnmaEvents to FORGE
[20Sep2026 21:11:22.890] [modloading-worker-11/DEBUG] [net.minecraftforge.fml.AutomaticEventSubscriber/LOADING]: Auto-subscribing xyz.pixelatedw.mineminenomi.events.items.SoulboundItemsEvents to FORGE
[20Sep2026 21:11:22.891] [modloading-worker-11/DEBUG] [net.minecraftforge.fml.AutomaticEventSubscriber/LOADING]: Auto-subscribing xyz.pixelatedw.mineminenomi.events.items.BubblyCoralEvents to FORGE
[20Sep2026 21:11:22.892] [modloading-worker-11/DEBUG] [net.minecraftforge.fml.AutomaticEventSubscriber/LOADING]: Auto-subscribing xyz.pixelatedw.mineminenomi.events.BossUIEvents to FORGE
[20Sep2026 21:11:22.894] [modloading-worker-11/DEBUG] [net.minecraftforge.fml.AutomaticEventSubscriber/LOADING]: Auto-subscribing xyz.pixelatedw.mineminenomi.events.QuestEvents to FORGE
[20Sep2026 21:11:22.967] [modloading-worker-11/DEBUG] [net.minecraftforge.fml.AutomaticEventSubscriber/LOADING]: Auto-subscribing xyz.pixelatedw.mineminenomi.events.world.WorldGenerationEvents to FORGE
[20Sep2026 21:11:22.973] [modloading-worker-11/DEBUG] [net.minecraftforge.fml.AutomaticEventSubscriber/LOADING]: Auto-subscribing xyz.pixelatedw.mineminenomi.events.BountyEvents to FORGE
[20Sep2026 21:11:22.975] [modloading-worker-11/DEBUG] [net.minecraftforge.fml.AutomaticEventSubscriber/LOADING]: Auto-subscribing xyz.pixelatedw.mineminenomi.events.CombatModeEvents$Common to FORGE
[20Sep2026 21:11:22.976] [modloading-worker-11/DEBUG] [net.minecraftforge.fml.AutomaticEventSubscriber/LOADING]: Auto-subscribing xyz.pixelatedw.mineminenomi.events.SpecialPotionEffectEvents to FORGE
[20Sep2026 21:11:22.976] [modloading-worker-11/DEBUG] [net.minecraftforge.fml.AutomaticEventSubscriber/LOADING]: Auto-subscribing xyz.pixelatedw.mineminenomi.events.CameraEvents to FORGE
[20Sep2026 21:11:22.979] [modloading-worker-11/DEBUG] [net.minecraftforge.fml.AutomaticEventSubscriber/LOADING]: Auto-subscribing xyz.pixelatedw.mineminenomi.events.HakiGainEvents to FORGE
[20Sep2026 21:11:22.984] [modloading-worker-11/DEBUG] [net.minecraftforge.fml.AutomaticEventSubscriber/LOADING]: Auto-subscribing xyz.pixelatedw.mineminenomi.events.EntityGoalEvents to FORGE
[20Sep2026 21:11:22.987] [modloading-worker-11/DEBUG] [net.minecraftforge.fml.AutomaticEventSubscriber/LOADING]: Auto-subscribing xyz.pixelatedw.mineminenomi.events.LoyaltyEvents to FORGE
[20Sep2026 21:11:22.989] [modloading-worker-11/DEBUG] [net.minecraftforge.fml.AutomaticEventSubscriber/LOADING]: Auto-subscribing xyz.pixelatedw.mineminenomi.events.ChallengesEvents to FORGE
[20Sep2026 21:11:22.990] [modloading-worker-11/DEBUG] [net.minecraftforge.fml.AutomaticEventSubscriber/LOADING]: Auto-subscribing xyz.pixelatedw.mineminenomi.events.DamageCalcsEvents to FORGE
[20Sep2026 21:11:22.991] [modloading-worker-11/DEBUG] [net.minecraftforge.fml.AutomaticEventSubscriber/LOADING]: Auto-subscribing xyz.pixelatedw.mineminenomi.events.passives.KukuPassiveEvents to FORGE
[20Sep2026 21:11:22.992] [modloading-worker-11/DEBUG] [net.minecraftforge.fml.AutomaticEventSubscriber/LOADING]: Auto-subscribing xyz.pixelatedw.mineminenomi.events.passives.HisoPassiveEvents to FORGE
[20Sep2026 21:11:22.993] [modloading-worker-11/DEBUG] [net.minecraftforge.fml.AutomaticEventSubscriber/LOADING]: Auto-subscribing xyz.pixelatedw.mineminenomi.events.passives.ZushiPassiveEvents to FORGE
[20Sep2026 21:11:23.052] [modloading-worker-11/DEBUG] [mixin/]: Mixing client.ModelRendererMixin from mine-mine-no-mi.mixins.json into net.minecraft.client.renderer.model.ModelRenderer
[20Sep2026 21:11:23.148] [modloading-worker-11/DEBUG] [net.minecraftforge.fml.AutomaticEventSubscriber/LOADING]: Auto-subscribing xyz.pixelatedw.mineminenomi.events.passives.MaguPassiveEvents to FORGE
[20Sep2026 21:11:23.153] [modloading-worker-11/DEBUG] [net.minecraftforge.fml.AutomaticEventSubscriber/LOADING]: Auto-subscribing xyz.pixelatedw.mineminenomi.events.passives.FishmanPassiveEvents$ClientEvents to FORGE
[20Sep2026 21:11:23.155] [modloading-worker-11/DEBUG] [net.minecraftforge.fml.AutomaticEventSubscriber/LOADING]: Auto-subscribing xyz.pixelatedw.mineminenomi.events.passives.HakiPassiveEvents to FORGE
[20Sep2026 21:11:23.160] [modloading-worker-11/DEBUG] [net.minecraftforge.fml.AutomaticEventSubscriber/LOADING]: Auto-subscribing xyz.pixelatedw.mineminenomi.events.passives.YomiPassiveEvents to FORGE
[20Sep2026 21:11:23.162] [modloading-worker-11/DEBUG] [net.minecraftforge.fml.AutomaticEventSubscriber/LOADING]: Auto-subscribing xyz.pixelatedw.mineminenomi.events.passives.AwaPassiveEvents$Client to FORGE
[20Sep2026 21:11:23.165] [modloading-worker-11/DEBUG] [net.minecraftforge.fml.AutomaticEventSubscriber/LOADING]: Auto-subscribing xyz.pixelatedw.mineminenomi.events.passives.SuiPassiveEvents to FORGE
[20Sep2026 21:11:23.165] [modloading-worker-11/DEBUG] [net.minecraftforge.fml.AutomaticEventSubscriber/LOADING]: Auto-subscribing xyz.pixelatedw.mineminenomi.events.passives.HoruPassiveEvents to FORGE
[20Sep2026 21:11:23.167] [modloading-worker-11/DEBUG] [net.minecraftforge.fml.AutomaticEventSubscriber/LOADING]: Auto-subscribing xyz.pixelatedw.mineminenomi.events.passives.ManePassiveEvents to FORGE
[20Sep2026 21:11:23.271] [modloading-worker-11/DEBUG] [net.minecraftforge.fml.AutomaticEventSubscriber/LOADING]: Auto-subscribing xyz.pixelatedw.mineminenomi.events.passives.BlackLegPassiveEvents$Common to FORGE
[20Sep2026 21:11:23.272] [modloading-worker-11/DEBUG] [net.minecraftforge.fml.AutomaticEventSubscriber/LOADING]: Auto-subscribing xyz.pixelatedw.mineminenomi.events.passives.BariPassiveEvents to FORGE
[20Sep2026 21:11:23.274] [modloading-worker-11/DEBUG] [net.minecraftforge.fml.AutomaticEventSubscriber/LOADING]: Auto-subscribing xyz.pixelatedw.mineminenomi.events.passives.GomuPassiveEvents to FORGE
[20Sep2026 21:11:23.276] [modloading-worker-11/DEBUG] [net.minecraftforge.fml.AutomaticEventSubscriber/LOADING]: Auto-subscribing xyz.pixelatedw.mineminenomi.events.passives.DoaPassiveEvents$Client to FORGE
[20Sep2026 21:11:23.278] [modloading-worker-11/DEBUG] [net.minecraftforge.fml.AutomaticEventSubscriber/LOADING]: Auto-subscribing xyz.pixelatedw.mineminenomi.events.passives.GuraPassiveEvents to FORGE
[20Sep2026 21:11:23.279] [modloading-worker-11/DEBUG] [net.minecraftforge.fml.AutomaticEventSubscriber/LOADING]: Auto-subscribing xyz.pixelatedw.mineminenomi.events.passives.KiloPassiveEvents to FORGE
[20Sep2026 21:11:23.280] [modloading-worker-11/DEBUG] [net.minecraftforge.fml.AutomaticEventSubscriber/LOADING]: Auto-subscribing xyz.pixelatedw.mineminenomi.events.passives.FishmanPassiveEvents$CommonEvents to FORGE
[20Sep2026 21:11:23.281] [modloading-worker-11/DEBUG] [net.minecraftforge.fml.AutomaticEventSubscriber/LOADING]: Auto-subscribing xyz.pixelatedw.mineminenomi.events.passives.MinkPassiveEvents$ClientEvents to FORGE
[20Sep2026 21:11:23.283] [modloading-worker-11/DEBUG] [net.minecraftforge.fml.AutomaticEventSubscriber/LOADING]: Auto-subscribing xyz.pixelatedw.mineminenomi.events.passives.GasuPassiveEvents to FORGE
[20Sep2026 21:11:23.285] [modloading-worker-11/DEBUG] [net.minecraftforge.fml.AutomaticEventSubscriber/LOADING]: Auto-subscribing xyz.pixelatedw.mineminenomi.events.passives.DoruPassiveEvents$ClientEvents to FORGE
[20Sep2026 21:11:23.288] [modloading-worker-11/DEBUG] [net.minecraftforge.fml.AutomaticEventSubscriber/LOADING]: Auto-subscribing xyz.pixelatedw.mineminenomi.events.passives.KagePassiveEvents to FORGE
[20Sep2026 21:11:23.288] [modloading-worker-11/DEBUG] [net.minecraftforge.fml.AutomaticEventSubscriber/LOADING]: Auto-subscribing xyz.pixelatedw.mineminenomi.events.passives.DoaPassiveEvents to FORGE
[20Sep2026 21:11:23.292] [modloading-worker-11/DEBUG] [net.minecraftforge.fml.AutomaticEventSubscriber/LOADING]: Auto-subscribing xyz.pixelatedw.mineminenomi.events.ProjectileEntityEvents to FORGE
[20Sep2026 21:11:23.294] [modloading-worker-11/DEBUG] [net.minecraftforge.fml.AutomaticEventSubscriber/LOADING]: Auto-subscribing xyz.pixelatedw.mineminenomi.events.MorphEvents$Client to FORGE
[20Sep2026 21:11:23.295] [modloading-worker-11/DEBUG] [net.minecraftforge.fml.AutomaticEventSubscriber/LOADING]: Auto-subscribing xyz.pixelatedw.mineminenomi.events.SyncEvents to FORGE
[20Sep2026 21:11:23.297] [modloading-worker-11/DEBUG] [net.minecraftforge.fml.AutomaticEventSubscriber/LOADING]: Auto-subscribing xyz.pixelatedw.mineminenomi.setup.ForgeSetup to FORGE
[20Sep2026 21:11:23.303] [modloading-worker-11/DEBUG] [net.minecraftforge.fml.AutomaticEventSubscriber/LOADING]: Auto-subscribing xyz.pixelatedw.mineminenomi.setup.ModSetup to MOD
[20Sep2026 21:11:23.395] [modloading-worker-11/DEBUG] [mixin/]: Mixing client.IBipedArmorLayerMixin from mine-mine-no-mi.mixins.json into net.minecraft.client.renderer.entity.layers.BipedArmorLayer
[20Sep2026 21:11:23.567] [modloading-worker-11/DEBUG] [net.minecraftforge.fml.AutomaticEventSubscriber/LOADING]: Auto-subscribing xyz.pixelatedw.mineminenomi.entities.projectiles.baku.BakuProjectiles to MOD
[20Sep2026 21:11:23.569] [modloading-worker-11/DEBUG] [net.minecraftforge.fml.AutomaticEventSubscriber/LOADING]: Auto-subscribing xyz.pixelatedw.mineminenomi.entities.projectiles.goe.GoeProjectiles to MOD
[20Sep2026 21:11:23.571] [modloading-worker-11/DEBUG] [net.minecraftforge.fml.AutomaticEventSubscriber/LOADING]: Auto-subscribing xyz.pixelatedw.mineminenomi.entities.projectiles.bara.BaraProjectiles to MOD
[20Sep2026 21:11:23.630] [modloading-worker-11/DEBUG] [net.minecraftforge.fml.AutomaticEventSubscriber/LOADING]: Auto-subscribing xyz.pixelatedw.mineminenomi.entities.projectiles.suna.SunaProjectiles to MOD
[20Sep2026 21:11:23.637] [modloading-worker-11/DEBUG] [net.minecraftforge.fml.AutomaticEventSubscriber/LOADING]: Auto-subscribing xyz.pixelatedw.mineminenomi.entities.projectiles.sniper.SniperProjectiles to MOD
[20Sep2026 21:11:23.645] [modloading-worker-11/DEBUG] [net.minecraftforge.fml.AutomaticEventSubscriber/LOADING]: Auto-subscribing xyz.pixelatedw.mineminenomi.entities.projectiles.saraaxolotl.SaraAxolotlProjectiles to MOD
[20Sep2026 21:11:23.647] [modloading-worker-11/DEBUG] [net.minecraftforge.fml.AutomaticEventSubscriber/LOADING]: Auto-subscribing xyz.pixelatedw.mineminenomi.entities.projectiles.ushigiraffe.UshiGiraffeProjectiles to MOD
[20Sep2026 21:11:23.654] [modloading-worker-11/DEBUG] [net.minecraftforge.fml.AutomaticEventSubscriber/LOADING]: Auto-subscribing xyz.pixelatedw.mineminenomi.entities.projectiles.horo.HoroProjectiles to MOD
[20Sep2026 21:11:23.658] [modloading-worker-11/DEBUG] [net.minecraftforge.fml.AutomaticEventSubscriber/LOADING]: Auto-subscribing xyz.pixelatedw.mineminenomi.entities.projectiles.ryupteranodon.RyuPteranodonProjectiles to MOD
[20Sep2026 21:11:23.660] [modloading-worker-11/DEBUG] [net.minecraftforge.fml.AutomaticEventSubscriber/LOADING]: Auto-subscribing xyz.pixelatedw.mineminenomi.entities.projectiles.zou.ZouProjectiles to MOD
[20Sep2026 21:11:23.663] [modloading-worker-11/DEBUG] [net.minecraftforge.fml.AutomaticEventSubscriber/LOADING]: Auto-subscribing xyz.pixelatedw.mineminenomi.entities.projectiles.mera.MeraProjectiles to MOD
[20Sep2026 21:11:23.669] [modloading-worker-11/DEBUG] [net.minecraftforge.fml.AutomaticEventSubscriber/LOADING]: Auto-subscribing xyz.pixelatedw.mineminenomi.entities.projectiles.pika.PikaProjectiles to MOD
[20Sep2026 21:11:23.671] [modloading-worker-11/DEBUG] [net.minecraftforge.fml.AutomaticEventSubscriber/LOADING]: Auto-subscribing xyz.pixelatedw.mineminenomi.entities.projectiles.swordsman.SwordsmanProjectiles to MOD
[20Sep2026 21:11:23.673] [modloading-worker-11/DEBUG] [net.minecraftforge.fml.AutomaticEventSubscriber/LOADING]: Auto-subscribing xyz.pixelatedw.mineminenomi.entities.projectiles.goro.GoroProjectiles to MOD
[20Sep2026 21:11:23.675] [modloading-worker-11/DEBUG] [net.minecraftforge.fml.AutomaticEventSubscriber/LOADING]: Auto-subscribing xyz.pixelatedw.mineminenomi.entities.projectiles.yuki.YukiProjectiles to MOD
[20Sep2026 21:11:23.776] [modloading-worker-11/DEBUG] [net.minecraftforge.fml.AutomaticEventSubscriber/LOADING]: Auto-subscribing xyz.pixelatedw.mineminenomi.entities.projectiles.toriphoenix.ToriPhoenixProjectiles to MOD
[20Sep2026 21:11:23.868] [modloading-worker-11/DEBUG] [net.minecraftforge.fml.AutomaticEventSubscriber/LOADING]: Auto-subscribing xyz.pixelatedw.mineminenomi.entities.projectiles.brawler.BrawlerProjectiles to MOD
[20Sep2026 21:11:23.872] [modloading-worker-11/DEBUG] [net.minecraftforge.fml.AutomaticEventSubscriber/LOADING]: Auto-subscribing xyz.pixelatedw.mineminenomi.entities.projectiles.hitodaibutsu.HitoDaibutsuProjectiles to MOD
[20Sep2026 21:11:23.873] [modloading-worker-11/DEBUG] [net.minecraftforge.fml.AutomaticEventSubscriber/LOADING]: Auto-subscribing xyz.pixelatedw.mineminenomi.entities.projectiles.rokushiki.RokushikiProjectiles to MOD
[20Sep2026 21:11:23.875] [modloading-worker-11/DEBUG] [net.minecraftforge.fml.AutomaticEventSubscriber/LOADING]: Auto-subscribing xyz.pixelatedw.mineminenomi.entities.projectiles.awa.AwaProjectiles to MOD
[20Sep2026 21:11:23.877] [modloading-worker-11/DEBUG] [net.minecraftforge.fml.AutomaticEventSubscriber/LOADING]: Auto-subscribing xyz.pixelatedw.mineminenomi.entities.projectiles.hana.HanaProjectiles to MOD
[20Sep2026 21:11:23.879] [modloading-worker-11/DEBUG] [net.minecraftforge.fml.AutomaticEventSubscriber/LOADING]: Auto-subscribing xyz.pixelatedw.mineminenomi.entities.projectiles.wara.WaraProjectiles to MOD
[20Sep2026 21:11:23.880] [modloading-worker-11/DEBUG] [net.minecraftforge.fml.AutomaticEventSubscriber/LOADING]: Auto-subscribing xyz.pixelatedw.mineminenomi.entities.projectiles.ori.OriProjectiles to MOD
[20Sep2026 21:11:23.881] [modloading-worker-11/DEBUG] [net.minecraftforge.fml.AutomaticEventSubscriber/LOADING]: Auto-subscribing xyz.pixelatedw.mineminenomi.entities.projectiles.hie.HieProjectiles to MOD
[20Sep2026 21:11:23.888] [modloading-worker-11/DEBUG] [net.minecraftforge.fml.AutomaticEventSubscriber/LOADING]: Auto-subscribing xyz.pixelatedw.mineminenomi.entities.projectiles.gasu.GasuProjectiles to MOD
[20Sep2026 21:11:23.889] [modloading-worker-11/DEBUG] [net.minecraftforge.fml.AutomaticEventSubscriber/LOADING]: Auto-subscribing xyz.pixelatedw.mineminenomi.entities.projectiles.yami.YamiProjectiles to MOD
[20Sep2026 21:11:23.891] [modloading-worker-11/DEBUG] [net.minecraftforge.fml.AutomaticEventSubscriber/LOADING]: Auto-subscribing xyz.pixelatedw.mineminenomi.entities.projectiles.fishmankarate.FishmanKarateProjectiles to MOD
[20Sep2026 21:11:23.895] [modloading-worker-11/DEBUG] [net.minecraftforge.fml.AutomaticEventSubscriber/LOADING]: Auto-subscribing xyz.pixelatedw.mineminenomi.entities.projectiles.netsu.NetsuProjectiles to MOD
[20Sep2026 21:11:23.896] [modloading-worker-11/DEBUG] [net.minecraftforge.fml.AutomaticEventSubscriber/LOADING]: Auto-subscribing xyz.pixelatedw.mineminenomi.entities.projectiles.cyborg.CyborgProjectiles to MOD
[20Sep2026 21:11:23.898] [modloading-worker-11/DEBUG] [net.minecraftforge.fml.AutomaticEventSubscriber/LOADING]: Auto-subscribing xyz.pixelatedw.mineminenomi.entities.projectiles.beta.BetaProjectiles to MOD
[20Sep2026 21:11:23.901] [modloading-worker-11/DEBUG] [net.minecraftforge.fml.AutomaticEventSubscriber/LOADING]: Auto-subscribing xyz.pixelatedw.mineminenomi.entities.projectiles.magu.MaguProjectiles to MOD
[20Sep2026 21:11:23.903] [modloading-worker-11/DEBUG] [net.minecraftforge.fml.AutomaticEventSubscriber/LOADING]: Auto-subscribing xyz.pixelatedw.mineminenomi.entities.projectiles.mero.MeroProjectiles to MOD
[20Sep2026 21:11:23.996] [modloading-worker-11/DEBUG] [net.minecraftforge.fml.AutomaticEventSubscriber/LOADING]: Auto-subscribing xyz.pixelatedw.mineminenomi.entities.projectiles.suke.SukeProjectiles to MOD
[20Sep2026 21:11:23.998] [modloading-worker-11/DEBUG] [net.minecraftforge.fml.AutomaticEventSubscriber/LOADING]: Auto-subscribing xyz.pixelatedw.mineminenomi.entities.projectiles.ope.OpeProjectiles to MOD
[20Sep2026 21:11:24.000] [modloading-worker-11/DEBUG] [net.minecraftforge.fml.AutomaticEventSubscriber/LOADING]: Auto-subscribing xyz.pixelatedw.mineminenomi.entities.projectiles.artofweather.ArtOfWeatherProjectiles to MOD
[20Sep2026 21:11:24.004] [modloading-worker-11/DEBUG] [net.minecraftforge.fml.AutomaticEventSubscriber/LOADING]: Auto-subscribing xyz.pixelatedw.mineminenomi.entities.projectiles.bane.BaneProjectiles to MOD
[20Sep2026 21:11:24.006] [modloading-worker-11/DEBUG] [net.minecraftforge.fml.AutomaticEventSubscriber/LOADING]: Auto-subscribing xyz.pixelatedw.mineminenomi.entities.projectiles.moku.MokuProjectiles to MOD
[20Sep2026 21:11:24.008] [modloading-worker-11/DEBUG] [net.minecraftforge.fml.AutomaticEventSubscriber/LOADING]: Auto-subscribing xyz.pixelatedw.mineminenomi.entities.projectiles.zushi.ZushiProjectiles to MOD
[20Sep2026 21:11:24.009] [modloading-worker-11/DEBUG] [net.minecraftforge.fml.AutomaticEventSubscriber/LOADING]: Auto-subscribing xyz.pixelatedw.mineminenomi.entities.projectiles.doru.DoruProjectiles to MOD
[20Sep2026 21:11:24.014] [modloading-worker-11/DEBUG] [net.minecraftforge.fml.AutomaticEventSubscriber/LOADING]: Auto-subscribing xyz.pixelatedw.mineminenomi.entities.projectiles.kage.KageProjectiles to MOD
[20Sep2026 21:11:24.019] [modloading-worker-11/DEBUG] [net.minecraftforge.fml.AutomaticEventSubscriber/LOADING]: Auto-subscribing xyz.pixelatedw.mineminenomi.entities.projectiles.gura.GuraProjectiles to MOD
[20Sep2026 21:11:24.023] [modloading-worker-11/DEBUG] [net.minecraftforge.fml.AutomaticEventSubscriber/LOADING]: Auto-subscribing xyz.pixelatedw.mineminenomi.entities.projectiles.jiki.JikiProjectiles to MOD
[20Sep2026 21:11:24.026] [modloading-worker-11/DEBUG] [net.minecraftforge.fml.AutomaticEventSubscriber/LOADING]: Auto-subscribing xyz.pixelatedw.mineminenomi.entities.projectiles.bari.BariProjectiles to MOD
[20Sep2026 21:11:24.027] [modloading-worker-11/DEBUG] [net.minecraftforge.fml.AutomaticEventSubscriber/LOADING]: Auto-subscribing xyz.pixelatedw.mineminenomi.entities.projectiles.pero.PeroProjectiles to MOD
[20Sep2026 21:11:24.029] [modloading-worker-11/DEBUG] [net.minecraftforge.fml.AutomaticEventSubscriber/LOADING]: Auto-subscribing xyz.pixelatedw.mineminenomi.entities.projectiles.doku.DokuProjectiles to MOD
[20Sep2026 21:11:24.031] [modloading-worker-11/DEBUG] [net.minecraftforge.fml.AutomaticEventSubscriber/LOADING]: Auto-subscribing xyz.pixelatedw.mineminenomi.entities.projectiles.nikyu.NikyuProjectiles to MOD
[20Sep2026 21:11:24.034] [modloading-worker-11/DEBUG] [net.minecraftforge.fml.AutomaticEventSubscriber/LOADING]: Auto-subscribing xyz.pixelatedw.mineminenomi.entities.projectiles.blackleg.BlackLegProjectiles to MOD
[20Sep2026 21:11:24.138] [modloading-worker-11/DEBUG] [net.minecraftforge.fml.AutomaticEventSubscriber/LOADING]: Auto-subscribing xyz.pixelatedw.mineminenomi.entities.projectiles.extra.ExtraProjectiles to MOD
[20Sep2026 21:11:24.219] [modloading-worker-11/DEBUG] [net.minecraftforge.fml.AutomaticEventSubscriber/LOADING]: Auto-subscribing xyz.pixelatedw.mineminenomi.entities.projectiles.electro.ElectroProjectiles to MOD
[20Sep2026 21:11:24.221] [modloading-worker-11/DEBUG] [net.minecraftforge.fml.AutomaticEventSubscriber/LOADING]: Auto-subscribing xyz.pixelatedw.mineminenomi.entities.projectiles.gomu.GomuProjectiles to MOD
[20Sep2026 21:11:24.223] [modloading-worker-11/DEBUG] [net.minecraftforge.fml.AutomaticEventSubscriber/LOADING]: Auto-subscribing xyz.pixelatedw.mineminenomi.entities.projectiles.bomu.BomuProjectiles to MOD
[20Sep2026 21:11:24.225] [modloading-worker-11/DEBUG] [net.minecraftforge.fml.AutomaticEventSubscriber/LOADING]: Auto-subscribing xyz.pixelatedw.mineminenomi.entities.projectiles.ito.ItoProjectiles to MOD
[20Sep2026 21:11:24.226] [modloading-worker-11/DEBUG] [net.minecraftforge.fml.AutomaticEventSubscriber/LOADING]: Auto-subscribing xyz.pixelatedw.mineminenomi.entities.projectiles.supa.SupaProjectiles to MOD
[20Sep2026 21:11:24.229] [modloading-worker-11/DEBUG] [net.minecraftforge.fml.AutomaticEventSubscriber/LOADING]: Auto-subscribing xyz.pixelatedw.mineminenomi.entities.projectiles.noro.NoroProjectiles to MOD
[20Sep2026 21:11:24.230] [modloading-worker-11/DEBUG] [net.minecraftforge.fml.AutomaticEventSubscriber/LOADING]: Auto-subscribing xyz.pixelatedw.mineminenomi.init.ModParticleTypes to MOD
[20Sep2026 21:11:24.231] [modloading-worker-11/DEBUG] [net.minecraftforge.fml.AutomaticEventSubscriber/LOADING]: Auto-subscribing xyz.pixelatedw.mineminenomi.init.ModAttributes$Defaults to FORGE
[20Sep2026 21:11:24.234] [modloading-worker-11/DEBUG] [net.minecraftforge.fml.AutomaticEventSubscriber/LOADING]: Auto-subscribing xyz.pixelatedw.mineminenomi.init.ModLootTables to FORGE
[20Sep2026 21:11:24.241] [modloading-worker-11/DEBUG] [net.minecraftforge.fml.AutomaticEventSubscriber/LOADING]: Auto-subscribing xyz.pixelatedw.mineminenomi.init.ModEntities to MOD
[20Sep2026 21:11:24.241] [modloading-worker-11/DEBUG] [net.minecraftforge.fml.AutomaticEventSubscriber/LOADING]: Auto-subscribing xyz.pixelatedw.mineminenomi.init.ModAttributes to FORGE
[20Sep2026 21:11:24.241] [modloading-worker-11/DEBUG] [net.minecraftforge.fml.AutomaticEventSubscriber/LOADING]: Auto-subscribing xyz.pixelatedw.mineminenomi.init.ModDimensions to FORGE
[20Sep2026 21:11:24.242] [modloading-worker-11/DEBUG] [net.minecraftforge.fml.AutomaticEventSubscriber/LOADING]: Auto-subscribing xyz.pixelatedw.mineminenomi.init.ModAttributes$Setup to MOD
[20Sep2026 21:11:24.243] [modloading-worker-11/DEBUG] [net.minecraftforge.fml.AutomaticEventSubscriber/LOADING]: Auto-subscribing xyz.pixelatedw.mineminenomi.init.ModJollyRogers to MOD
[20Sep2026 21:11:24.243] [modloading-worker-11/DEBUG] [net.minecraftforge.fml.AutomaticEventSubscriber/LOADING]: Auto-subscribing xyz.pixelatedw.mineminenomi.init.ModDataGen to MOD
[20Sep2026 21:11:24.244] [modloading-worker-11/DEBUG] [net.minecraftforge.fml.AutomaticEventSubscriber/LOADING]: Auto-subscribing xyz.pixelatedw.mineminenomi.init.ModCapabilities to FORGE
[20Sep2026 21:11:24.315] [modloading-worker-11/DEBUG] [net.minecraftforge.fml.AutomaticEventSubscriber/LOADING]: Auto-subscribing xyz.pixelatedw.mineminenomi.init.ModKeybindings to FORGE
[20Sep2026 21:11:24.593] [modloading-worker-11/DEBUG] [net.minecraftforge.fml.AutomaticEventSubscriber/LOADING]: Auto-subscribing xyz.pixelatedw.mineminenomi.api.ModRegistries to FORGE
[20Sep2026 21:11:24.593] [modloading-worker-11/DEBUG] [net.minecraftforge.fml.AutomaticEventSubscriber/LOADING]: Auto-subscribing xyz.pixelatedw.mineminenomi.config.CommonConfig to MOD
[20Sep2026 21:11:25.608] [modloading-worker-13/DEBUG] [net.minecraftforge.fml.AutomaticEventSubscriber/LOADING]: Attempting to inject @EventBusSubscriber classes into the eventbus for cartaddon
[20Sep2026 21:11:25.609] [modloading-worker-13/DEBUG] [net.minecraftforge.fml.AutomaticEventSubscriber/LOADING]: Auto-subscribing net.MrMagicalCart.cartaddon.setup.ForgeSetup to FORGE
[20Sep2026 21:11:25.610] [modloading-worker-13/DEBUG] [net.minecraftforge.fml.AutomaticEventSubscriber/LOADING]: Auto-subscribing net.MrMagicalCart.cartaddon.setup.CartSetup to MOD
[20Sep2026 21:11:25.621] [modloading-worker-13/DEBUG] [net.minecraftforge.fml.AutomaticEventSubscriber/LOADING]: Auto-subscribing net.MrMagicalCart.cartaddon.renderers.ProjectileClientRenderer to MOD
[20Sep2026 21:11:25.622] [modloading-worker-13/DEBUG] [net.minecraftforge.fml.AutomaticEventSubscriber/LOADING]: Auto-subscribing net.MrMagicalCart.cartaddon.init.CartParticleTypes to MOD
[20Sep2026 21:11:25.622] [modloading-worker-13/DEBUG] [net.minecraftforge.fml.AutomaticEventSubscriber/LOADING]: Auto-subscribing net.MrMagicalCart.cartaddon.init.CartLootTables to FORGE
[20Sep2026 21:11:25.671] [modloading-worker-13/DEBUG] [net.minecraftforge.fml.AutomaticEventSubscriber/LOADING]: Auto-subscribing net.MrMagicalCart.cartaddon.init.CartEntities to MOD
[20Sep2026 21:11:25.671] [modloading-worker-13/DEBUG] [net.minecraftforge.fml.AutomaticEventSubscriber/LOADING]: Auto-subscribing net.MrMagicalCart.cartaddon.init.CartCapabilities to FORGE
[20Sep2026 21:11:25.672] [modloading-worker-13/DEBUG] [net.minecraftforge.fml.AutomaticEventSubscriber/LOADING]: Auto-subscribing net.MrMagicalCart.cartaddon.init.CartAttributes$Setup to MOD
[20Sep2026 21:11:25.673] [modloading-worker-13/DEBUG] [net.minecraftforge.fml.AutomaticEventSubscriber/LOADING]: Auto-subscribing net.MrMagicalCart.cartaddon.events.warcar.LivingMultisizeDefaultEvent to FORGE
[20Sep2026 21:11:25.674] [modloading-worker-13/DEBUG] [net.minecraftforge.fml.AutomaticEventSubscriber/LOADING]: Auto-subscribing net.MrMagicalCart.cartaddon.events.passives.CartMinkPassiveEvents$ClientEvents to FORGE
[20Sep2026 21:11:25.677] [modloading-worker-13/DEBUG] [net.minecraftforge.fml.AutomaticEventSubscriber/LOADING]: Auto-subscribing net.MrMagicalCart.cartaddon.events.passives.CartHakiPassiveEvents to FORGE
[20Sep2026 21:11:25.677] [modloading-worker-13/DEBUG] [net.minecraftforge.fml.AutomaticEventSubscriber/LOADING]: Auto-subscribing net.MrMagicalCart.cartaddon.events.passives.CartBlackLegPassiveEvents$Common to FORGE
[20Sep2026 21:11:25.679] [modloading-worker-13/DEBUG] [net.minecraftforge.fml.AutomaticEventSubscriber/LOADING]: Auto-subscribing net.MrMagicalCart.cartaddon.events.items.CartCombatItemEvents to FORGE
[20Sep2026 21:11:25.680] [modloading-worker-13/DEBUG] [net.minecraftforge.fml.AutomaticEventSubscriber/LOADING]: Auto-subscribing net.MrMagicalCart.cartaddon.events.ZeusClimaTactEvents to FORGE
[20Sep2026 21:11:25.681] [modloading-worker-13/DEBUG] [net.minecraftforge.fml.AutomaticEventSubscriber/LOADING]: Auto-subscribing net.MrMagicalCart.cartaddon.events.StructuresEvents to FORGE
[20Sep2026 21:11:25.682] [modloading-worker-13/DEBUG] [net.minecraftforge.fml.AutomaticEventSubscriber/LOADING]: Auto-subscribing net.MrMagicalCart.cartaddon.events.SoulEvents to FORGE
[20Sep2026 21:11:25.682] [modloading-worker-13/DEBUG] [net.minecraftforge.fml.AutomaticEventSubscriber/LOADING]: Auto-subscribing net.MrMagicalCart.cartaddon.events.ServerResyncMiniEvents to FORGE
[20Sep2026 21:11:25.684] [modloading-worker-13/DEBUG] [net.minecraftforge.fml.AutomaticEventSubscriber/LOADING]: Auto-subscribing net.MrMagicalCart.cartaddon.events.RaceEventsSmall to FORGE
[20Sep2026 21:11:25.687] [modloading-worker-13/DEBUG] [net.minecraftforge.fml.AutomaticEventSubscriber/LOADING]: Auto-subscribing net.MrMagicalCart.cartaddon.events.ProjectileScalingEvent to FORGE
[20Sep2026 21:11:25.688] [modloading-worker-13/DEBUG] [net.minecraftforge.fml.AutomaticEventSubscriber/LOADING]: Auto-subscribing net.MrMagicalCart.cartaddon.events.MatoSeekingEvent to FORGE
[20Sep2026 21:11:25.689] [modloading-worker-13/DEBUG] [net.minecraftforge.fml.AutomaticEventSubscriber/LOADING]: Auto-subscribing net.MrMagicalCart.cartaddon.events.HomieFriendlyFireEvents to FORGE
[20Sep2026 21:11:25.690] [modloading-worker-13/DEBUG] [net.minecraftforge.fml.AutomaticEventSubscriber/LOADING]: Auto-subscribing net.MrMagicalCart.cartaddon.events.CartWorldEvents to FORGE
[20Sep2026 21:11:25.693] [modloading-worker-13/DEBUG] [net.minecraftforge.fml.AutomaticEventSubscriber/LOADING]: Auto-subscribing net.MrMagicalCart.cartaddon.events.CartSyncEvents to FORGE
[20Sep2026 21:11:25.695] [modloading-worker-13/DEBUG] [net.minecraftforge.fml.AutomaticEventSubscriber/LOADING]: Auto-subscribing net.MrMagicalCart.cartaddon.events.CartRaidEvents to FORGE
[20Sep2026 21:11:25.697] [modloading-worker-13/DEBUG] [net.minecraftforge.fml.AutomaticEventSubscriber/LOADING]: Auto-subscribing net.MrMagicalCart.cartaddon.events.CartLoyaltyEvents to FORGE
[20Sep2026 21:11:25.698] [modloading-worker-13/DEBUG] [net.minecraftforge.fml.AutomaticEventSubscriber/LOADING]: Auto-subscribing net.MrMagicalCart.cartaddon.events.CartFightingStylesEvents to FORGE
[20Sep2026 21:11:25.700] [modloading-worker-13/DEBUG] [net.minecraftforge.fml.AutomaticEventSubscriber/LOADING]: Auto-subscribing net.MrMagicalCart.cartaddon.events.CartEffectsEvents$Common to FORGE
[20Sep2026 21:11:25.702] [modloading-worker-13/DEBUG] [net.minecraftforge.fml.AutomaticEventSubscriber/LOADING]: Auto-subscribing net.MrMagicalCart.cartaddon.events.CartEffectsEvents$Client to FORGE
[20Sep2026 21:11:25.753] [modloading-worker-13/DEBUG] [net.minecraftforge.fml.AutomaticEventSubscriber/LOADING]: Auto-subscribing net.MrMagicalCart.cartaddon.events.CartCraftingEvents to FORGE
[20Sep2026 21:11:25.754] [modloading-worker-13/DEBUG] [net.minecraftforge.fml.AutomaticEventSubscriber/LOADING]: Auto-subscribing net.MrMagicalCart.cartaddon.events.AbilityProgressionEvents to FORGE
[20Sep2026 21:11:25.756] [modloading-worker-13/DEBUG] [net.minecraftforge.fml.AutomaticEventSubscriber/LOADING]: Auto-subscribing net.MrMagicalCart.cartaddon.events.AbilityEvents to FORGE
[20Sep2026 21:11:25.758] [modloading-worker-13/DEBUG] [net.minecraftforge.fml.AutomaticEventSubscriber/LOADING]: Auto-subscribing net.MrMagicalCart.cartaddon.entities.projectiles.yoru.YoruProjectiles to MOD
[20Sep2026 21:11:25.759] [modloading-worker-13/DEBUG] [net.minecraftforge.fml.AutomaticEventSubscriber/LOADING]: Auto-subscribing net.MrMagicalCart.cartaddon.entities.projectiles.yamiextra.ReworkedYamiProjectiles to MOD
[20Sep2026 21:11:25.760] [modloading-worker-13/DEBUG] [net.minecraftforge.fml.AutomaticEventSubscriber/LOADING]: Auto-subscribing net.MrMagicalCart.cartaddon.entities.projectiles.uta.UtaProjectiles to MOD
[20Sep2026 21:11:25.764] [modloading-worker-13/DEBUG] [net.minecraftforge.fml.AutomaticEventSubscriber/LOADING]: Auto-subscribing net.MrMagicalCart.cartaddon.entities.projectiles.uoseiryu.SeiryuProjectiles to MOD
[20Sep2026 21:11:25.766] [modloading-worker-13/DEBUG] [net.minecraftforge.fml.AutomaticEventSubscriber/LOADING]: Auto-subscribing net.MrMagicalCart.cartaddon.entities.projectiles.twinbarrel.TwinBarrelProjectiles to MOD
[20Sep2026 21:11:25.767] [modloading-worker-13/DEBUG] [net.minecraftforge.fml.AutomaticEventSubscriber/LOADING]: Auto-subscribing net.MrMagicalCart.cartaddon.entities.projectiles.trident.TridentProjectiles to MOD
[20Sep2026 21:11:25.768] [modloading-worker-13/DEBUG] [net.minecraftforge.fml.AutomaticEventSubscriber/LOADING]: Auto-subscribing net.MrMagicalCart.cartaddon.entities.projectiles.torinue.NueProjectiles to MOD
[20Sep2026 21:11:25.770] [modloading-worker-13/DEBUG] [net.minecraftforge.fml.AutomaticEventSubscriber/LOADING]: Auto-subscribing net.MrMagicalCart.cartaddon.entities.projectiles.swordsmenextra.SwordsmenExtraProjectiles to MOD
[20Sep2026 21:11:25.772] [modloading-worker-13/DEBUG] [net.minecraftforge.fml.AutomaticEventSubscriber/LOADING]: Auto-subscribing net.MrMagicalCart.cartaddon.entities.projectiles.susu.SusuProjectiles to MOD
[20Sep2026 21:11:25.774] [modloading-worker-13/DEBUG] [net.minecraftforge.fml.AutomaticEventSubscriber/LOADING]: Auto-subscribing net.MrMagicalCart.cartaddon.entities.projectiles.sunaextra.SunaExtraProjectiles to MOD
[20Sep2026 21:11:25.775] [modloading-worker-13/DEBUG] [net.minecraftforge.fml.AutomaticEventSubscriber/LOADING]: Auto-subscribing net.MrMagicalCart.cartaddon.entities.projectiles.soru.SoruProjectiles to MOD
[20Sep2026 21:11:25.779] [modloading-worker-13/DEBUG] [net.minecraftforge.fml.AutomaticEventSubscriber/LOADING]: Auto-subscribing net.MrMagicalCart.cartaddon.entities.projectiles.sniperextra.SniperExtraProjectiles to MOD
[20Sep2026 21:11:25.783] [modloading-worker-13/DEBUG] [net.minecraftforge.fml.AutomaticEventSubscriber/LOADING]: Auto-subscribing net.MrMagicalCart.cartaddon.entities.projectiles.skyfolk.SkyFolkProjectiles to MOD
[20Sep2026 21:11:25.784] [modloading-worker-13/DEBUG] [net.minecraftforge.fml.AutomaticEventSubscriber/LOADING]: Auto-subscribing net.MrMagicalCart.cartaddon.entities.projectiles.shiro.ShiroProjectiles to MOD
[20Sep2026 21:11:25.827] [modloading-worker-13/DEBUG] [net.minecraftforge.fml.AutomaticEventSubscriber/LOADING]: Auto-subscribing net.MrMagicalCart.cartaddon.entities.projectiles.shibo.ShiboProjectiles to MOD
[20Sep2026 21:11:25.833] [modloading-worker-13/DEBUG] [net.minecraftforge.fml.AutomaticEventSubscriber/LOADING]: Auto-subscribing net.MrMagicalCart.cartaddon.entities.projectiles.santoryu.SantoryuProjectiles to MOD
[20Sep2026 21:11:25.836] [modloading-worker-13/DEBUG] [net.minecraftforge.fml.AutomaticEventSubscriber/LOADING]: Auto-subscribing net.MrMagicalCart.cartaddon.entities.projectiles.ryusoken.RyusokenProjectiles to MOD
[20Sep2026 21:11:25.837] [modloading-worker-13/DEBUG] [net.minecraftforge.fml.AutomaticEventSubscriber/LOADING]: Auto-subscribing net.MrMagicalCart.cartaddon.entities.projectiles.ryupteranodonextra.RyuPteranodonExtraProjectiles to MOD
[20Sep2026 21:11:25.838] [modloading-worker-13/DEBUG] [net.minecraftforge.fml.AutomaticEventSubscriber/LOADING]: Auto-subscribing net.MrMagicalCart.cartaddon.entities.projectiles.ryukirin.KirinProjectiles to MOD
[20Sep2026 21:11:25.841] [modloading-worker-13/DEBUG] [net.minecraftforge.fml.AutomaticEventSubscriber/LOADING]: Auto-subscribing net.MrMagicalCart.cartaddon.entities.projectiles.riki.RikiProjectiles to MOD
[20Sep2026 21:11:25.843] [modloading-worker-13/DEBUG] [net.minecraftforge.fml.AutomaticEventSubscriber/LOADING]: Auto-subscribing net.MrMagicalCart.cartaddon.entities.projectiles.pole.PoleProjectiles to MOD
[20Sep2026 21:11:25.844] [modloading-worker-13/DEBUG] [net.minecraftforge.fml.AutomaticEventSubscriber/LOADING]: Auto-subscribing net.MrMagicalCart.cartaddon.entities.projectiles.pikaclone.PikaExtraProjectiles to MOD
[20Sep2026 21:11:25.845] [modloading-worker-13/DEBUG] [net.minecraftforge.fml.AutomaticEventSubscriber/LOADING]: Auto-subscribing net.MrMagicalCart.cartaddon.entities.projectiles.pasa.PasaProjectiles to MOD
[20Sep2026 21:11:25.846] [modloading-worker-13/DEBUG] [net.minecraftforge.fml.AutomaticEventSubscriber/LOADING]: Auto-subscribing net.MrMagicalCart.cartaddon.entities.projectiles.pamu.PamuProjectiles to MOD
[20Sep2026 21:11:25.848] [modloading-worker-13/DEBUG] [net.minecraftforge.fml.AutomaticEventSubscriber/LOADING]: Auto-subscribing net.MrMagicalCart.cartaddon.entities.projectiles.opeextra.OpeExtraProjectiles to MOD
[20Sep2026 21:11:25.850] [modloading-worker-13/DEBUG] [net.minecraftforge.fml.AutomaticEventSubscriber/LOADING]: Auto-subscribing net.MrMagicalCart.cartaddon.entities.projectiles.oni.OniProjectiles to MOD
[20Sep2026 21:11:25.851] [modloading-worker-13/DEBUG] [net.minecraftforge.fml.AutomaticEventSubscriber/LOADING]: Auto-subscribing net.MrMagicalCart.cartaddon.entities.projectiles.numa.NumaProjectiles to MOD
[20Sep2026 21:11:25.852] [modloading-worker-13/DEBUG] [net.minecraftforge.fml.AutomaticEventSubscriber/LOADING]: Auto-subscribing net.MrMagicalCart.cartaddon.entities.projectiles.noko.NokoProjectiles to MOD
[20Sep2026 21:11:25.855] [modloading-worker-13/DEBUG] [net.minecraftforge.fml.AutomaticEventSubscriber/LOADING]: Auto-subscribing net.MrMagicalCart.cartaddon.entities.projectiles.nitoryu.NitoryuProjectiles to MOD
[20Sep2026 21:11:25.857] [modloading-worker-13/DEBUG] [net.minecraftforge.fml.AutomaticEventSubscriber/LOADING]: Auto-subscribing net.MrMagicalCart.cartaddon.entities.projectiles.mushisuzumebachi.SuzumebachiProjectiles to MOD
[20Sep2026 21:11:25.862] [modloading-worker-13/DEBUG] [net.minecraftforge.fml.AutomaticEventSubscriber/LOADING]: Auto-subscribing net.MrMagicalCart.cartaddon.entities.projectiles.mori.MoriProjectiles to MOD
[20Sep2026 21:11:25.864] [modloading-worker-13/DEBUG] [net.minecraftforge.fml.AutomaticEventSubscriber/LOADING]: Auto-subscribing net.MrMagicalCart.cartaddon.entities.projectiles.mokuextra.MokuExtraProjectiles to MOD
[20Sep2026 21:11:25.933] [modloading-worker-13/DEBUG] [net.minecraftforge.fml.AutomaticEventSubscriber/LOADING]: Auto-subscribing net.MrMagicalCart.cartaddon.entities.projectiles.modifiedhuman.ModifiedHumanProjectiles to MOD
[20Sep2026 21:11:25.935] [modloading-worker-13/DEBUG] [net.minecraftforge.fml.AutomaticEventSubscriber/LOADING]: Auto-subscribing net.MrMagicalCart.cartaddon.entities.projectiles.mochi.MochiProjectiles to MOD
[20Sep2026 21:11:25.941] [modloading-worker-13/DEBUG] [net.minecraftforge.fml.AutomaticEventSubscriber/LOADING]: Auto-subscribing net.MrMagicalCart.cartaddon.entities.projectiles.meraextra.NewMeraProjectiles to MOD
[20Sep2026 21:11:25.943] [modloading-worker-13/DEBUG] [net.minecraftforge.fml.AutomaticEventSubscriber/LOADING]: Auto-subscribing net.MrMagicalCart.cartaddon.entities.projectiles.maguextra.NewMaguProjectiles to MOD
[20Sep2026 21:11:25.944] [modloading-worker-13/DEBUG] [net.minecraftforge.fml.AutomaticEventSubscriber/LOADING]: Auto-subscribing net.MrMagicalCart.cartaddon.entities.projectiles.lunarian.LunarianProjectiles to MOD
[20Sep2026 21:11:25.945] [modloading-worker-13/DEBUG] [net.minecraftforge.fml.AutomaticEventSubscriber/LOADING]: Auto-subscribing net.MrMagicalCart.cartaddon.entities.projectiles.kumorosamygale.RosamygaleProjectiles to MOD
[20Sep2026 21:11:25.947] [modloading-worker-13/DEBUG] [net.minecraftforge.fml.AutomaticEventSubscriber/LOADING]: Auto-subscribing net.MrMagicalCart.cartaddon.entities.projectiles.kama.KamaProjectiles to MOD
[20Sep2026 21:11:25.949] [modloading-worker-13/DEBUG] [net.minecraftforge.fml.AutomaticEventSubscriber/LOADING]: Auto-subscribing net.MrMagicalCart.cartaddon.entities.projectiles.kageextra.KageExtraProjectiles to MOD
[20Sep2026 21:11:25.950] [modloading-worker-13/DEBUG] [net.minecraftforge.fml.AutomaticEventSubscriber/LOADING]: Auto-subscribing net.MrMagicalCart.cartaddon.entities.projectiles.jikiextra.JikiExtraProjectiles to MOD
[20Sep2026 21:11:25.952] [modloading-worker-13/DEBUG] [net.minecraftforge.fml.AutomaticEventSubscriber/LOADING]: Auto-subscribing net.MrMagicalCart.cartaddon.entities.projectiles.itoextra.ItoAwakeningProjectiles to MOD
[20Sep2026 21:11:25.953] [modloading-worker-13/DEBUG] [net.minecraftforge.fml.AutomaticEventSubscriber/LOADING]: Auto-subscribing net.MrMagicalCart.cartaddon.entities.projectiles.ishi.IshiProjectiles to MOD
[20Sep2026 21:11:25.955] [modloading-worker-13/DEBUG] [net.minecraftforge.fml.AutomaticEventSubscriber/LOADING]: Auto-subscribing net.MrMagicalCart.cartaddon.entities.projectiles.inuwolf.WolfProjectiles to MOD
[20Sep2026 21:11:25.956] [modloading-worker-13/DEBUG] [net.minecraftforge.fml.AutomaticEventSubscriber/LOADING]: Auto-subscribing net.MrMagicalCart.cartaddon.entities.projectiles.inuokuchi.OkuchiProjectiles to MOD
[20Sep2026 21:11:25.957] [modloading-worker-13/DEBUG] [net.minecraftforge.fml.AutomaticEventSubscriber/LOADING]: Auto-subscribing net.MrMagicalCart.cartaddon.entities.projectiles.inukitsune.InuKitsuneProjectiles to MOD
[20Sep2026 21:11:25.959] [modloading-worker-13/DEBUG] [net.minecraftforge.fml.AutomaticEventSubscriber/LOADING]: Auto-subscribing net.MrMagicalCart.cartaddon.entities.projectiles.inudanuki.InuDanukiProjectiles to MOD
[20Sep2026 21:11:25.960] [modloading-worker-13/DEBUG] [net.minecraftforge.fml.AutomaticEventSubscriber/LOADING]: Auto-subscribing net.MrMagicalCart.cartaddon.entities.projectiles.inucerberus.CerberusProjectiles to MOD
[20Sep2026 21:11:25.962] [modloading-worker-13/DEBUG] [net.minecraftforge.fml.AutomaticEventSubscriber/LOADING]: Auto-subscribing net.MrMagicalCart.cartaddon.entities.projectiles.hoya.HoyaProjectiles to MOD
[20Sep2026 21:11:25.964] [modloading-worker-13/DEBUG] [net.minecraftforge.fml.AutomaticEventSubscriber/LOADING]: Auto-subscribing net.MrMagicalCart.cartaddon.entities.projectiles.hook.CartHookProjectiles to MOD
[20Sep2026 21:11:25.965] [modloading-worker-13/DEBUG] [net.minecraftforge.fml.AutomaticEventSubscriber/LOADING]: Auto-subscribing net.MrMagicalCart.cartaddon.entities.projectiles.hebiyamatanoorochi.OrochiProjectiles to MOD
[20Sep2026 21:11:26.034] [modloading-worker-13/DEBUG] [net.minecraftforge.fml.AutomaticEventSubscriber/LOADING]: Auto-subscribing net.MrMagicalCart.cartaddon.entities.projectiles.hebianaconda.HebiAnacondaProjectiles to MOD
[20Sep2026 21:11:26.036] [modloading-worker-13/DEBUG] [net.minecraftforge.fml.AutomaticEventSubscriber/LOADING]: Auto-subscribing net.MrMagicalCart.cartaddon.entities.projectiles.hasshoken.HasshokenProjectiles to MOD
[20Sep2026 21:11:26.038] [modloading-worker-13/DEBUG] [net.minecraftforge.fml.AutomaticEventSubscriber/LOADING]: Auto-subscribing net.MrMagicalCart.cartaddon.entities.projectiles.guru.GuruProjectiles to MOD
[20Sep2026 21:11:26.041] [modloading-worker-13/DEBUG] [net.minecraftforge.fml.AutomaticEventSubscriber/LOADING]: Auto-subscribing net.MrMagicalCart.cartaddon.entities.projectiles.guraextra.NewGuraProjectiles to MOD
[20Sep2026 21:11:26.042] [modloading-worker-13/DEBUG] [net.minecraftforge.fml.AutomaticEventSubscriber/LOADING]: Auto-subscribing net.MrMagicalCart.cartaddon.entities.projectiles.greatblade.GreatBladeProjectiles to MOD
[20Sep2026 21:11:26.044] [modloading-worker-13/DEBUG] [net.minecraftforge.fml.AutomaticEventSubscriber/LOADING]: Auto-subscribing net.MrMagicalCart.cartaddon.entities.projectiles.goru.GoruProjectiles to MOD
[20Sep2026 21:11:26.046] [modloading-worker-13/DEBUG] [net.minecraftforge.fml.AutomaticEventSubscriber/LOADING]: Auto-subscribing net.MrMagicalCart.cartaddon.entities.projectiles.goroextra.GoroExtraProjectiles to MOD
[20Sep2026 21:11:26.048] [modloading-worker-13/DEBUG] [net.minecraftforge.fml.AutomaticEventSubscriber/LOADING]: Auto-subscribing net.MrMagicalCart.cartaddon.entities.projectiles.giro.GiroProjectiles to MOD
[20Sep2026 21:11:26.052] [modloading-worker-13/DEBUG] [net.minecraftforge.fml.AutomaticEventSubscriber/LOADING]: Auto-subscribing net.MrMagicalCart.cartaddon.entities.projectiles.gasuextra.GasuExtraProjectiles to MOD
[20Sep2026 21:11:26.053] [modloading-worker-13/DEBUG] [net.minecraftforge.fml.AutomaticEventSubscriber/LOADING]: Auto-subscribing net.MrMagicalCart.cartaddon.entities.projectiles.fuwa.FuwaProjectiles to MOD
[20Sep2026 21:11:26.055] [modloading-worker-13/DEBUG] [net.minecraftforge.fml.AutomaticEventSubscriber/LOADING]: Auto-subscribing net.MrMagicalCart.cartaddon.entities.projectiles.enma.EnmaProjectiles to MOD
[20Sep2026 21:11:26.056] [modloading-worker-13/DEBUG] [net.minecraftforge.fml.AutomaticEventSubscriber/LOADING]: Auto-subscribing net.MrMagicalCart.cartaddon.entities.projectiles.electro.CartElectroProjectiles to MOD
[20Sep2026 21:11:26.057] [modloading-worker-13/DEBUG] [net.minecraftforge.fml.AutomaticEventSubscriber/LOADING]: Auto-subscribing net.MrMagicalCart.cartaddon.entities.projectiles.dragonthirteen.DragonThirteenProjectiles to MOD
[20Sep2026 21:11:26.058] [modloading-worker-13/DEBUG] [net.minecraftforge.fml.AutomaticEventSubscriber/LOADING]: Auto-subscribing net.MrMagicalCart.cartaddon.entities.projectiles.dokuextra.NewDokuProjectiles to MOD
[20Sep2026 21:11:26.059] [modloading-worker-13/DEBUG] [net.minecraftforge.fml.AutomaticEventSubscriber/LOADING]: Auto-subscribing net.MrMagicalCart.cartaddon.entities.projectiles.dagger.DaggerProjectiles to MOD
[20Sep2026 21:11:26.060] [modloading-worker-13/DEBUG] [net.minecraftforge.fml.AutomaticEventSubscriber/LOADING]: Auto-subscribing net.MrMagicalCart.cartaddon.entities.projectiles.cybrogextra.CyborgExtraProjectiles to MOD
[20Sep2026 21:11:26.062] [modloading-worker-13/DEBUG] [net.minecraftforge.fml.AutomaticEventSubscriber/LOADING]: Auto-subscribing net.MrMagicalCart.cartaddon.entities.projectiles.castlebreaker.CastleBreakerProjectiles to MOD
[20Sep2026 21:11:26.063] [modloading-worker-13/DEBUG] [net.minecraftforge.fml.AutomaticEventSubscriber/LOADING]: Auto-subscribing net.MrMagicalCart.cartaddon.entities.projectiles.brawlerextra.BrawlerExtraProjectiles to MOD
[20Sep2026 21:11:26.065] [modloading-worker-13/DEBUG] [net.minecraftforge.fml.AutomaticEventSubscriber/LOADING]: Auto-subscribing net.MrMagicalCart.cartaddon.entities.projectiles.bludgeon.BludgeonProjectiles to MOD
[20Sep2026 21:11:26.067] [modloading-worker-13/DEBUG] [net.minecraftforge.fml.AutomaticEventSubscriber/LOADING]: Auto-subscribing net.MrMagicalCart.cartaddon.entities.projectiles.blacklegextra.BlackLegExtraProjectiles to MOD
[20Sep2026 21:11:26.072] [modloading-worker-13/DEBUG] [net.minecraftforge.fml.AutomaticEventSubscriber/LOADING]: Auto-subscribing net.MrMagicalCart.cartaddon.entities.projectiles.bisu.BisuProjectiles to MOD
[20Sep2026 21:11:26.115] [modloading-worker-13/DEBUG] [net.minecraftforge.fml.AutomaticEventSubscriber/LOADING]: Auto-subscribing net.MrMagicalCart.cartaddon.entities.projectiles.battovampire.BattoVampireProjectiles to MOD
[20Sep2026 21:11:26.117] [modloading-worker-13/DEBUG] [net.minecraftforge.fml.AutomaticEventSubscriber/LOADING]: Auto-subscribing net.MrMagicalCart.cartaddon.entities.projectiles.batto.BattoProjectiles to MOD
[20Sep2026 21:11:26.119] [modloading-worker-13/DEBUG] [net.minecraftforge.fml.AutomaticEventSubscriber/LOADING]: Auto-subscribing net.MrMagicalCart.cartaddon.entities.projectiles.bata.BataProjectiles to MOD
[20Sep2026 21:11:26.122] [modloading-worker-13/DEBUG] [net.minecraftforge.fml.AutomaticEventSubscriber/LOADING]: Auto-subscribing net.MrMagicalCart.cartaddon.entities.projectiles.axestyle.AxeProjectiles to MOD
[20Sep2026 21:11:26.124] [modloading-worker-13/DEBUG] [net.minecraftforge.fml.AutomaticEventSubscriber/LOADING]: Auto-subscribing net.MrMagicalCart.cartaddon.config.CartCommonConfig to MOD
[20Sep2026 21:11:26.124] [modloading-worker-13/DEBUG] [net.minecraftforge.fml.AutomaticEventSubscriber/LOADING]: Auto-subscribing net.MrMagicalCart.cartaddon.api.CartRegistries to FORGE
[20Sep2026 21:11:26.124] [modloading-worker-13/DEBUG] [net.minecraftforge.fml.AutomaticEventSubscriber/LOADING]: Auto-subscribing net.MrMagicalCart.cartaddon.abilities.trident.SpinStanceAbility$SpinGuardEvents to FORGE
[20Sep2026 21:11:26.126] [modloading-worker-13/DEBUG] [net.minecraftforge.fml.AutomaticEventSubscriber/LOADING]: Auto-subscribing net.MrMagicalCart.cartaddon.abilities.pamu.JiraiPuncAbility to FORGE
[20Sep2026 21:11:26.130] [modloading-worker-13/DEBUG] [net.minecraftforge.fml.AutomaticEventSubscriber/LOADING]: Auto-subscribing net.MrMagicalCart.cartaddon.abilities.modifiedhuman.winchgreen.WinchStrikeAbility$Events to FORGE
[20Sep2026 21:11:26.131] [modloading-worker-13/DEBUG] [net.minecraftforge.fml.AutomaticEventSubscriber/LOADING]: Auto-subscribing net.MrMagicalCart.cartaddon.abilities.modifiedhuman.stealthblack.StealthStrikeAbility$Events to FORGE
[20Sep2026 21:11:26.132] [modloading-worker-13/DEBUG] [net.minecraftforge.fml.AutomaticEventSubscriber/LOADING]: Auto-subscribing net.MrMagicalCart.cartaddon.abilities.modifiedhuman.sparklingred.SparklingStrikeAbility$Events to FORGE
[20Sep2026 21:11:26.133] [modloading-worker-13/DEBUG] [net.minecraftforge.fml.AutomaticEventSubscriber/LOADING]: Auto-subscribing net.MrMagicalCart.cartaddon.abilities.modifiedhuman.poisonpink.PoisonStrikeAbility$Events to FORGE
[20Sep2026 21:11:26.134] [modloading-worker-13/DEBUG] [net.minecraftforge.fml.AutomaticEventSubscriber/LOADING]: Auto-subscribing net.MrMagicalCart.cartaddon.abilities.modifiedhuman.electicshockblue.ShockingStrikeAbility$Events to FORGE
[20Sep2026 21:11:26.136] [modloading-worker-13/DEBUG] [net.minecraftforge.fml.AutomaticEventSubscriber/LOADING]: Auto-subscribing net.MrMagicalCart.cartaddon.abilities.aowrework.entities.AOWReworkEntities to MOD
[20Sep2026 21:11:26.138] [modloading-worker-13/DEBUG] [net.minecraftforge.fml.AutomaticEventSubscriber/LOADING]: Auto-subscribing net.MrMagicalCart.cartaddon.abilities.aowrework.AOWReworkEvents to FORGE
[20Sep2026 21:11:26.156] [Render thread/DEBUG] [net.minecraftforge.registries.ObjectHolderRegistry/REGISTRIES]: Processing ObjectHolder annotations
[20Sep2026 21:11:26.224] [Render thread/DEBUG] [net.minecraftforge.registries.ObjectHolderRegistry/REGISTRIES]: Found 8778 ObjectHolder annotations
[20Sep2026 21:11:26.230] [Render thread/DEBUG] [net.minecraftforge.registries.GameData/REGISTRIES]: Registering custom tag type for: minecraft:potion
[20Sep2026 21:11:26.230] [Render thread/DEBUG] [net.minecraftforge.registries.GameData/REGISTRIES]: Registering custom tag type for: minecraft:enchantment
[20Sep2026 21:11:26.230] [Render thread/DEBUG] [net.minecraftforge.registries.GameData/REGISTRIES]: Registering custom tag type for: minecraft:block_entity_type
[20Sep2026 21:11:26.328] [Render thread/DEBUG] [net.minecraftforge.registries.GameData/REGISTRIES]: Applying holder lookups: minecraft:block
[20Sep2026 21:11:26.337] [Render thread/DEBUG] [net.minecraftforge.registries.GameData/REGISTRIES]: Holder lookups applied: minecraft:block
[20Sep2026 21:11:26.989] [Render thread/DEBUG] [mixin/]: Mixing client.KRoomSwordItemRendererMixin from kazimod.mixins.json into net.minecraft.client.renderer.ItemRenderer
[20Sep2026 21:11:26.990] [Render thread/DEBUG] [mixin/]: Mixing client.PunctureWilleSwordRenderMixin from kazimod.mixins.json into net.minecraft.client.renderer.ItemRenderer
[20Sep2026 21:11:26.990] [Render thread/DEBUG] [mixin/]: Renaming synthetic method lambda$static$0()Ljava/lang/Boolean; to mdbf7ec4$lambda$static$0$0 in kazimod.mixins.json:client.PunctureWilleSwordRenderMixin
[20Sep2026 21:11:26.992] [Render thread/DEBUG] [mixin/]: Mixing client.ItemRendererMixin from mine-mine-no-mi.mixins.json into net.minecraft.client.renderer.ItemRenderer
[20Sep2026 21:11:27.135] [Render thread/DEBUG] [net.minecraftforge.registries.GameData/REGISTRIES]: Applying holder lookups: minecraft:item
[20Sep2026 21:11:27.140] [Render thread/DEBUG] [net.minecraftforge.registries.GameData/REGISTRIES]: Holder lookups applied: minecraft:item
[20Sep2026 21:11:27.143] [Render thread/DEBUG] [net.minecraftforge.registries.GameData/REGISTRIES]: Applying holder lookups: forge:loot_modifier_serializers
[20Sep2026 21:11:27.145] [Render thread/DEBUG] [net.minecraftforge.registries.GameData/REGISTRIES]: Holder lookups applied: forge:loot_modifier_serializers
[20Sep2026 21:11:27.145] [Render thread/DEBUG] [net.minecraftforge.registries.GameData/REGISTRIES]: Applying holder lookups: forge:world_types
[20Sep2026 21:11:27.147] [Render thread/DEBUG] [net.minecraftforge.registries.GameData/REGISTRIES]: Holder lookups applied: forge:world_types
[20Sep2026 21:11:27.152] [Render thread/DEBUG] [net.minecraftforge.registries.GameData/REGISTRIES]: Applying holder lookups: minecraft:activity
[20Sep2026 21:11:27.154] [Render thread/DEBUG] [net.minecraftforge.registries.GameData/REGISTRIES]: Holder lookups applied: minecraft:activity
[20Sep2026 21:11:27.156] [Render thread/DEBUG] [net.minecraftforge.registries.GameData/REGISTRIES]: Applying holder lookups: minecraft:attribute
[20Sep2026 21:11:27.157] [Render thread/DEBUG] [net.minecraftforge.registries.GameData/REGISTRIES]: Holder lookups applied: minecraft:attribute
[20Sep2026 21:11:27.162] [Render thread/DEBUG] [net.minecraftforge.registries.GameData/REGISTRIES]: Applying holder lookups: minecraft:block_entity_type
[20Sep2026 21:11:27.165] [Render thread/DEBUG] [net.minecraftforge.registries.GameData/REGISTRIES]: Holder lookups applied: minecraft:block_entity_type
[20Sep2026 21:11:27.165] [Render thread/DEBUG] [net.minecraftforge.registries.GameData/REGISTRIES]: Applying holder lookups: minecraft:chunk_status
[20Sep2026 21:11:27.166] [Render thread/DEBUG] [net.minecraftforge.registries.GameData/REGISTRIES]: Holder lookups applied: minecraft:chunk_status
[20Sep2026 21:11:27.166] [Render thread/DEBUG] [net.minecraftforge.registries.GameData/REGISTRIES]: Applying holder lookups: minecraft:data_serializers
[20Sep2026 21:11:27.167] [Render thread/DEBUG] [net.minecraftforge.registries.GameData/REGISTRIES]: Holder lookups applied: minecraft:data_serializers
[20Sep2026 21:11:27.168] [Render thread/DEBUG] [net.minecraftforge.registries.GameData/REGISTRIES]: Applying holder lookups: minecraft:enchantment
[20Sep2026 21:11:27.169] [Render thread/DEBUG] [net.minecraftforge.registries.GameData/REGISTRIES]: Holder lookups applied: minecraft:enchantment
[20Sep2026 21:11:27.523] [Render thread/DEBUG] [mixin/]: Mixing SwordsmenQuestsMixin from cartaddon.mixins.json into xyz.pixelatedw.mineminenomi.entities.mobs.quest.givers.SwordsmanTrainerEntity
[20Sep2026 21:11:27.525] [Render thread/DEBUG] [mixin/]: Renaming synthetic method lambda$getQuests$0(Lxyz/pixelatedw/mineminenomi/api/quests/QuestId;)Lxyz/pixelatedw/mineminenomi/api/quests/QuestId; to mdbf7ec4$lambda$getQuests$0$0 in cartaddon.mixins.json:SwordsmenQuestsMixin
[20Sep2026 21:11:27.599] [Render thread/DEBUG] [mixin/]: Mixing SniperQuestsMixin from cartaddon.mixins.json into xyz.pixelatedw.mineminenomi.entities.mobs.quest.givers.SniperTrainerEntity
[20Sep2026 21:11:27.600] [Render thread/DEBUG] [mixin/]: Renaming synthetic method lambda$getQuests$0(Lxyz/pixelatedw/mineminenomi/api/quests/QuestId;)Lxyz/pixelatedw/mineminenomi/api/quests/QuestId; to mdbf7ec4$lambda$getQuests$0$0 in cartaddon.mixins.json:SniperQuestsMixin
[20Sep2026 21:11:27.669] [Render thread/DEBUG] [mixin/]: Mixing AOWQuestsMixin from cartaddon.mixins.json into xyz.pixelatedw.mineminenomi.entities.mobs.quest.givers.ArtOfWeatherTrainerEntity
[20Sep2026 21:11:27.669] [Render thread/DEBUG] [mixin/]: Renaming synthetic method lambda$getQuests$0(Lxyz/pixelatedw/mineminenomi/api/quests/QuestId;)Lxyz/pixelatedw/mineminenomi/api/quests/QuestId; to mdbf7ec4$lambda$getQuests$0$0 in cartaddon.mixins.json:AOWQuestsMixin
[20Sep2026 21:11:27.778] [Render thread/DEBUG] [mixin/]: Mixing BrawlerQuestsMixin from cartaddon.mixins.json into xyz.pixelatedw.mineminenomi.entities.mobs.quest.givers.BrawlerTrainerEntity
[20Sep2026 21:11:27.779] [Render thread/DEBUG] [mixin/]: Renaming synthetic method lambda$getQuests$0(Lxyz/pixelatedw/mineminenomi/api/quests/QuestId;)Lxyz/pixelatedw/mineminenomi/api/quests/QuestId; to mdbf7ec4$lambda$getQuests$0$0 in cartaddon.mixins.json:BrawlerQuestsMixin
[20Sep2026 21:11:27.834] [Render thread/DEBUG] [mixin/]: Mixing BlackLegQuestsMixin from cartaddon.mixins.json into xyz.pixelatedw.mineminenomi.entities.mobs.quest.givers.BlackLegTrainerEntity
[20Sep2026 21:11:27.834] [Render thread/DEBUG] [mixin/]: Renaming synthetic method lambda$getQuests$0(Lxyz/pixelatedw/mineminenomi/api/quests/QuestId;)Lxyz/pixelatedw/mineminenomi/api/quests/QuestId; to mdbf7ec4$lambda$getQuests$0$0 in cartaddon.mixins.json:BlackLegQuestsMixin
[20Sep2026 21:11:28.831] [Render thread/DEBUG] [net.minecraftforge.registries.GameData/REGISTRIES]: Applying holder lookups: minecraft:entity_type
[20Sep2026 21:11:28.833] [Render thread/DEBUG] [net.minecraftforge.registries.GameData/REGISTRIES]: Holder lookups applied: minecraft:entity_type
[20Sep2026 21:11:28.833] [Render thread/DEBUG] [net.minecraftforge.registries.GameData/REGISTRIES]: Applying holder lookups: minecraft:fluid
[20Sep2026 21:11:28.835] [Render thread/DEBUG] [net.minecraftforge.registries.GameData/REGISTRIES]: Holder lookups applied: minecraft:fluid
[20Sep2026 21:11:28.835] [Render thread/DEBUG] [net.minecraftforge.registries.GameData/REGISTRIES]: Applying holder lookups: minecraft:memory_module_type
[20Sep2026 21:11:28.836] [Render thread/DEBUG] [net.minecraftforge.registries.GameData/REGISTRIES]: Holder lookups applied: minecraft:memory_module_type
[20Sep2026 21:11:28.842] [Render thread/DEBUG] [net.minecraftforge.registries.GameData/REGISTRIES]: Applying holder lookups: minecraft:menu
[20Sep2026 21:11:28.843] [Render thread/DEBUG] [net.minecraftforge.registries.GameData/REGISTRIES]: Holder lookups applied: minecraft:menu
[20Sep2026 21:11:28.858] [Render thread/DEBUG] [net.minecraftforge.registries.GameData/REGISTRIES]: Applying holder lookups: minecraft:mob_effect
[20Sep2026 21:11:28.859] [Render thread/DEBUG] [net.minecraftforge.registries.GameData/REGISTRIES]: Holder lookups applied: minecraft:mob_effect
[20Sep2026 21:11:28.859] [Render thread/DEBUG] [net.minecraftforge.registries.GameData/REGISTRIES]: Applying holder lookups: minecraft:motive
[20Sep2026 21:11:28.860] [Render thread/DEBUG] [net.minecraftforge.registries.GameData/REGISTRIES]: Holder lookups applied: minecraft:motive
[20Sep2026 21:11:28.863] [Render thread/DEBUG] [net.minecraftforge.registries.GameData/REGISTRIES]: Applying holder lookups: minecraft:particle_type
[20Sep2026 21:11:28.865] [Render thread/DEBUG] [net.minecraftforge.registries.GameData/REGISTRIES]: Holder lookups applied: minecraft:particle_type
[20Sep2026 21:11:28.866] [Render thread/DEBUG] [net.minecraftforge.registries.GameData/REGISTRIES]: Applying holder lookups: minecraft:point_of_interest_type
[20Sep2026 21:11:28.867] [Render thread/DEBUG] [net.minecraftforge.registries.GameData/REGISTRIES]: Holder lookups applied: minecraft:point_of_interest_type
[20Sep2026 21:11:28.868] [Render thread/DEBUG] [net.minecraftforge.registries.GameData/REGISTRIES]: Applying holder lookups: minecraft:potion
[20Sep2026 21:11:28.868] [Render thread/DEBUG] [net.minecraftforge.registries.GameData/REGISTRIES]: Holder lookups applied: minecraft:potion
[20Sep2026 21:11:28.889] [Render thread/DEBUG] [net.minecraftforge.registries.GameData/REGISTRIES]: Applying holder lookups: minecraft:recipe_serializer
[20Sep2026 21:11:28.890] [Render thread/DEBUG] [net.minecraftforge.registries.GameData/REGISTRIES]: Holder lookups applied: minecraft:recipe_serializer
[20Sep2026 21:11:28.890] [Render thread/DEBUG] [net.minecraftforge.registries.GameData/REGISTRIES]: Applying holder lookups: minecraft:schedule
[20Sep2026 21:11:28.891] [Render thread/DEBUG] [net.minecraftforge.registries.GameData/REGISTRIES]: Holder lookups applied: minecraft:schedule
[20Sep2026 21:11:28.891] [Render thread/DEBUG] [net.minecraftforge.registries.GameData/REGISTRIES]: Applying holder lookups: minecraft:sensor_type
[20Sep2026 21:11:28.892] [Render thread/DEBUG] [net.minecraftforge.registries.GameData/REGISTRIES]: Holder lookups applied: minecraft:sensor_type
[20Sep2026 21:11:28.892] [Render thread/DEBUG] [net.minecraftforge.registries.GameData/REGISTRIES]: Applying holder lookups: minecraft:sound_event
[20Sep2026 21:11:28.893] [Render thread/DEBUG] [net.minecraftforge.registries.GameData/REGISTRIES]: Holder lookups applied: minecraft:sound_event
[20Sep2026 21:11:28.893] [Render thread/DEBUG] [net.minecraftforge.registries.GameData/REGISTRIES]: Applying holder lookups: minecraft:stat_type
[20Sep2026 21:11:28.894] [Render thread/DEBUG] [net.minecraftforge.registries.GameData/REGISTRIES]: Holder lookups applied: minecraft:stat_type
[20Sep2026 21:11:28.894] [Render thread/DEBUG] [net.minecraftforge.registries.GameData/REGISTRIES]: Applying holder lookups: minecraft:villager_profession
[20Sep2026 21:11:28.895] [Render thread/DEBUG] [net.minecraftforge.registries.GameData/REGISTRIES]: Holder lookups applied: minecraft:villager_profession
[20Sep2026 21:11:28.896] [Render thread/DEBUG] [net.minecraftforge.registries.GameData/REGISTRIES]: Applying holder lookups: minecraft:worldgen/biome
[20Sep2026 21:11:28.897] [Render thread/DEBUG] [net.minecraftforge.registries.GameData/REGISTRIES]: Holder lookups applied: minecraft:worldgen/biome
[20Sep2026 21:11:28.897] [Render thread/DEBUG] [net.minecraftforge.registries.GameData/REGISTRIES]: Applying holder lookups: minecraft:worldgen/block_placer_type
[20Sep2026 21:11:28.898] [Render thread/DEBUG] [net.minecraftforge.registries.GameData/REGISTRIES]: Holder lookups applied: minecraft:worldgen/block_placer_type
[20Sep2026 21:11:28.898] [Render thread/DEBUG] [net.minecraftforge.registries.GameData/REGISTRIES]: Applying holder lookups: minecraft:worldgen/block_state_provider_type
[20Sep2026 21:11:28.899] [Render thread/DEBUG] [net.minecraftforge.registries.GameData/REGISTRIES]: Holder lookups applied: minecraft:worldgen/block_state_provider_type
[20Sep2026 21:11:28.899] [Render thread/DEBUG] [net.minecraftforge.registries.GameData/REGISTRIES]: Applying holder lookups: minecraft:worldgen/carver
[20Sep2026 21:11:28.899] [Render thread/DEBUG] [net.minecraftforge.registries.GameData/REGISTRIES]: Holder lookups applied: minecraft:worldgen/carver
[20Sep2026 21:11:28.900] [Render thread/DEBUG] [net.minecraftforge.registries.GameData/REGISTRIES]: Applying holder lookups: minecraft:worldgen/decorator
[20Sep2026 21:11:28.900] [Render thread/DEBUG] [net.minecraftforge.registries.GameData/REGISTRIES]: Holder lookups applied: minecraft:worldgen/decorator
[20Sep2026 21:11:28.905] [Render thread/DEBUG] [net.minecraftforge.registries.GameData/REGISTRIES]: Applying holder lookups: minecraft:worldgen/feature
[20Sep2026 21:11:28.906] [Render thread/DEBUG] [net.minecraftforge.registries.GameData/REGISTRIES]: Holder lookups applied: minecraft:worldgen/feature
[20Sep2026 21:11:28.909] [Render thread/DEBUG] [net.minecraftforge.registries.GameData/REGISTRIES]: Applying holder lookups: minecraft:worldgen/foliage_placer_type
[20Sep2026 21:11:28.910] [Render thread/DEBUG] [net.minecraftforge.registries.GameData/REGISTRIES]: Holder lookups applied: minecraft:worldgen/foliage_placer_type
[20Sep2026 21:11:28.911] [Render thread/DEBUG] [net.minecraftforge.registries.GameData/REGISTRIES]: Applying holder lookups: minecraft:worldgen/structure_feature
[20Sep2026 21:11:28.912] [Render thread/DEBUG] [net.minecraftforge.registries.GameData/REGISTRIES]: Holder lookups applied: minecraft:worldgen/structure_feature
[20Sep2026 21:11:28.912] [Render thread/DEBUG] [net.minecraftforge.registries.GameData/REGISTRIES]: Applying holder lookups: minecraft:worldgen/surface_builder
[20Sep2026 21:11:28.913] [Render thread/DEBUG] [net.minecraftforge.registries.GameData/REGISTRIES]: Holder lookups applied: minecraft:worldgen/surface_builder
[20Sep2026 21:11:28.914] [Render thread/DEBUG] [net.minecraftforge.registries.GameData/REGISTRIES]: Applying holder lookups: minecraft:worldgen/tree_decorator_type
[20Sep2026 21:11:28.914] [Render thread/DEBUG] [net.minecraftforge.registries.GameData/REGISTRIES]: Holder lookups applied: minecraft:worldgen/tree_decorator_type
[20Sep2026 21:11:28.936] [Render thread/DEBUG] [net.minecraftforge.registries.GameData/REGISTRIES]: Applying holder lookups: mineminenomi:abilities
[20Sep2026 21:11:28.939] [Render thread/DEBUG] [net.minecraftforge.registries.GameData/REGISTRIES]: Holder lookups applied: mineminenomi:abilities
[20Sep2026 21:11:28.946] [Render thread/DEBUG] [net.minecraftforge.registries.GameData/REGISTRIES]: Applying holder lookups: mineminenomi:challenges
[20Sep2026 21:11:28.947] [Render thread/DEBUG] [net.minecraftforge.registries.GameData/REGISTRIES]: Holder lookups applied: mineminenomi:challenges
[20Sep2026 21:11:28.952] [Render thread/DEBUG] [net.minecraftforge.registries.GameData/REGISTRIES]: Applying holder lookups: mineminenomi:faction
[20Sep2026 21:11:28.953] [Render thread/DEBUG] [net.minecraftforge.registries.GameData/REGISTRIES]: Holder lookups applied: mineminenomi:faction
[20Sep2026 21:11:28.960] [Render thread/DEBUG] [net.minecraftforge.registries.GameData/REGISTRIES]: Applying holder lookups: mineminenomi:interactions
[20Sep2026 21:11:28.961] [Render thread/DEBUG] [net.minecraftforge.registries.GameData/REGISTRIES]: Holder lookups applied: mineminenomi:interactions
[20Sep2026 21:11:28.962] [Render thread/DEBUG] [net.minecraftforge.registries.GameData/REGISTRIES]: Applying holder lookups: mineminenomi:jolly_roger_elements
[20Sep2026 21:11:28.963] [Render thread/DEBUG] [net.minecraftforge.registries.GameData/REGISTRIES]: Holder lookups applied: mineminenomi:jolly_roger_elements
[20Sep2026 21:11:28.967] [Render thread/DEBUG] [net.minecraftforge.registries.GameData/REGISTRIES]: Applying holder lookups: mineminenomi:morphs
[20Sep2026 21:11:28.969] [Render thread/DEBUG] [net.minecraftforge.registries.GameData/REGISTRIES]: Holder lookups applied: mineminenomi:morphs
[20Sep2026 21:11:28.986] [Render thread/DEBUG] [net.minecraftforge.registries.GameData/REGISTRIES]: Applying holder lookups: mineminenomi:particle_effect
[20Sep2026 21:11:28.989] [Render thread/DEBUG] [net.minecraftforge.registries.GameData/REGISTRIES]: Holder lookups applied: mineminenomi:particle_effect
[20Sep2026 21:11:28.989] [Render thread/DEBUG] [net.minecraftforge.registries.GameData/REGISTRIES]: Applying holder lookups: mineminenomi:quests
[20Sep2026 21:11:28.990] [Render thread/DEBUG] [net.minecraftforge.registries.GameData/REGISTRIES]: Holder lookups applied: mineminenomi:quests
[20Sep2026 21:11:29.003] [Render thread/DEBUG] [net.minecraftforge.registries.GameData/REGISTRIES]: Applying holder lookups: mineminenomi:race
[20Sep2026 21:11:29.005] [Render thread/DEBUG] [net.minecraftforge.registries.GameData/REGISTRIES]: Holder lookups applied: mineminenomi:race
[20Sep2026 21:11:29.006] [Render thread/DEBUG] [net.minecraftforge.registries.GameData/REGISTRIES]: Applying holder lookups: mineminenomi:style
[20Sep2026 21:11:29.007] [Render thread/DEBUG] [net.minecraftforge.registries.GameData/REGISTRIES]: Holder lookups applied: mineminenomi:style
[20Sep2026 21:11:29.111] [Render thread/DEBUG] [net.minecraftforge.fml.client.ClientModLoader/CORE]: Generating PackInfo named mod:forge for mod file C:\Users\th3wyz\.gradle\caches\forge_gradle\minecraft_user_repo\net\minecraftforge\forge\1.16.5-36.2.39_mapped_official_1.16.5\forge-1.16.5-36.2.39_mapped_official_1.16.5-recomp.jar
[20Sep2026 21:11:29.112] [Render thread/DEBUG] [net.minecraftforge.fml.client.ClientModLoader/CORE]: Generating PackInfo named mod:mineminenomi for mod file C:\Users\th3wyz\.gradle\caches\forge_gradle\deobf_dependencies\local\mine-mine-no-mi-1.16.5\0.10.11_mapped_official_1.16.5\mine-mine-no-mi-1.16.5-0.10.11_mapped_official_1.16.5.jar
[20Sep2026 21:11:29.112] [Render thread/DEBUG] [net.minecraftforge.fml.client.ClientModLoader/CORE]: Generating PackInfo named mod:curios for mod file C:\Users\th3wyz\.gradle\caches\forge_gradle\deobf_dependencies\curse\maven\curios-309927\4419403_mapped_official_1.16.5\curios-309927-4419403_mapped_official_1.16.5.jar
[20Sep2026 21:11:29.112] [Render thread/DEBUG] [net.minecraftforge.fml.client.ClientModLoader/CORE]: Generating PackInfo named mod:cartaddon for mod file C:\Users\th3wyz\.gradle\caches\forge_gradle\deobf_dependencies\local\cartaddon\0.7.5_mapped_official_1.16.5\cartaddon-0.7.5_mapped_official_1.16.5.jar
[20Sep2026 21:11:29.113] [Render thread/DEBUG] [net.minecraftforge.fml.client.ClientModLoader/CORE]: Generating PackInfo named mod:kazimod for mod file C:\Users\th3wyz\IdeaProjects\Kaziaddon44\build\client-runtime\resources
[20Sep2026 21:11:29.162] [Render thread/DEBUG] [mixin/]: Mixing client.SplashesMixin from mine-mine-no-mi.mixins.json into net.minecraft.client.util.Splashes
[20Sep2026 21:11:29.164] [Render thread/DEBUG] [mixin/]: Renaming synthetic method lambda$getSplash$0(Ljava/lang/String;)Z to mdbf7ec4$lambda$getSplash$0$0 in mine-mine-no-mi.mixins.json:client.SplashesMixin
[20Sep2026 21:11:29.266] [Render thread/DEBUG] [mixin/]: Mixing client.EntityRendererManagerMixin from mine-mine-no-mi.mixins.json into net.minecraft.client.renderer.entity.EntityRendererManager
[20Sep2026 21:11:29.357] [Render thread/DEBUG] [mixin/]: ArgsClassGenerator assigning org.spongepowered.asm.synthetic.args.Args$3 for descriptor (Lcom/mojang/blaze3d/matrix/MatrixStack;Lnet/minecraft/client/renderer/IRenderTypeBuffer;Lnet/minecraft/entity/Entity;FFLnet/minecraft/world/IWorldReader;F)V
[20Sep2026 21:11:29.366] [Render thread/DEBUG] [mixin/]: Mixing client.BoatRendererMixin from mine-mine-no-mi.mixins.json into net.minecraft.client.renderer.entity.BoatRenderer
[20Sep2026 21:11:29.439] [Render thread/DEBUG] [net.minecraftforge.coremod.transformer.CoreModBaseTransformer/COREMOD]: Transforming render with desc (Lnet/minecraft/entity/projectile/FishingBobberEntity;FFLcom/mojang/blaze3d/matrix/MatrixStack;Lnet/minecraft/client/renderer/IRenderTypeBuffer;I)V
[20Sep2026 21:11:29.489] [Render thread/DEBUG] [mixin/]: Mixing client.HeldItemLayerMixin from mine-mine-no-mi.mixins.json into net.minecraft.client.renderer.entity.layers.HeldItemLayer
[20Sep2026 21:11:29.765] [Render thread/DEBUG] [net.minecraftforge.coremod.transformer.CoreModBaseTransformer/COREMOD]: Transforming prepareMobModel with desc (Lnet/minecraft/entity/MobEntity;FFF)V
[20Sep2026 21:11:29.767] [Render thread/DEBUG] [net.minecraftforge.coremod.transformer.CoreModBaseTransformer/COREMOD]: Transforming setupAnim with desc (Lnet/minecraft/entity/MobEntity;FFFFF)V
[20Sep2026 21:11:29.839] [Render thread/DEBUG] [mixin/]: Mixing client.CapeLayerMixin from mine-mine-no-mi.mixins.json into net.minecraft.client.renderer.entity.layers.CapeLayer
[20Sep2026 21:11:29.839] [Render thread/DEBUG] [mixin/]: Renaming synthetic method lambda$render$0(Lnet/minecraft/item/ItemStack;Ljava/util/function/Supplier;)Z to mdbf7ec4$lambda$render$0$0 in mine-mine-no-mi.mixins.json:client.CapeLayerMixin
[20Sep2026 21:11:29.874] [Render thread/DEBUG] [net.minecraftforge.coremod.transformer.CoreModBaseTransformer/COREMOD]: Transforming renderHandsWithItems with desc (FLcom/mojang/blaze3d/matrix/MatrixStack;Lnet/minecraft/client/renderer/IRenderTypeBuffer$Impl;Lnet/minecraft/client/entity/player/ClientPlayerEntity;I)V
[20Sep2026 21:11:29.879] [Render thread/DEBUG] [net.minecraftforge.coremod.transformer.CoreModBaseTransformer/COREMOD]: Transforming renderHandsWithItems with desc (FLcom/mojang/blaze3d/matrix/MatrixStack;Lnet/minecraft/client/renderer/IRenderTypeBuffer$Impl;Lnet/minecraft/client/entity/player/ClientPlayerEntity;I)V
[20Sep2026 21:11:29.883] [Render thread/DEBUG] [net.minecraftforge.coremod.transformer.CoreModBaseTransformer/COREMOD]: Transforming renderArmWithItem with desc (Lnet/minecraft/client/entity/player/AbstractClientPlayerEntity;FFLnet/minecraft/util/Hand;FLnet/minecraft/item/ItemStack;FLcom/mojang/blaze3d/matrix/MatrixStack;Lnet/minecraft/client/renderer/IRenderTypeBuffer;I)V
[20Sep2026 21:11:29.891] [Render thread/DEBUG] [net.minecraftforge.coremod.transformer.CoreModBaseTransformer/COREMOD]: Transforming renderArmWithItem with desc (Lnet/minecraft/client/entity/player/AbstractClientPlayerEntity;FFLnet/minecraft/util/Hand;FLnet/minecraft/item/ItemStack;FLcom/mojang/blaze3d/matrix/MatrixStack;Lnet/minecraft/client/renderer/IRenderTypeBuffer;I)V
[20Sep2026 21:11:29.900] [Render thread/DEBUG] [mixin/]: Mixing client.FirstPersonRendererMixin from mine-mine-no-mi.mixins.json into net.minecraft.client.renderer.FirstPersonRenderer
[20Sep2026 21:11:30.016] [Render thread/DEBUG] [mixin/]: Mixing client.BlockRendererDispatcherMixin from mine-mine-no-mi.mixins.json into net.minecraft.client.renderer.BlockRendererDispatcher
[20Sep2026 21:11:30.076] [Render thread/DEBUG] [mixin/]: Mixing client.SuffixArrayMixin from mine-mine-no-mi.mixins.json into net.minecraft.client.util.SuffixArray
[20Sep2026 21:11:30.240] [Render thread/DEBUG] [io.netty.util.internal.InternalThreadLocalMap/]: -Dio.netty.threadLocalMap.stringBuilder.initialSize: 1024
[20Sep2026 21:11:30.240] [Render thread/DEBUG] [io.netty.util.internal.InternalThreadLocalMap/]: -Dio.netty.threadLocalMap.stringBuilder.maxSize: 4096
[20Sep2026 21:11:30.241] [Render thread/DEBUG] [io.netty.util.internal.ThreadLocalRandom/]: -Dio.netty.initialSeedUniquifier: 0x6cff6cc2acb7eeea
[20Sep2026 21:11:30.541] [Render thread/INFO] [com.mojang.text2speech.NarratorWindows/]: Narrator library for x64 successfully loaded
[20Sep2026 21:11:30.624] [Render thread/INFO] [net.minecraft.resources.SimpleReloadableResourceManager/]: Reloading ResourceManager: Default, Mod Resources
[20Sep2026 21:11:30.655] [modloading-worker-13/DEBUG] [net.minecraftforge.fml.config.ConfigTracker/CONFIG]: Loading configs type CLIENT
[20Sep2026 21:11:30.657] [modloading-worker-13/DEBUG] [net.minecraftforge.fml.config.ConfigFileTypeHandler/CONFIG]: Built TOML config for C:\Users\th3wyz\IdeaProjects\Kaziaddon44\run\config\curios-client.toml
[20Sep2026 21:11:30.658] [modloading-worker-13/DEBUG] [net.minecraftforge.fml.config.ConfigFileTypeHandler/CONFIG]: Loaded TOML config file C:\Users\th3wyz\IdeaProjects\Kaziaddon44\run\config\curios-client.toml
[20Sep2026 21:11:30.730] [modloading-worker-13/DEBUG] [net.minecraftforge.fml.config.ConfigFileTypeHandler/CONFIG]: Watching TOML config file C:\Users\th3wyz\IdeaProjects\Kaziaddon44\run\config\curios-client.toml for changes
[20Sep2026 21:11:30.757] [modloading-worker-13/DEBUG] [net.minecraftforge.fml.config.ConfigFileTypeHandler/CONFIG]: Built TOML config for C:\Users\th3wyz\IdeaProjects\Kaziaddon44\run\config\forge-client.toml
[20Sep2026 21:11:30.757] [modloading-worker-13/DEBUG] [net.minecraftforge.fml.config.ConfigFileTypeHandler/CONFIG]: Loaded TOML config file C:\Users\th3wyz\IdeaProjects\Kaziaddon44\run\config\forge-client.toml
[20Sep2026 21:11:30.816] [modloading-worker-13/DEBUG] [net.minecraftforge.fml.config.ConfigFileTypeHandler/CONFIG]: Watching TOML config file C:\Users\th3wyz\IdeaProjects\Kaziaddon44\run\config\forge-client.toml for changes
[20Sep2026 21:11:30.816] [modloading-worker-13/DEBUG] [net.minecraftforge.common.ForgeConfig/FORGEMOD]: Loaded forge config file forge-client.toml
[20Sep2026 21:11:30.818] [modloading-worker-13/DEBUG] [net.minecraftforge.fml.config.ConfigFileTypeHandler/CONFIG]: Built TOML config for C:\Users\th3wyz\IdeaProjects\Kaziaddon44\run\config\mineminenomi-client.toml
[20Sep2026 21:11:30.819] [modloading-worker-13/DEBUG] [net.minecraftforge.fml.config.ConfigFileTypeHandler/CONFIG]: Loaded TOML config file C:\Users\th3wyz\IdeaProjects\Kaziaddon44\run\config\mineminenomi-client.toml
[20Sep2026 21:11:30.824] [modloading-worker-13/DEBUG] [net.minecraftforge.fml.config.ConfigFileTypeHandler/CONFIG]: Watching TOML config file C:\Users\th3wyz\IdeaProjects\Kaziaddon44\run\config\mineminenomi-client.toml for changes
[20Sep2026 21:11:30.850] [modloading-worker-13/DEBUG] [net.minecraftforge.fml.config.ConfigTracker/CONFIG]: Loading configs type COMMON
[20Sep2026 21:11:30.850] [modloading-worker-13/DEBUG] [net.minecraftforge.fml.config.ConfigFileTypeHandler/CONFIG]: Built TOML config for C:\Users\th3wyz\IdeaProjects\Kaziaddon44\run\config\kazimod.toml
[20Sep2026 21:11:30.851] [modloading-worker-13/DEBUG] [net.minecraftforge.fml.config.ConfigFileTypeHandler/CONFIG]: Loaded TOML config file C:\Users\th3wyz\IdeaProjects\Kaziaddon44\run\config\kazimod.toml
[20Sep2026 21:11:30.905] [modloading-worker-13/DEBUG] [net.minecraftforge.fml.config.ConfigFileTypeHandler/CONFIG]: Watching TOML config file C:\Users\th3wyz\IdeaProjects\Kaziaddon44\run\config\kazimod.toml for changes
[20Sep2026 21:11:30.927] [Thread-1/DEBUG] [net.minecraftforge.fml.config.ConfigFileTypeHandler/CONFIG]: Config file mineminenomi-client.toml changed, sending notifies
[20Sep2026 21:11:30.971] [modloading-worker-13/DEBUG] [net.minecraftforge.fml.config.ConfigFileTypeHandler/CONFIG]: Built TOML config for C:\Users\th3wyz\IdeaProjects\Kaziaddon44\run\config\cartaddon-common.toml
[20Sep2026 21:11:30.972] [modloading-worker-13/DEBUG] [net.minecraftforge.fml.config.ConfigFileTypeHandler/CONFIG]: Loaded TOML config file C:\Users\th3wyz\IdeaProjects\Kaziaddon44\run\config\cartaddon-common.toml
[20Sep2026 21:11:31.087] [modloading-worker-13/DEBUG] [net.minecraftforge.fml.config.ConfigFileTypeHandler/CONFIG]: Watching TOML config file C:\Users\th3wyz\IdeaProjects\Kaziaddon44\run\config\cartaddon-common.toml for changes
[20Sep2026 21:11:31.139] [modloading-worker-13/DEBUG] [net.minecraftforge.fml.config.ConfigFileTypeHandler/CONFIG]: Built TOML config for C:\Users\th3wyz\IdeaProjects\Kaziaddon44\run\config\forge-common.toml
[20Sep2026 21:11:31.139] [modloading-worker-13/DEBUG] [net.minecraftforge.fml.config.ConfigFileTypeHandler/CONFIG]: Loaded TOML config file C:\Users\th3wyz\IdeaProjects\Kaziaddon44\run\config\forge-common.toml
[20Sep2026 21:11:31.202] [Thread-1/DEBUG] [net.minecraftforge.fml.config.ConfigFileTypeHandler/CONFIG]: Config file kazimod.toml changed, sending notifies
[20Sep2026 21:11:31.209] [modloading-worker-13/DEBUG] [net.minecraftforge.fml.config.ConfigFileTypeHandler/CONFIG]: Watching TOML config file C:\Users\th3wyz\IdeaProjects\Kaziaddon44\run\config\forge-common.toml for changes
[20Sep2026 21:11:31.290] [modloading-worker-13/DEBUG] [net.minecraftforge.common.ForgeConfig/FORGEMOD]: Loaded forge config file forge-common.toml
[20Sep2026 21:11:31.291] [modloading-worker-13/DEBUG] [net.minecraftforge.fml.config.ConfigFileTypeHandler/CONFIG]: Built TOML config for C:\Users\th3wyz\IdeaProjects\Kaziaddon44\run\config\mineminenomi-common.toml
[20Sep2026 21:11:31.336] [modloading-worker-13/DEBUG] [net.minecraftforge.fml.config.ConfigFileTypeHandler/CONFIG]: Loaded TOML config file C:\Users\th3wyz\IdeaProjects\Kaziaddon44\run\config\mineminenomi-common.toml
[20Sep2026 21:11:31.388] [Worker-Main-12/INFO] [kazimod/]: piraterecruits Texture Stitch (Pre)
[20Sep2026 21:11:31.391] [Worker-Main-10/INFO] [kazimod/]: piraterecruits Texture Stitch (Pre)
[20Sep2026 21:11:31.408] [Worker-Main-8/INFO] [kazimod/]: piraterecruits Texture Stitch (Pre)
[20Sep2026 21:11:31.444] [modloading-worker-13/DEBUG] [net.minecraftforge.fml.config.ConfigFileTypeHandler/CONFIG]: Watching TOML config file C:\Users\th3wyz\IdeaProjects\Kaziaddon44\run\config\mineminenomi-common.toml for changes
[20Sep2026 21:11:31.472] [Thread-1/DEBUG] [net.minecraftforge.fml.config.ConfigFileTypeHandler/CONFIG]: Config file mineminenomi-common.toml changed, sending notifies
[20Sep2026 21:11:31.546] [Forge Version Check/INFO] [net.minecraftforge.fml.VersionChecker/]: [forge] Starting version check at https://files.minecraftforge.net/net/minecraftforge/forge/promotions_slim.json
[20Sep2026 21:11:31.628] [Worker-Main-13/DEBUG] [mixin/]: Mixing CartRaceReplace from kazimod.mixins.json into xyz.pixelatedw.mineminenomi.data.entity.ability.AbilityDataBase
[20Sep2026 21:11:31.714] [Forge Version Check/DEBUG] [net.minecraftforge.fml.VersionChecker/]: [forge] Received version check data:
{
  "homepage": "https://files.minecraftforge.net/net/minecraftforge/forge/",
  "promos": {
    "1.1-latest": "1.3.4.29",
    "1.2.3-latest": "1.4.1.64",
    "1.2.4-latest": "2.0.0.68",
    "1.2.5-latest": "3.4.9.171",
    "1.3.2-latest": "4.3.5.318",
    "1.4.0-latest": "5.0.0.326",
    "1.4.1-latest": "6.0.0.329",
    "1.4.2-latest": "6.0.1.355",
    "1.4.3-latest": "6.2.1.358",
    "1.4.4-latest": "6.3.0.378",
    "1.4.5-latest": "6.4.2.448",
    "1.4.6-latest": "6.5.0.489",
    "1.4.7-latest": "6.6.2.534",
    "1.5-latest": "7.7.0.598",
    "1.5.1-latest": "7.7.2.682",
    "1.5.2-latest": "7.8.1.738",
    "1.5.2-recommended": "7.8.1.738",
    "1.6.1-latest": "8.9.0.775",
    "1.6.2-latest": "9.10.1.871",
    "1.6.2-recommended": "9.10.1.871",
    "1.6.3-latest": "9.11.0.878",
    "1.6.4-latest": "9.11.1.1345",
    "1.6.4-recommended": "9.11.1.1345",
    "1.7.2-latest": "10.12.2.1161",
    "1.7.2-recommended": "10.12.2.1161",
    "1.7.10-latest": "10.13.4.1614",
    "1.7.10-recommended": "10.13.4.1614",
    "1.8-latest": "11.14.4.1577",
    "1.8-recommended": "11.14.4.1563",
    "1.8.8-latest": "11.15.0.1655",
    "1.8.9-latest": "11.15.1.2318",
    "1.8.9-recommended": "11.15.1.2318",
    "1.9-latest": "12.16.1.1938",
    "1.9-recommended": "12.16.1.1887",
    "1.9.4-latest": "12.17.0.2317",
    "1.9.4-recommended": "12.17.0.2317",
    "1.10-latest": "12.18.0.2000",
    "1.10.2-latest": "12.18.3.2511",
    "1.10.2-recommended": "12.18.3.2511",
    "1.11-latest": "13.19.1.2199",
    "1.11-recommended": "13.19.1.2189",
    "1.11.2-latest": "13.20.1.2588",
    "1.11.2-recommended": "13.20.1.2588",
    "1.12-latest": "14.21.1.2443",
    "1.12-recommended": "14.21.1.2387",
    "1.12.1-latest": "14.22.1.2485",
    "1.12.1-recommended": "14.22.1.2478",
    "1.12.2-latest": "14.23.5.2864",
    "1.12.2-recommended": "14.23.5.2859",
    "1.13.2-latest": "25.0.223",
    "1.14.2-latest": "26.0.63",
    "1.14.3-latest": "27.0.60",
    "1.14.4-latest": "28.2.30",
    "1.14.4-recommended": "28.2.26",
    "1.15-latest": "29.0.4",
    "1.15.1-latest": "30.0.51",
    "1.15.2-latest": "31.2.62",
    "1.15.2-recommended": "31.2.57",
    "1.16.1-latest": "32.0.108",
    "1.16.2-latest": "33.0.61",
    "1.16.3-latest": "34.1.42",
    "1.16.3-recommended": "34.1.0",
    "1.16.4-latest": "35.1.37",
    "1.16.4-recommended": "35.1.4",
    "1.16.5-latest": "36.2.42",
    "1.16.5-recommended": "36.2.34",
    "1.17.1-latest": "37.1.1",
    "1.17.1-recommended": "37.1.1",
    "1.18-latest": "38.0.17",
    "1.18.1-latest": "39.1.2",
    "1.18.1-recommended": "39.1.0",
    "1.18.2-recommended": "40.3.0",
    "1.18.2-latest": "40.3.12",
    "1.19-latest": "41.1.0",
    "1.19-recommended": "41.1.0",
    "1.19.1-latest": "42.0.9",
    "1.19.2-recommended": "43.5.0",
    "1.19.2-latest": "43.5.2",
    "1.19.3-latest": "44.1.23",
    "1.19.3-recommended": "44.1.0",
    "1.19.4-recommended": "45.4.0",
    "1.19.4-latest": "45.4.5",
    "1.20-latest": "46.0.14",
    "1.20.1-recommended": "47.4.10",
    "1.20.1-latest": "47.4.23",
    "1.20.2-latest": "48.1.0",
    "1.20.2-recommended": "48.1.0",
    "1.20.3-latest": "49.0.2",
    "1.20.4-latest": "49.2.8",
    "1.20.4-recommended": "49.2.0",
    "1.20.6-latest": "50.2.10",
    "1.20.6-recommended": "50.2.0",
    "1.21-latest": "51.0.33",
    "1.21.1-latest": "52.1.16",
    "1.21.1-recommended": "52.1.0",
    "1.21.3-latest": "53.1.12",
    "1.21.3-recommended": "53.1.0",
    "1.21.4-latest": "54.1.18",
    "1.21.4-recommended": "54.1.14",
    "1.21.5-latest": "55.1.13",
    "1.21.5-recommended": "55.1.0",
    "1.21.6-latest": "56.0.9",
    "1.21.7-latest": "57.0.3",
    "1.21.8-latest": "58.1.22",
    "1.21.8-recommended": "58.1.0",
    "1.21.9-latest": "59.0.5",
    "1.21.10-latest": "60.1.15",
    "1.21.10-recommended": "60.1.0",
    "1.21.11-latest": "61.2.1",
    "1.21.11-recommended": "61.2.0",
    "26.1-latest": "62.0.9",
    "26.1.1-latest": "63.0.2",
    "26.1.2-latest": "64.1.3",
    "26.1.2-recommended": "64.1.0",
    "26.2-latest": "65.1.3",
    "26.2-recommended": "65.1.0",
    "26.3-latest": "66.0.2"
  }
}
[20Sep2026 21:11:31.716] [Forge Version Check/INFO] [net.minecraftforge.fml.VersionChecker/]: [forge] Found status: OUTDATED Current: 36.2.39 Target: 36.2.42
[20Sep2026 21:11:31.952] [Worker-Main-9/INFO] [kazimod/]: piraterecruits Common Setup Starting
[20Sep2026 21:11:31.979] [Worker-Main-9/ERROR] [net.minecraft.client.renderer.texture.AtlasTexture/]: Using missing texture, unable to load cartaddon:textures/mob_effect/oshizumaria.png : java.io.FileNotFoundException: cartaddon:textures/mob_effect/oshizumaria.png
[20Sep2026 21:11:32.062] [Worker-Main-9/ERROR] [net.minecraft.client.renderer.texture.AtlasTexture/]: Using missing texture, unable to load mineminenomi:textures/mob_effect/ability_off.png : java.io.FileNotFoundException: mineminenomi:textures/mob_effect/ability_off.png
[20Sep2026 21:11:32.077] [Worker-Main-9/ERROR] [net.minecraft.client.renderer.texture.AtlasTexture/]: Using missing texture, unable to load cartaddon:textures/mob_effect/soot.png : java.io.FileNotFoundException: cartaddon:textures/mob_effect/soot.png
[20Sep2026 21:11:32.107] [Worker-Main-13/ERROR] [net.minecraft.util.registry.SimpleRegistry/]: Adding duplicate value 'net.minecraft.world.gen.feature.jigsaw.JigsawPattern@50d1664f' to registry
[20Sep2026 21:11:32.107] [Worker-Main-13/ERROR] [net.minecraft.util.registry.SimpleRegistry/]: Adding duplicate value 'net.minecraft.world.gen.feature.jigsaw.JigsawPattern@512f8bf1' to registry
[20Sep2026 21:11:32.107] [Worker-Main-13/ERROR] [net.minecraft.util.registry.SimpleRegistry/]: Adding duplicate value 'net.minecraft.world.gen.feature.jigsaw.JigsawPattern@2f4c0767' to registry
[20Sep2026 21:11:32.107] [Worker-Main-13/ERROR] [net.minecraft.util.registry.SimpleRegistry/]: Adding duplicate value 'net.minecraft.world.gen.feature.jigsaw.JigsawPattern@22914b4c' to registry
[20Sep2026 21:11:32.107] [Worker-Main-13/ERROR] [net.minecraft.util.registry.SimpleRegistry/]: Adding duplicate value 'net.minecraft.world.gen.feature.jigsaw.JigsawPattern@785cfc24' to registry
[20Sep2026 21:11:32.107] [Worker-Main-13/ERROR] [net.minecraft.util.registry.SimpleRegistry/]: Adding duplicate value 'net.minecraft.world.gen.feature.jigsaw.JigsawPattern@50d1664f' to registry
[20Sep2026 21:11:32.108] [Worker-Main-13/ERROR] [net.minecraft.util.registry.SimpleRegistry/]: Adding duplicate value 'net.minecraft.world.gen.feature.jigsaw.JigsawPattern@512f8bf1' to registry
[20Sep2026 21:11:32.108] [Worker-Main-13/ERROR] [net.minecraft.util.registry.SimpleRegistry/]: Adding duplicate value 'net.minecraft.world.gen.feature.jigsaw.JigsawPattern@2f4c0767' to registry
[20Sep2026 21:11:32.108] [Worker-Main-13/ERROR] [net.minecraft.util.registry.SimpleRegistry/]: Adding duplicate value 'net.minecraft.world.gen.feature.jigsaw.JigsawPattern@22914b4c' to registry
[20Sep2026 21:11:32.108] [Worker-Main-13/ERROR] [net.minecraft.util.registry.SimpleRegistry/]: Adding duplicate value 'net.minecraft.world.gen.feature.jigsaw.JigsawPattern@785cfc24' to registry
[20Sep2026 21:11:32.108] [Worker-Main-13/ERROR] [net.minecraft.util.registry.SimpleRegistry/]: Adding duplicate value 'net.minecraft.world.gen.feature.jigsaw.JigsawPattern@50d1664f' to registry
[20Sep2026 21:11:32.108] [Worker-Main-13/ERROR] [net.minecraft.util.registry.SimpleRegistry/]: Adding duplicate value 'net.minecraft.world.gen.feature.jigsaw.JigsawPattern@512f8bf1' to registry
[20Sep2026 21:11:32.108] [Worker-Main-13/ERROR] [net.minecraft.util.registry.SimpleRegistry/]: Adding duplicate value 'net.minecraft.world.gen.feature.jigsaw.JigsawPattern@2f4c0767' to registry
[20Sep2026 21:11:32.108] [Worker-Main-13/ERROR] [net.minecraft.util.registry.SimpleRegistry/]: Adding duplicate value 'net.minecraft.world.gen.feature.jigsaw.JigsawPattern@22914b4c' to registry
[20Sep2026 21:11:32.108] [Worker-Main-13/ERROR] [net.minecraft.util.registry.SimpleRegistry/]: Adding duplicate value 'net.minecraft.world.gen.feature.jigsaw.JigsawPattern@785cfc24' to registry
[20Sep2026 21:11:32.164] [Worker-Main-9/ERROR] [net.minecraft.client.renderer.texture.AtlasTexture/]: Using missing texture, unable to load mineminenomi:textures/mob_effect/impact_frame.png : java.io.FileNotFoundException: mineminenomi:textures/mob_effect/impact_frame.png
[20Sep2026 21:11:32.203] [Worker-Main-10/ERROR] [net.minecraft.client.renderer.texture.AtlasTexture/]: Using missing texture, unable to load cartaddon:textures/mob_effect/butter.png : java.io.FileNotFoundException: cartaddon:textures/mob_effect/butter.png
[20Sep2026 21:11:32.203] [Worker-Main-9/ERROR] [net.minecraft.client.renderer.texture.AtlasTexture/]: Using missing texture, unable to load kazimod:textures/mob_effect/enhanced_movement.png : java.io.FileNotFoundException: kazimod:textures/mob_effect/enhanced_movement.png
[20Sep2026 21:11:32.203] [Worker-Main-10/ERROR] [net.minecraft.client.renderer.texture.AtlasTexture/]: Using missing texture, unable to load mineminenomi:textures/mob_effect/swim_slowdown.png : java.io.FileNotFoundException: mineminenomi:textures/mob_effect/swim_slowdown.png
[20Sep2026 21:11:32.204] [Worker-Main-13/ERROR] [net.minecraft.client.renderer.texture.AtlasTexture/]: Using missing texture, unable to load mineminenomi:textures/mob_effect/hunger.png : java.io.FileNotFoundException: mineminenomi:textures/mob_effect/hunger.png
[20Sep2026 21:11:32.205] [Worker-Main-9/ERROR] [net.minecraft.client.renderer.texture.AtlasTexture/]: Using missing texture, unable to load cartaddon:textures/mob_effect/petrified.png : java.io.FileNotFoundException: cartaddon:textures/mob_effect/petrified.png
[20Sep2026 21:11:32.207] [Worker-Main-13/ERROR] [net.minecraft.client.renderer.texture.AtlasTexture/]: Using missing texture, unable to load mineminenomi:textures/mob_effect/guarding_with_movement.png : java.io.FileNotFoundException: mineminenomi:textures/mob_effect/guarding_with_movement.png
[20Sep2026 21:11:32.211] [Worker-Main-10/ERROR] [net.minecraft.client.renderer.texture.AtlasTexture/]: Using missing texture, unable to load mineminenomi:textures/mob_effect/anti_knockback.png : java.io.FileNotFoundException: mineminenomi:textures/mob_effect/anti_knockback.png
[20Sep2026 21:11:32.212] [Worker-Main-13/ERROR] [net.minecraft.client.renderer.texture.AtlasTexture/]: Using missing texture, unable to load kazimod:textures/mob_effect/kirin_sleep.png : java.io.FileNotFoundException: kazimod:textures/mob_effect/kirin_sleep.png
[20Sep2026 21:11:32.214] [Worker-Main-9/ERROR] [net.minecraft.client.renderer.texture.AtlasTexture/]: Using missing texture, unable to load kazimod:textures/mob_effect/tired.png : java.io.FileNotFoundException: kazimod:textures/mob_effect/tired.png
[20Sep2026 21:11:32.218] [Worker-Main-13/ERROR] [net.minecraft.client.renderer.texture.AtlasTexture/]: Using missing texture, unable to load cartaddon:textures/mob_effect/mochi_covered.png : java.io.FileNotFoundException: cartaddon:textures/mob_effect/mochi_covered.png
[20Sep2026 21:11:32.218] [Worker-Main-13/ERROR] [net.minecraft.client.renderer.texture.AtlasTexture/]: Using missing texture, unable to load mineminenomi:textures/mob_effect/custom_lighting.png : java.io.FileNotFoundException: mineminenomi:textures/mob_effect/custom_lighting.png
[20Sep2026 21:11:32.225] [Worker-Main-9/ERROR] [net.minecraft.client.renderer.texture.AtlasTexture/]: Using missing texture, unable to load kazimod:textures/mob_effect/weakened_movement.png : java.io.FileNotFoundException: kazimod:textures/mob_effect/weakened_movement.png
[20Sep2026 21:11:32.226] [Worker-Main-9/ERROR] [net.minecraft.client.renderer.texture.AtlasTexture/]: Using missing texture, unable to load kazimod:textures/mob_effect/lost_works_fruit_lock.png : java.io.FileNotFoundException: kazimod:textures/mob_effect/lost_works_fruit_lock.png
[20Sep2026 21:11:32.261] [Worker-Main-13/ERROR] [net.minecraft.client.renderer.texture.AtlasTexture/]: Using missing texture, unable to load mineminenomi:textures/mob_effect/reduced_fall.png : java.io.FileNotFoundException: mineminenomi:textures/mob_effect/reduced_fall.png
[20Sep2026 21:11:32.267] [Worker-Main-9/ERROR] [net.minecraft.client.renderer.texture.AtlasTexture/]: Using missing texture, unable to load kazimod:textures/mob_effect/flaming_rot.png : java.io.FileNotFoundException: kazimod:textures/mob_effect/flaming_rot.png
[20Sep2026 21:11:32.267] [Worker-Main-13/ERROR] [net.minecraft.client.renderer.texture.AtlasTexture/]: Using missing texture, unable to load cartaddon:textures/mob_effect/marked.png : java.io.FileNotFoundException: cartaddon:textures/mob_effect/marked.png
[20Sep2026 21:11:32.276] [Worker-Main-10/ERROR] [net.minecraft.client.renderer.texture.AtlasTexture/]: Using missing texture, unable to load kazimod:textures/mob_effect/miniaturized.png : java.io.FileNotFoundException: kazimod:textures/mob_effect/miniaturized.png
[20Sep2026 21:11:32.286] [Worker-Main-10/ERROR] [net.minecraft.client.renderer.texture.AtlasTexture/]: Using missing texture, unable to load kazimod:textures/mob_effect/bouncy.png : java.io.FileNotFoundException: kazimod:textures/mob_effect/bouncy.png
[20Sep2026 21:11:32.295] [Worker-Main-9/ERROR] [net.minecraft.client.renderer.texture.AtlasTexture/]: Using missing texture, unable to load cartaddon:textures/mob_effect/swampy.png : java.io.FileNotFoundException: cartaddon:textures/mob_effect/swampy.png
[20Sep2026 21:11:32.297] [Worker-Main-9/ERROR] [net.minecraft.client.renderer.texture.AtlasTexture/]: Using missing texture, unable to load mineminenomi:textures/mob_effect/physical_guarding.png : java.io.FileNotFoundException: mineminenomi:textures/mob_effect/physical_guarding.png
[20Sep2026 21:11:32.394] [Render thread/DEBUG] [net.minecraftforge.fml.DeferredWorkQueue/LOADING]: Dispatching synchronous work after COMMON_SETUP: 4 jobs
[20Sep2026 21:11:32.444] [Render thread/INFO] [net.kazi.kazimod.KaziMod/]: [HakiAbilityInjector] Updated HAKI_ABILITIES (10 total abilities)
[20Sep2026 21:11:32.445] [Render thread/INFO] [kazimod/]: Setting up custom fruit abilities
[20Sep2026 21:11:32.447] [Render thread/INFO] [kazimod/]: [FruitAbilityInjector] Updated Kame Kame no Mi (2 total abilities)
[20Sep2026 21:11:32.447] [Render thread/INFO] [kazimod/]: [FruitAbilityInjector] Updated Kame Kame no Mi (3 total abilities)
[20Sep2026 21:11:32.447] [Render thread/INFO] [kazimod/]: [FruitAbilityInjector] Updated Yami Yami no Mi (7 total abilities)
[20Sep2026 21:11:32.447] [Render thread/INFO] [kazimod/]: [FruitAbilityInjector] Updated Yami Yami no Mi (8 total abilities)
[20Sep2026 21:11:32.447] [Render thread/INFO] [kazimod/]: [FruitAbilityInjector] Updated Awa Awa no Mi (2 total abilities)
[20Sep2026 21:11:32.447] [Render thread/INFO] [kazimod/]: [FruitAbilityInjector] Updated Awa Awa no Mi (3 total abilities)
[20Sep2026 21:11:32.447] [Render thread/INFO] [kazimod/]: [FruitAbilityInjector] Updated Goro Goro no Mi (5 total abilities)
[20Sep2026 21:11:32.447] [Render thread/INFO] [kazimod/]: [FruitAbilityInjector] Updated Goro Goro no Mi (12 total abilities)
[20Sep2026 21:11:32.447] [Render thread/INFO] [kazimod/]: [FruitAbilityInjector] Updated Mochi Mochi no Mi (11 total abilities)
[20Sep2026 21:11:32.447] [Render thread/INFO] [kazimod/]: [FruitAbilityInjector] Updated Mochi Mochi no Mi (14 total abilities)
[20Sep2026 21:11:32.447] [Render thread/INFO] [kazimod/]: [FruitAbilityInjector] Updated Tori Tori no Mi, Model: Nue (9 total abilities)
[20Sep2026 21:11:32.447] [Render thread/INFO] [kazimod/]: [FruitAbilityInjector] Updated Tori Tori no Mi, Model: Nue (11 total abilities)
[20Sep2026 21:11:32.448] [Render thread/INFO] [kazimod/]: [FruitAbilityInjector] Replaced an ability in place on Tori Tori no Mi, Model: Phoenix
[20Sep2026 21:11:32.448] [Render thread/INFO] [kazimod/]: [FruitAbilityInjector] Replaced an ability in place on Tori Tori no Mi, Model: Phoenix
[20Sep2026 21:11:32.448] [Render thread/INFO] [kazimod/]: [FruitAbilityInjector] Replaced an ability in place on Tori Tori no Mi, Model: Phoenix
[20Sep2026 21:11:32.448] [Render thread/INFO] [kazimod/]: [FruitAbilityInjector] Updated Uo Uo no Mi, Model: Seiryu (7 total abilities)
[20Sep2026 21:11:32.448] [Render thread/INFO] [kazimod/]: [FruitAbilityInjector] Updated Uo Uo no Mi, Model: Seiryu (10 total abilities)
[20Sep2026 21:11:32.448] [Render thread/INFO] [kazimod/]: [FruitAbilityInjector] Updated Inu Inu no Mi, Model: Kyubi No Kitsune (1 total abilities)
[20Sep2026 21:11:32.448] [Render thread/INFO] [kazimod/]: [FruitAbilityInjector] Updated Inu Inu no Mi, Model: Kyubi No Kitsune (5 total abilities)
[20Sep2026 21:11:32.448] [Render thread/INFO] [kazimod/]: [FruitAbilityInjector] Updated Nikyu Nikyu no Mi (3 total abilities)
[20Sep2026 21:11:32.448] [Render thread/INFO] [kazimod/]: [FruitAbilityInjector] Updated Nikyu Nikyu no Mi (7 total abilities)
[20Sep2026 21:11:32.448] [Render thread/INFO] [kazimod/]: [FruitAbilityInjector] Updated Gasu Gasu no Mi (8 total abilities)
[20Sep2026 21:11:32.448] [Render thread/INFO] [kazimod/]: [FruitAbilityInjector] Updated Gasu Gasu no Mi (10 total abilities)
[20Sep2026 21:11:32.448] [Render thread/INFO] [kazimod/]: [FruitAbilityInjector] Updated Mera Mera No Mi (8 total abilities)
[20Sep2026 21:11:32.448] [Render thread/INFO] [kazimod/]: [FruitAbilityInjector] Updated Mera Mera No Mi (11 total abilities)
[20Sep2026 21:11:32.448] [Render thread/INFO] [kazimod/]: [FruitAbilityInjector] Updated Ryu Ryu no Mi, Model: Kirin (5 total abilities)
[20Sep2026 21:11:32.448] [Render thread/INFO] [kazimod/]: [FruitAbilityInjector] Updated Ryu Ryu no Mi, Model: Kirin (8 total abilities)
[20Sep2026 21:11:32.448] [Render thread/INFO] [kazimod/]: [FruitAbilityInjector] Updated Karu Karu no Mi (1 total abilities)
[20Sep2026 21:11:32.448] [Render thread/INFO] [kazimod/]: [FruitAbilityInjector] Updated Karu Karu no Mi (4 total abilities)
[20Sep2026 21:11:32.449] [Render thread/INFO] [kazimod/]: [FruitAbilityInjector] Updated Fuwa Fuwa no Mi (6 total abilities)
[20Sep2026 21:11:32.449] [Render thread/INFO] [kazimod/]: [FruitAbilityInjector] Updated Fuwa Fuwa no Mi (7 total abilities)
[20Sep2026 21:11:32.449] [Render thread/INFO] [kazimod/]: [FruitAbilityInjector] Updated Ito Ito no Mi (14 total abilities)
[20Sep2026 21:11:32.449] [Render thread/INFO] [kazimod/]: [FruitAbilityInjector] Updated Ito Ito no Mi (15 total abilities)
[20Sep2026 21:11:32.453] [Render thread/INFO] [kazimod/]: [FruitAbilityInjector] Updated Suna Suna no Mi (13 total abilities)
[20Sep2026 21:11:32.453] [Render thread/INFO] [kazimod/]: [FruitAbilityInjector] Updated Gomu Gomu no Mi (11 total abilities)
[20Sep2026 21:11:32.453] [Render thread/INFO] [kazimod/]: [FruitAbilityInjector] Updated Susu Susu no Mi (0 total abilities)
[20Sep2026 21:11:32.453] [Render thread/INFO] [kazimod/]: [FruitAbilityInjector] Updated Susu Susu no Mi (9 total abilities)
[20Sep2026 21:11:32.453] [Render thread/INFO] [kazimod/]: [FruitAbilityInjector] Updated Netsu Netsu no Mi (8 total abilities)
[20Sep2026 21:11:32.453] [Render thread/INFO] [kazimod/]: [FruitAbilityInjector] Updated Batto Batto no Mi, Model: Vampire (16 total abilities)
[20Sep2026 21:11:32.454] [Render thread/INFO] [kazimod/]: [FruitAbilityInjector] Updated Kama Kama no Mi (2 total abilities)
[20Sep2026 21:11:32.454] [Render thread/INFO] [kazimod/]: [FruitAbilityInjector] Updated Kama Kama no Mi (7 total abilities)
[20Sep2026 21:11:32.454] [Render thread/INFO] [kazimod/]: [FruitAbilityInjector] Updated Noro Noro no Mi (1 total abilities)
[20Sep2026 21:11:32.454] [Render thread/INFO] [kazimod/]: [FruitAbilityInjector] Updated Noro Noro no Mi (3 total abilities)
[20Sep2026 21:11:32.454] [Render thread/INFO] [kazimod/]: [FruitAbilityInjector] Updated Chiyu Chiyu no Mi (3 total abilities)
[20Sep2026 21:11:32.454] [Render thread/INFO] [kazimod/]: [FruitAbilityInjector] Updated Chiyu Chiyu no Mi (4 total abilities)
[20Sep2026 21:11:32.454] [Render thread/INFO] [kazimod/]: [FruitAbilityInjector] Updated Bane Bane no Mi (3 total abilities)
[20Sep2026 21:11:32.454] [Render thread/INFO] [kazimod/]: [FruitAbilityInjector] Updated Bane Bane no Mi (4 total abilities)
[20Sep2026 21:11:32.454] [Render thread/INFO] [kazimod/]: [FruitAbilityInjector] Updated Deka Deka no Mi (1 total abilities)
[20Sep2026 21:11:32.454] [Render thread/INFO] [kazimod/]: [FruitAbilityInjector] Updated Deka Deka no Mi (2 total abilities)
[20Sep2026 21:11:32.454] [Render thread/INFO] [kazimod/]: [FruitAbilityInjector] Updated Doku Doku no Mi (0 total abilities)
[20Sep2026 21:11:32.454] [Render thread/INFO] [kazimod/]: [FruitAbilityInjector] Updated Doku Doku no Mi (7 total abilities)
[20Sep2026 21:11:32.454] [Render thread/INFO] [kazimod/]: [FruitAbilityInjector] Updated Bomu Bomu no Mi (4 total abilities)
[20Sep2026 21:11:32.454] [Render thread/INFO] [kazimod/]: [FruitAbilityInjector] Updated Bomu Bomu no Mi (10 total abilities)
[20Sep2026 21:11:32.454] [Render thread/INFO] [kazimod/]: [FruitAbilityInjector] Updated Horo Horo no Mi (1 total abilities)
[20Sep2026 21:11:32.455] [Render thread/INFO] [kazimod/]: [FruitAbilityInjector] Updated Horo Horo no Mi (4 total abilities)
[20Sep2026 21:11:32.455] [Render thread/INFO] [kazimod/]: [FruitAbilityInjector] Updated Beta Beta no Mi (4 total abilities)
[20Sep2026 21:11:32.455] [Render thread/INFO] [kazimod/]: [FruitAbilityInjector] Updated Soru Soru no Mi (16 total abilities)
[20Sep2026 21:11:32.455] [Render thread/INFO] [kazimod/]: [FruitAbilityInjector] Updated Soru Soru no Mi (17 total abilities)
[20Sep2026 21:11:32.455] [Render thread/INFO] [kazimod/]: [FruitAbilityInjector] Updated Kobu Kobu No Mi (1 total abilities)
[20Sep2026 21:11:32.455] [Render thread/INFO] [kazimod/]: [FruitAbilityInjector] Updated Kobu Kobu No Mi (2 total abilities)
[20Sep2026 21:11:32.455] [Render thread/INFO] [kazimod/]: [FruitAbilityInjector] Updated Jiki Jiki no Mi (10 total abilities)
[20Sep2026 21:11:32.455] [Render thread/INFO] [kazimod/]: [FruitAbilityInjector] Updated Jiki Jiki no Mi (13 total abilities)
[20Sep2026 21:11:32.455] [Render thread/INFO] [kazimod/]: [FruitAbilityInjector] Updated Kachi Kachi no Mi (5 total abilities)
[20Sep2026 21:11:32.455] [Render thread/INFO] [kazimod/]: [FruitAbilityInjector] Updated Hito Hito no Mi, Model: Daibutsu (6 total abilities)
[20Sep2026 21:11:32.455] [Render thread/INFO] [kazimod/]: [FruitAbilityInjector] Updated Hito Hito no Mi, Model: Daibutsu (7 total abilities)
[20Sep2026 21:11:32.455] [Render thread/INFO] [kazimod/]: [FruitAbilityInjector] Updated Kage Kage no Mi (8 total abilities)
[20Sep2026 21:11:32.455] [Render thread/INFO] [kazimod/]: [FruitAbilityInjector] Updated Kage Kage no Mi (9 total abilities)
[20Sep2026 21:11:32.455] [Render thread/INFO] [kazimod/]: [FruitAbilityInjector] Updated Bari Bari no Mi (6 total abilities)
[20Sep2026 21:11:32.455] [Render thread/INFO] [kazimod/]: [FruitAbilityInjector] Updated Bari Bari no Mi (7 total abilities)
[20Sep2026 21:11:32.455] [Render thread/INFO] [kazimod/]: [FruitAbilityInjector] Updated Kira Kira no Mi (3 total abilities)
[20Sep2026 21:11:32.455] [Render thread/INFO] [kazimod/]: [FruitAbilityInjector] Updated Kira Kira no Mi (4 total abilities)
[20Sep2026 21:11:32.455] [Render thread/INFO] [kazimod/]: [FruitAbilityInjector] Updated Ope Ope no Mi (9 total abilities)
[20Sep2026 21:11:32.456] [Render thread/INFO] [kazimod/]: [FruitAbilityInjector] Updated Ope Ope no Mi (15 total abilities)
[20Sep2026 21:11:32.456] [Render thread/INFO] [kazimod/]: [FruitAbilityInjector] Updated Pika Pika no Mi (10 total abilities)
[20Sep2026 21:11:32.456] [Render thread/INFO] [kazimod/]: [FruitAbilityInjector] Updated Pika Pika no Mi (11 total abilities)
[20Sep2026 21:11:32.456] [Render thread/INFO] [kazimod/]: [FruitAbilityInjector] Updated Hie Hie no Mi (11 total abilities)
[20Sep2026 21:11:32.456] [Render thread/INFO] [kazimod/]: [FruitAbilityInjector] Updated Hie Hie no Mi (12 total abilities)
[20Sep2026 21:11:32.456] [Render thread/INFO] [kazimod/]: [FruitAbilityInjector] Updated Bara Bara No Mi (5 total abilities)
[20Sep2026 21:11:32.456] [Render thread/INFO] [kazimod/]: [FruitAbilityInjector] Updated Bara Bara No Mi (6 total abilities)
[20Sep2026 21:11:32.456] [Render thread/INFO] [kazimod/]: [FruitAbilityInjector] Updated Nagi Nagi no Mi (5 total abilities)
[20Sep2026 21:11:32.456] [Render thread/INFO] [kazimod/]: [FruitAbilityInjector] Updated Supa Supa no Mi (3 total abilities)
[20Sep2026 21:11:32.456] [Render thread/INFO] [kazimod/]: [FruitAbilityInjector] Updated Supa Supa no Mi (5 total abilities)
[20Sep2026 21:11:32.456] [Render thread/INFO] [kazimod/]: [FruitAbilityInjector] Updated Supa Supa no Mi (9 total abilities)
[20Sep2026 21:11:32.535] [Render thread/DEBUG] [net.minecraftforge.fml.DeferredWorkQueue/LOADING]: Synchronous work queue completed in 00:00:00.061
[20Sep2026 21:11:32.883] [Worker-Main-12/DEBUG] [mixin/]: Mixing ModItemModelPropsMixin from cartaddon.mixins.json into xyz.pixelatedw.mineminenomi.init.ModItemModelProps
[20Sep2026 21:11:32.903] [Render thread/DEBUG] [net.minecraftforge.fml.client.ClientModLoader/LOADING]: Running pre client event work
[20Sep2026 21:11:32.936] [Worker-Main-10/INFO] [kazimod/]: piraterecruits Client Setup Starting
[20Sep2026 21:11:32.973] [Worker-Main-12/DEBUG] [mixin/]: Mixing client.LaserBeamRendererMixin from kazimod.mixins.json into xyz.pixelatedw.mineminenomi.renderers.entities.LightningEntityRenderer
[20Sep2026 21:11:33.003] [Render thread/DEBUG] [net.minecraftforge.fml.client.ClientModLoader/LOADING]: Running post client event work
[20Sep2026 21:11:33.237] [Render thread/DEBUG] [net.minecraftforge.fml.DeferredWorkQueue/LOADING]: Dispatching synchronous work after SIDED_SETUP: 6 jobs
[20Sep2026 21:11:33.350] [Render thread/DEBUG] [net.minecraftforge.fml.DeferredWorkQueue/LOADING]: Synchronous work queue completed in 00:00:00.111
[20Sep2026 21:11:35.170] [Worker-Main-14/WARN] [net.minecraft.client.renderer.model.ModelBakery/]: Exception loading blockstate definition: mineminenomi:blockstates/structure_air.json: java.io.FileNotFoundException: mineminenomi:blockstates/structure_air.json
[20Sep2026 21:11:35.171] [Worker-Main-14/WARN] [net.minecraft.client.renderer.model.ModelBakery/]: Exception loading blockstate definition: 'mineminenomi:blockstates/structure_air.json' missing model for variant: 'mineminenomi:structure_air#'
[20Sep2026 21:11:35.171] [Worker-Main-14/WARN] [net.minecraft.client.renderer.model.ModelBakery/]: Exception loading blockstate definition: mineminenomi:blockstates/challenge_air.json: java.io.FileNotFoundException: mineminenomi:blockstates/challenge_air.json
[20Sep2026 21:11:35.171] [Worker-Main-14/WARN] [net.minecraft.client.renderer.model.ModelBakery/]: Exception loading blockstate definition: 'mineminenomi:blockstates/challenge_air.json' missing model for variant: 'mineminenomi:challenge_air#'
[20Sep2026 21:11:35.181] [Worker-Main-14/WARN] [net.minecraft.client.renderer.model.ModelBakery/]: Exception loading blockstate definition: cartaddon:blockstates/ito.json: java.io.FileNotFoundException: cartaddon:blockstates/ito.json
[20Sep2026 21:11:35.182] [Worker-Main-14/WARN] [net.minecraft.client.renderer.model.ModelBakery/]: Exception loading blockstate definition: 'cartaddon:blockstates/ito.json' missing model for variant: 'cartaddon:ito#'
[20Sep2026 21:11:36.090] [Worker-Main-14/WARN] [net.minecraft.client.renderer.model.ModelBakery/]: Unable to load model: 'mineminenomi:structure_air#inventory' referenced from: mineminenomi:structure_air#inventory: java.io.FileNotFoundException: mineminenomi:models/item/structure_air.json
[20Sep2026 21:11:36.090] [Worker-Main-14/WARN] [net.minecraft.client.renderer.model.ModelBakery/]: Unable to load model: 'mineminenomi:challenge_air#inventory' referenced from: mineminenomi:challenge_air#inventory: java.io.FileNotFoundException: mineminenomi:models/item/challenge_air.json
[20Sep2026 21:11:36.128] [Worker-Main-14/WARN] [net.minecraft.client.renderer.model.ModelBakery/]: Unable to load model: 'cartaddon:item/katakuri_cape_overlay' referenced from: cartaddon:katakuri_cape#inventory: java.io.FileNotFoundException: cartaddon:models/item/katakuri_cape_overlay.json
[20Sep2026 21:11:36.138] [Worker-Main-14/WARN] [net.minecraft.client.renderer.model.ModelBakery/]: Unable to load model: 'cartaddon:swamp_block#inventory' referenced from: cartaddon:swamp_block#inventory: java.io.FileNotFoundException: cartaddon:models/item/swamp_block.json
[20Sep2026 21:11:36.138] [Worker-Main-14/WARN] [net.minecraft.client.renderer.model.ModelBakery/]: Unable to load model: 'cartaddon:darkness_block#inventory' referenced from: cartaddon:darkness_block#inventory: java.io.FileNotFoundException: cartaddon:models/item/darkness_block.json
[20Sep2026 21:11:36.138] [Worker-Main-14/WARN] [net.minecraft.client.renderer.model.ModelBakery/]: Unable to load model: 'cartaddon:ito#inventory' referenced from: cartaddon:ito#inventory: java.io.FileNotFoundException: cartaddon:models/item/ito.json
[20Sep2026 21:11:36.139] [Worker-Main-14/WARN] [net.minecraft.client.renderer.model.ModelBakery/]: Unable to load model: 'cartaddon:blocks/string_block' referenced from: cartaddon:string_block#inventory: java.io.FileNotFoundException: cartaddon:models/blocks/string_block.json
[20Sep2026 21:11:36.535] [Worker-Main-14/WARN] [net.minecraft.client.renderer.model.ModelBakery/]: Unable to resolve texture reference: #down in mineminenomi:block/flag
[20Sep2026 21:11:36.535] [Worker-Main-14/WARN] [net.minecraft.client.renderer.model.ModelBakery/]: Unable to resolve texture reference: #up in mineminenomi:block/flag
[20Sep2026 21:11:36.535] [Worker-Main-14/WARN] [net.minecraft.client.renderer.model.ModelBakery/]: Unable to resolve texture reference: #north in mineminenomi:block/flag
[20Sep2026 21:11:36.535] [Worker-Main-14/WARN] [net.minecraft.client.renderer.model.ModelBakery/]: Unable to resolve texture reference: #south in mineminenomi:block/flag
[20Sep2026 21:11:36.535] [Worker-Main-14/WARN] [net.minecraft.client.renderer.model.ModelBakery/]: Unable to resolve texture reference: #west in mineminenomi:block/flag
[20Sep2026 21:11:36.535] [Worker-Main-14/WARN] [net.minecraft.client.renderer.model.ModelBakery/]: Unable to resolve texture reference: #east in mineminenomi:block/flag
[20Sep2026 21:11:36.535] [Worker-Main-14/WARN] [net.minecraft.client.renderer.model.ModelBakery/]: Unable to resolve texture reference: #missingno in cartaddon:item/string_block
[20Sep2026 21:11:36.536] [Worker-Main-14/INFO] [kazimod/]: piraterecruits Texture Stitch (Pre)
[20Sep2026 21:11:37.007] [Worker-Main-14/WARN] [net.minecraft.client.renderer.texture.AtlasTexture/]: Texture cartaddon:items/sentomaru_axe with size 200x200 limits mip level from 4 to 3
[20Sep2026 21:11:37.008] [Worker-Main-14/WARN] [net.minecraft.client.renderer.texture.AtlasTexture/]: Texture mineminenomi:models/blocks/milky with size 100x50 limits mip level from 3 to 1
[20Sep2026 21:11:37.703] [Worker-Main-14/INFO] [kazimod/]: piraterecruits Texture Stitch (Pre)
[20Sep2026 21:11:37.712] [Worker-Main-14/INFO] [kazimod/]: piraterecruits Texture Stitch (Pre)
[20Sep2026 21:11:37.740] [Worker-Main-14/INFO] [kazimod/]: piraterecruits Texture Stitch (Pre)
[20Sep2026 21:11:37.780] [Worker-Main-14/INFO] [kazimod/]: piraterecruits Texture Stitch (Pre)
[20Sep2026 21:11:37.788] [Worker-Main-14/INFO] [kazimod/]: piraterecruits Texture Stitch (Pre)
[20Sep2026 21:11:37.798] [Worker-Main-14/INFO] [kazimod/]: piraterecruits Texture Stitch (Pre)
[20Sep2026 21:11:37.817] [Worker-Main-12/INFO] [kazimod/]: piraterecruits IMC Enqueue
[20Sep2026 21:11:37.918] [modloading-worker-13/DEBUG] [net.minecraftforge.registries.GameData/REGISTRIES]: Freezing registries
[20Sep2026 21:11:37.918] [modloading-worker-13/DEBUG] [net.minecraftforge.registries.ForgeRegistry/REGISTRIES]: Registry minecraft:block Sync: FROZEN -> ACTIVE
[20Sep2026 21:11:37.932] [modloading-worker-13/DEBUG] [net.minecraftforge.registries.ForgeRegistry/REGISTRIES]: Registry minecraft:fluid Sync: FROZEN -> ACTIVE
[20Sep2026 21:11:37.933] [modloading-worker-13/DEBUG] [net.minecraftforge.registries.ForgeRegistry/REGISTRIES]: Registry minecraft:item Sync: FROZEN -> ACTIVE
[20Sep2026 21:11:37.957] [modloading-worker-13/DEBUG] [net.minecraftforge.registries.ForgeRegistry/REGISTRIES]: Registry minecraft:mob_effect Sync: FROZEN -> ACTIVE
[20Sep2026 21:11:37.958] [modloading-worker-13/DEBUG] [net.minecraftforge.registries.ForgeRegistry/REGISTRIES]: Registry minecraft:sound_event Sync: FROZEN -> ACTIVE
[20Sep2026 21:11:37.965] [modloading-worker-13/DEBUG] [net.minecraftforge.registries.ForgeRegistry/REGISTRIES]: Registry minecraft:potion Sync: FROZEN -> ACTIVE
[20Sep2026 21:11:37.965] [modloading-worker-13/DEBUG] [net.minecraftforge.registries.ForgeRegistry/REGISTRIES]: Registry minecraft:enchantment Sync: FROZEN -> ACTIVE
[20Sep2026 21:11:37.965] [modloading-worker-13/DEBUG] [net.minecraftforge.registries.ForgeRegistry/REGISTRIES]: Registry minecraft:entity_type Sync: FROZEN -> ACTIVE
[20Sep2026 21:11:37.997] [modloading-worker-13/DEBUG] [net.minecraftforge.registries.ForgeRegistry/REGISTRIES]: Registry minecraft:block_entity_type Sync: FROZEN -> ACTIVE
[20Sep2026 21:11:37.998] [modloading-worker-13/DEBUG] [net.minecraftforge.registries.ForgeRegistry/REGISTRIES]: Registry minecraft:particle_type Sync: FROZEN -> ACTIVE
[20Sep2026 21:11:37.999] [modloading-worker-13/DEBUG] [net.minecraftforge.registries.ForgeRegistry/REGISTRIES]: Registry minecraft:menu Sync: FROZEN -> ACTIVE
[20Sep2026 21:11:38.000] [modloading-worker-13/DEBUG] [net.minecraftforge.registries.ForgeRegistry/REGISTRIES]: Registry minecraft:motive Sync: FROZEN -> ACTIVE
[20Sep2026 21:11:38.000] [modloading-worker-13/DEBUG] [net.minecraftforge.registries.ForgeRegistry/REGISTRIES]: Registry minecraft:recipe_serializer Sync: FROZEN -> ACTIVE
[20Sep2026 21:11:38.001] [modloading-worker-13/DEBUG] [net.minecraftforge.registries.ForgeRegistry/REGISTRIES]: Registry minecraft:attribute Sync: FROZEN -> ACTIVE
[20Sep2026 21:11:38.002] [modloading-worker-13/DEBUG] [net.minecraftforge.registries.ForgeRegistry/REGISTRIES]: Registry minecraft:stat_type Sync: FROZEN -> ACTIVE
[20Sep2026 21:11:38.002] [modloading-worker-13/DEBUG] [net.minecraftforge.registries.ForgeRegistry/REGISTRIES]: Registry minecraft:villager_profession Sync: FROZEN -> ACTIVE
[20Sep2026 21:11:38.002] [modloading-worker-13/DEBUG] [net.minecraftforge.registries.ForgeRegistry/REGISTRIES]: Registry minecraft:point_of_interest_type Sync: FROZEN -> ACTIVE
[20Sep2026 21:11:38.002] [modloading-worker-13/DEBUG] [net.minecraftforge.registries.ForgeRegistry/REGISTRIES]: Registry minecraft:memory_module_type Sync: FROZEN -> ACTIVE
[20Sep2026 21:11:38.002] [modloading-worker-13/DEBUG] [net.minecraftforge.registries.ForgeRegistry/REGISTRIES]: Registry minecraft:sensor_type Sync: FROZEN -> ACTIVE
[20Sep2026 21:11:38.002] [modloading-worker-13/DEBUG] [net.minecraftforge.registries.ForgeRegistry/REGISTRIES]: Registry minecraft:schedule Sync: FROZEN -> ACTIVE
[20Sep2026 21:11:38.002] [modloading-worker-13/DEBUG] [net.minecraftforge.registries.ForgeRegistry/REGISTRIES]: Registry minecraft:activity Sync: FROZEN -> ACTIVE
[20Sep2026 21:11:38.002] [modloading-worker-13/DEBUG] [net.minecraftforge.registries.ForgeRegistry/REGISTRIES]: Registry minecraft:worldgen/carver Sync: FROZEN -> ACTIVE
[20Sep2026 21:11:38.002] [modloading-worker-13/DEBUG] [net.minecraftforge.registries.ForgeRegistry/REGISTRIES]: Registry minecraft:worldgen/surface_builder Sync: FROZEN -> ACTIVE
[20Sep2026 21:11:38.003] [modloading-worker-13/DEBUG] [net.minecraftforge.registries.ForgeRegistry/REGISTRIES]: Registry minecraft:worldgen/feature Sync: FROZEN -> ACTIVE
[20Sep2026 21:11:38.003] [modloading-worker-13/DEBUG] [net.minecraftforge.registries.ForgeRegistry/REGISTRIES]: Registry minecraft:worldgen/decorator Sync: FROZEN -> ACTIVE
[20Sep2026 21:11:38.003] [modloading-worker-13/DEBUG] [net.minecraftforge.registries.ForgeRegistry/REGISTRIES]: Registry minecraft:chunk_status Sync: FROZEN -> ACTIVE
[20Sep2026 21:11:38.003] [modloading-worker-13/DEBUG] [net.minecraftforge.registries.ForgeRegistry/REGISTRIES]: Registry minecraft:worldgen/structure_feature Sync: FROZEN -> ACTIVE
[20Sep2026 21:11:38.005] [modloading-worker-13/DEBUG] [net.minecraftforge.registries.ForgeRegistry/REGISTRIES]: Registry minecraft:worldgen/block_state_provider_type Sync: FROZEN -> ACTIVE
[20Sep2026 21:11:38.006] [modloading-worker-13/DEBUG] [net.minecraftforge.registries.ForgeRegistry/REGISTRIES]: Registry minecraft:worldgen/block_placer_type Sync: FROZEN -> ACTIVE
[20Sep2026 21:11:38.006] [modloading-worker-13/DEBUG] [net.minecraftforge.registries.ForgeRegistry/REGISTRIES]: Registry minecraft:worldgen/foliage_placer_type Sync: FROZEN -> ACTIVE
[20Sep2026 21:11:38.006] [modloading-worker-13/DEBUG] [net.minecraftforge.registries.ForgeRegistry/REGISTRIES]: Registry minecraft:worldgen/tree_decorator_type Sync: FROZEN -> ACTIVE
[20Sep2026 21:11:38.006] [modloading-worker-13/DEBUG] [net.minecraftforge.registries.ForgeRegistry/REGISTRIES]: Registry minecraft:worldgen/biome Sync: FROZEN -> ACTIVE
[20Sep2026 21:11:38.006] [modloading-worker-13/DEBUG] [net.minecraftforge.registries.ForgeRegistry/REGISTRIES]: Registry minecraft:data_serializers Sync: FROZEN -> ACTIVE
[20Sep2026 21:11:38.007] [modloading-worker-13/DEBUG] [net.minecraftforge.registries.ForgeRegistry/REGISTRIES]: Registry forge:loot_modifier_serializers Sync: FROZEN -> ACTIVE
[20Sep2026 21:11:38.007] [modloading-worker-13/DEBUG] [net.minecraftforge.registries.ForgeRegistry/REGISTRIES]: Registry forge:world_types Sync: FROZEN -> ACTIVE
[20Sep2026 21:11:38.007] [modloading-worker-13/DEBUG] [net.minecraftforge.registries.ForgeRegistry/REGISTRIES]: Registry mineminenomi:abilities Sync: FROZEN -> ACTIVE
[20Sep2026 21:11:38.014] [modloading-worker-13/DEBUG] [net.minecraftforge.registries.ForgeRegistry/REGISTRIES]: Registry mineminenomi:morphs Sync: FROZEN -> ACTIVE
[20Sep2026 21:11:38.016] [modloading-worker-13/DEBUG] [net.minecraftforge.registries.ForgeRegistry/REGISTRIES]: Registry mineminenomi:quests Sync: FROZEN -> ACTIVE
[20Sep2026 21:11:38.016] [modloading-worker-13/DEBUG] [net.minecraftforge.registries.ForgeRegistry/REGISTRIES]: Registry mineminenomi:jolly_roger_elements Sync: FROZEN -> ACTIVE
[20Sep2026 21:11:38.017] [modloading-worker-13/DEBUG] [net.minecraftforge.registries.ForgeRegistry/REGISTRIES]: Registry mineminenomi:challenges Sync: FROZEN -> ACTIVE
[20Sep2026 21:11:38.017] [modloading-worker-13/DEBUG] [net.minecraftforge.registries.ForgeRegistry/REGISTRIES]: Registry mineminenomi:particle_effect Sync: FROZEN -> ACTIVE
[20Sep2026 21:11:38.018] [modloading-worker-13/DEBUG] [net.minecraftforge.registries.ForgeRegistry/REGISTRIES]: Registry mineminenomi:race Sync: FROZEN -> ACTIVE
[20Sep2026 21:11:38.018] [modloading-worker-13/DEBUG] [net.minecraftforge.registries.ForgeRegistry/REGISTRIES]: Registry mineminenomi:faction Sync: FROZEN -> ACTIVE
[20Sep2026 21:11:38.019] [modloading-worker-13/DEBUG] [net.minecraftforge.registries.ForgeRegistry/REGISTRIES]: Registry mineminenomi:style Sync: FROZEN -> ACTIVE
[20Sep2026 21:11:38.019] [modloading-worker-13/DEBUG] [net.minecraftforge.registries.ForgeRegistry/REGISTRIES]: Registry mineminenomi:interactions Sync: FROZEN -> ACTIVE
[20Sep2026 21:11:39.682] [modloading-worker-13/DEBUG] [net.minecraftforge.registries.GameData/REGISTRIES]: All registries frozen
[20Sep2026 21:11:39.734] [Render thread/DEBUG] [net.minecraftforge.fml.ForgeI18n/CORE]: Loading I18N data entries: 10872
[20Sep2026 21:11:39.916] [Render thread/INFO] [net.minecraft.client.audio.SoundSystem/]: OpenAL initialized.
[20Sep2026 21:11:39.917] [Render thread/INFO] [net.minecraft.client.audio.SoundEngine/SOUNDS]: Sound engine started
[20Sep2026 21:11:40.042] [Render thread/INFO] [net.minecraft.client.renderer.texture.AtlasTexture/]: Created: 4096x4096x4 minecraft:textures/atlas/blocks.png-atlas
[20Sep2026 21:11:40.076] [Render thread/INFO] [net.minecraft.client.renderer.texture.AtlasTexture/]: Created: 256x128x4 minecraft:textures/atlas/signs.png-atlas
[20Sep2026 21:11:40.076] [Render thread/INFO] [net.minecraft.client.renderer.texture.AtlasTexture/]: Created: 512x512x4 minecraft:textures/atlas/banner_patterns.png-atlas
[20Sep2026 21:11:40.077] [Render thread/INFO] [net.minecraft.client.renderer.texture.AtlasTexture/]: Created: 512x512x4 minecraft:textures/atlas/shield_patterns.png-atlas
[20Sep2026 21:11:40.077] [Render thread/INFO] [net.minecraft.client.renderer.texture.AtlasTexture/]: Created: 256x256x4 minecraft:textures/atlas/chest.png-atlas
[20Sep2026 21:11:40.077] [Render thread/INFO] [net.minecraft.client.renderer.texture.AtlasTexture/]: Created: 512x256x4 minecraft:textures/atlas/beds.png-atlas
[20Sep2026 21:11:40.077] [Render thread/INFO] [net.minecraft.client.renderer.texture.AtlasTexture/]: Created: 512x256x4 minecraft:textures/atlas/shulker_boxes.png-atlas
[20Sep2026 21:11:41.683] [Render thread/INFO] [net.minecraft.client.renderer.texture.AtlasTexture/]: Created: 512x256x0 minecraft:textures/atlas/particles.png-atlas
[20Sep2026 21:11:41.685] [Render thread/INFO] [net.minecraft.client.renderer.texture.AtlasTexture/]: Created: 256x256x0 minecraft:textures/atlas/paintings.png-atlas
[20Sep2026 21:11:41.685] [Render thread/INFO] [net.minecraft.client.renderer.texture.AtlasTexture/]: Created: 1024x512x0 minecraft:textures/atlas/mob_effects.png-atlas
[20Sep2026 21:11:41.704] [Render thread/DEBUG] [mixin/]: Mixing client.CreativeScreenMixin from mine-mine-no-mi.mixins.json into net.minecraft.client.gui.screen.inventory.CreativeScreen
[20Sep2026 21:11:41.918] [Realms Notification Availability checker #1/INFO] [com.mojang.realmsclient.client.RealmsClient/]: Could not authorize you against Realms server: java.lang.RuntimeException: Failed to parse into SignedJWT: DONT_CRASH
[20Sep2026 21:12:28.589] [Render thread/DEBUG] [net.minecraftforge.common.ForgeTagHandler/]: Populated the TagCollectionManager with 3 extra types
[20Sep2026 21:12:28.707] [Render thread/DEBUG] [net.minecraftforge.fml.server.ServerLifecycleHooks/CORE]: Generating PackInfo named mod:forge for mod file C:\Users\th3wyz\.gradle\caches\forge_gradle\minecraft_user_repo\net\minecraftforge\forge\1.16.5-36.2.39_mapped_official_1.16.5\forge-1.16.5-36.2.39_mapped_official_1.16.5-recomp.jar
[20Sep2026 21:12:28.707] [Render thread/DEBUG] [net.minecraftforge.fml.server.ServerLifecycleHooks/CORE]: Generating PackInfo named mod:mineminenomi for mod file C:\Users\th3wyz\.gradle\caches\forge_gradle\deobf_dependencies\local\mine-mine-no-mi-1.16.5\0.10.11_mapped_official_1.16.5\mine-mine-no-mi-1.16.5-0.10.11_mapped_official_1.16.5.jar
[20Sep2026 21:12:28.707] [Render thread/DEBUG] [net.minecraftforge.fml.server.ServerLifecycleHooks/CORE]: Generating PackInfo named mod:curios for mod file C:\Users\th3wyz\.gradle\caches\forge_gradle\deobf_dependencies\curse\maven\curios-309927\4419403_mapped_official_1.16.5\curios-309927-4419403_mapped_official_1.16.5.jar
[20Sep2026 21:12:28.707] [Render thread/DEBUG] [net.minecraftforge.fml.server.ServerLifecycleHooks/CORE]: Generating PackInfo named mod:cartaddon for mod file C:\Users\th3wyz\.gradle\caches\forge_gradle\deobf_dependencies\local\cartaddon\0.7.5_mapped_official_1.16.5\cartaddon-0.7.5_mapped_official_1.16.5.jar
[20Sep2026 21:12:28.708] [Render thread/DEBUG] [net.minecraftforge.fml.server.ServerLifecycleHooks/CORE]: Generating PackInfo named mod:kazimod for mod file C:\Users\th3wyz\IdeaProjects\Kaziaddon44\build\client-runtime\resources
[20Sep2026 21:12:28.711] [Render thread/DEBUG] [net.minecraftforge.common.ForgeTagHandler/]: Gathering custom tag collection reader from types.
[20Sep2026 21:12:28.773] [Render thread/DEBUG] [mixin/]: Mixing FillCommandMixin from mine-mine-no-mi.mixins.json into net.minecraft.command.impl.FillCommand
[20Sep2026 21:12:28.795] [Render thread/DEBUG] [mixin/]: Mixing GiveCommandMixin from mine-mine-no-mi.mixins.json into net.minecraft.command.impl.GiveCommand
[20Sep2026 21:12:28.903] [Render thread/DEBUG] [mixin/]: Mixing CheckFruitsCommandMixin from kazimod.mixins.json into xyz.pixelatedw.mineminenomi.commands.CheckFruitsCommand
[20Sep2026 21:12:28.929] [Render thread/WARN] [net.minecraft.command.Commands/]: Ambiguity between arguments [teleport, destination] and [teleport, targets] with inputs: [Player, 0123, @e, dd12be42-52a9-4a91-a8a1-11c01849e498]
[20Sep2026 21:12:28.930] [Render thread/WARN] [net.minecraft.command.Commands/]: Ambiguity between arguments [teleport, location] and [teleport, destination] with inputs: [0.1 -0.5 .9, 0 0 0]
[20Sep2026 21:12:28.931] [Render thread/WARN] [net.minecraft.command.Commands/]: Ambiguity between arguments [teleport, location] and [teleport, targets] with inputs: [0.1 -0.5 .9, 0 0 0]
[20Sep2026 21:12:28.931] [Render thread/WARN] [net.minecraft.command.Commands/]: Ambiguity between arguments [teleport, targets] and [teleport, destination] with inputs: [Player, 0123, dd12be42-52a9-4a91-a8a1-11c01849e498]
[20Sep2026 21:12:28.932] [Render thread/WARN] [net.minecraft.command.Commands/]: Ambiguity between arguments [teleport, targets, location] and [teleport, targets, destination] with inputs: [0.1 -0.5 .9, 0 0 0]
[20Sep2026 21:12:28.936] [Render thread/INFO] [net.minecraft.resources.SimpleReloadableResourceManager/]: Reloading ResourceManager: Default, forge-1.16.5-36.2.39_mapped_official_1.16.5-recomp.jar, mine-mine-no-mi-1.16.5-0.10.11_mapped_official_1.16.5.jar, resources, curios-309927-4419403_mapped_official_1.16.5.jar, cartaddon-0.7.5_mapped_official_1.16.5.jar
[20Sep2026 21:12:30.686] [Render thread/ERROR] [net.minecraft.tags.TagCollectionReader/]: Couldn't load entity_type tag mineminenomi:magnetic as it is missing following references: cartaddom:pacifista_mark_two (from cartaddon-0.7.5_mapped_official_1.16.5.jar),cartaddom:pacifista_world_boss (from cartaddon-0.7.5_mapped_official_1.16.5.jar)
[20Sep2026 21:12:30.705] [Render thread/ERROR] [net.minecraft.item.crafting.RecipeManager/]: Parsing error loading recipe cartaddon:zoro_robe
com.google.gson.JsonSyntaxException: Unknown item 'cartaddon:zoro_robe'
	at net.minecraft.item.crafting.ShapedRecipe.lambda$itemFromJson$0(ShapedRecipe.java:262) ~[forge-1.16.5-36.2.39_mapped_official_1.16.5-recomp.jar:?]
	at java.util.Optional.orElseThrow(Optional.java:290) ~[?:1.8.0_482]
	at net.minecraft.item.crafting.ShapedRecipe.itemFromJson(ShapedRecipe.java:261) ~[forge-1.16.5-36.2.39_mapped_official_1.16.5-recomp.jar:?]
	at net.minecraft.item.crafting.ShapedRecipe$Serializer.fromJson(ShapedRecipe.java:281) ~[forge-1.16.5-36.2.39_mapped_official_1.16.5-recomp.jar:?]
	at net.minecraft.item.crafting.ShapedRecipe$Serializer.fromJson(ShapedRecipe.java:272) ~[forge-1.16.5-36.2.39_mapped_official_1.16.5-recomp.jar:?]
	at net.minecraft.item.crafting.RecipeManager.fromJson(RecipeManager.java:141) ~[forge-1.16.5-36.2.39_mapped_official_1.16.5-recomp.jar:?]
	at net.minecraft.item.crafting.RecipeManager.apply(RecipeManager.java:61) ~[forge-1.16.5-36.2.39_mapped_official_1.16.5-recomp.jar:?]
	at net.minecraft.item.crafting.RecipeManager.apply(RecipeManager.java:38) ~[forge-1.16.5-36.2.39_mapped_official_1.16.5-recomp.jar:?]
	at net.minecraft.client.resources.ReloadListener.lambda$reload$1(ReloadListener.java:14) ~[forge-1.16.5-36.2.39_mapped_official_1.16.5-recomp.jar:?]
	at java.util.concurrent.CompletableFuture.uniAccept(CompletableFuture.java:670) ~[?:1.8.0_482]
	at java.util.concurrent.CompletableFuture$UniAccept.tryFire(CompletableFuture.java:646) ~[?:1.8.0_482]
	at java.util.concurrent.CompletableFuture$Completion.run(CompletableFuture.java:456) ~[?:1.8.0_482]
	at net.minecraft.resources.AsyncReloader.lambda$null$3(AsyncReloader.java:66) ~[forge-1.16.5-36.2.39_mapped_official_1.16.5-recomp.jar:?]
	at net.minecraft.util.concurrent.ThreadTaskExecutor.doRunTask(ThreadTaskExecutor.java:136) ~[forge-1.16.5-36.2.39_mapped_official_1.16.5-recomp.jar:?]
	at net.minecraft.util.concurrent.RecursiveEventLoop.doRunTask(RecursiveEventLoop.java:22) ~[forge-1.16.5-36.2.39_mapped_official_1.16.5-recomp.jar:?]
	at net.minecraft.util.concurrent.ThreadTaskExecutor.pollTask(ThreadTaskExecutor.java:109) ~[forge-1.16.5-36.2.39_mapped_official_1.16.5-recomp.jar:?]
	at net.minecraft.util.concurrent.ThreadTaskExecutor.managedBlock(ThreadTaskExecutor.java:119) ~[forge-1.16.5-36.2.39_mapped_official_1.16.5-recomp.jar:?]
	at net.minecraft.client.Minecraft.makeServerStem(Minecraft.java:1865) ~[forge-1.16.5-36.2.39_mapped_official_1.16.5-recomp.jar:?]
	at net.minecraft.client.Minecraft.loadWorld(Minecraft.java:1714) ~[forge-1.16.5-36.2.39_mapped_official_1.16.5-recomp.jar:?]
	at net.minecraft.client.Minecraft.loadLevel(Minecraft.java:1683) ~[forge-1.16.5-36.2.39_mapped_official_1.16.5-recomp.jar:?]
	at net.minecraft.client.gui.screen.WorldSelectionList$Entry.loadWorld(WorldSelectionList.java:364) ~[forge-1.16.5-36.2.39_mapped_official_1.16.5-recomp.jar:?]
	at net.minecraft.client.gui.screen.WorldSelectionList$Entry.joinWorld(WorldSelectionList.java:273) ~[forge-1.16.5-36.2.39_mapped_official_1.16.5-recomp.jar:?]
	at net.minecraft.client.gui.screen.WorldSelectionList$Entry.mouseClicked(WorldSelectionList.java:228) ~[forge-1.16.5-36.2.39_mapped_official_1.16.5-recomp.jar:?]
	at net.minecraft.client.gui.widget.list.AbstractList.mouseClicked(AbstractList.java:309) ~[forge-1.16.5-36.2.39_mapped_official_1.16.5-recomp.jar:?]
	at net.minecraft.client.gui.INestedGuiEventHandler.mouseClicked(INestedGuiEventHandler.java:28) ~[forge-1.16.5-36.2.39_mapped_official_1.16.5-recomp.jar:?]
	at net.minecraft.client.MouseHelper.lambda$onPress$0(MouseHelper.java:87) ~[forge-1.16.5-36.2.39_mapped_official_1.16.5-recomp.jar:?]
	at net.minecraft.client.gui.screen.Screen.wrapScreenError(Screen.java:427) ~[forge-1.16.5-36.2.39_mapped_official_1.16.5-recomp.jar:?]
	at net.minecraft.client.MouseHelper.onPress(MouseHelper.java:85) ~[forge-1.16.5-36.2.39_mapped_official_1.16.5-recomp.jar:?]
	at net.minecraft.client.MouseHelper.lambda$null$4(MouseHelper.java:181) ~[forge-1.16.5-36.2.39_mapped_official_1.16.5-recomp.jar:?]
	at net.minecraft.util.concurrent.ThreadTaskExecutor.execute(ThreadTaskExecutor.java:86) ~[forge-1.16.5-36.2.39_mapped_official_1.16.5-recomp.jar:?]
	at net.minecraft.client.MouseHelper.lambda$setup$5(MouseHelper.java:180) ~[forge-1.16.5-36.2.39_mapped_official_1.16.5-recomp.jar:?]
	at org.lwjgl.glfw.GLFWMouseButtonCallbackI.callback(GLFWMouseButtonCallbackI.java:36) ~[lwjgl-glfw-3.2.2.jar:build 10]
	at org.lwjgl.system.JNI.invokeV(Native Method) ~[lwjgl-3.2.2.jar:build 10]
	at org.lwjgl.glfw.GLFW.glfwPollEvents(GLFW.java:3101) ~[lwjgl-glfw-3.2.2.jar:build 10]
	at com.mojang.blaze3d.systems.RenderSystem.flipFrame(RenderSystem.java:93) ~[forge-1.16.5-36.2.39_mapped_official_1.16.5-recomp.jar:?]
	at net.minecraft.client.MainWindow.updateDisplay(MainWindow.java:306) ~[forge-1.16.5-36.2.39_mapped_official_1.16.5-recomp.jar:?]
	at net.minecraft.client.Minecraft.runTick(Minecraft.java:997) ~[forge-1.16.5-36.2.39_mapped_official_1.16.5-recomp.jar:?]
	at net.minecraft.client.Minecraft.run(Minecraft.java:607) ~[forge-1.16.5-36.2.39_mapped_official_1.16.5-recomp.jar:?]
	at net.minecraft.client.main.Main.main(Main.java:184) ~[forge-1.16.5-36.2.39_mapped_official_1.16.5-recomp.jar:?]
	at sun.reflect.NativeMethodAccessorImpl.invoke0(Native Method) ~[?:1.8.0_482]
	at sun.reflect.NativeMethodAccessorImpl.invoke(NativeMethodAccessorImpl.java:62) ~[?:1.8.0_482]
	at sun.reflect.DelegatingMethodAccessorImpl.invoke(DelegatingMethodAccessorImpl.java:43) ~[?:1.8.0_482]
	at java.lang.reflect.Method.invoke(Method.java:498) ~[?:1.8.0_482]
	at net.minecraftforge.userdev.FMLUserdevClientLaunchProvider.lambda$launchService$0(FMLUserdevClientLaunchProvider.java:38) ~[forge-1.16.5-36.2.39_mapped_official_1.16.5-recomp.jar:?]
	at cpw.mods.modlauncher.LaunchServiceHandlerDecorator.launch(LaunchServiceHandlerDecorator.java:37) [modlauncher-8.1.3.jar:?]
	at cpw.mods.modlauncher.LaunchServiceHandler.launch(LaunchServiceHandler.java:54) [modlauncher-8.1.3.jar:?]
	at cpw.mods.modlauncher.LaunchServiceHandler.launch(LaunchServiceHandler.java:72) [modlauncher-8.1.3.jar:?]
	at cpw.mods.modlauncher.Launcher.run(Launcher.java:82) [modlauncher-8.1.3.jar:?]
	at cpw.mods.modlauncher.Launcher.main(Launcher.java:66) [modlauncher-8.1.3.jar:?]
	at net.minecraftforge.userdev.LaunchTesting.main(LaunchTesting.java:94) [forge-1.16.5-36.2.39_mapped_official_1.16.5-recomp.jar:?]
[20Sep2026 21:12:30.722] [Render thread/ERROR] [net.minecraft.item.crafting.RecipeManager/]: Parsing error loading recipe cartaddon:reinforced_striker_from_smithing
com.google.gson.JsonSyntaxException: Unknown item 'cartaddon:reinforced_striker'
	at net.minecraft.item.crafting.ShapedRecipe.lambda$itemFromJson$0(ShapedRecipe.java:262) ~[forge-1.16.5-36.2.39_mapped_official_1.16.5-recomp.jar:?]
	at java.util.Optional.orElseThrow(Optional.java:290) ~[?:1.8.0_482]
	at net.minecraft.item.crafting.ShapedRecipe.itemFromJson(ShapedRecipe.java:261) ~[forge-1.16.5-36.2.39_mapped_official_1.16.5-recomp.jar:?]
	at net.minecraft.item.crafting.SmithingRecipe$Serializer.fromJson(SmithingRecipe.java:72) ~[forge-1.16.5-36.2.39_mapped_official_1.16.5-recomp.jar:?]
	at net.minecraft.item.crafting.SmithingRecipe$Serializer.fromJson(SmithingRecipe.java:68) ~[forge-1.16.5-36.2.39_mapped_official_1.16.5-recomp.jar:?]
	at net.minecraft.item.crafting.RecipeManager.fromJson(RecipeManager.java:141) ~[forge-1.16.5-36.2.39_mapped_official_1.16.5-recomp.jar:?]
	at net.minecraft.item.crafting.RecipeManager.apply(RecipeManager.java:61) ~[forge-1.16.5-36.2.39_mapped_official_1.16.5-recomp.jar:?]
	at net.minecraft.item.crafting.RecipeManager.apply(RecipeManager.java:38) ~[forge-1.16.5-36.2.39_mapped_official_1.16.5-recomp.jar:?]
	at net.minecraft.client.resources.ReloadListener.lambda$reload$1(ReloadListener.java:14) ~[forge-1.16.5-36.2.39_mapped_official_1.16.5-recomp.jar:?]
	at java.util.concurrent.CompletableFuture.uniAccept(CompletableFuture.java:670) ~[?:1.8.0_482]
	at java.util.concurrent.CompletableFuture$UniAccept.tryFire(CompletableFuture.java:646) ~[?:1.8.0_482]
	at java.util.concurrent.CompletableFuture$Completion.run(CompletableFuture.java:456) ~[?:1.8.0_482]
	at net.minecraft.resources.AsyncReloader.lambda$null$3(AsyncReloader.java:66) ~[forge-1.16.5-36.2.39_mapped_official_1.16.5-recomp.jar:?]
	at net.minecraft.util.concurrent.ThreadTaskExecutor.doRunTask(ThreadTaskExecutor.java:136) ~[forge-1.16.5-36.2.39_mapped_official_1.16.5-recomp.jar:?]
	at net.minecraft.util.concurrent.RecursiveEventLoop.doRunTask(RecursiveEventLoop.java:22) ~[forge-1.16.5-36.2.39_mapped_official_1.16.5-recomp.jar:?]
	at net.minecraft.util.concurrent.ThreadTaskExecutor.pollTask(ThreadTaskExecutor.java:109) ~[forge-1.16.5-36.2.39_mapped_official_1.16.5-recomp.jar:?]
	at net.minecraft.util.concurrent.ThreadTaskExecutor.managedBlock(ThreadTaskExecutor.java:119) ~[forge-1.16.5-36.2.39_mapped_official_1.16.5-recomp.jar:?]
	at net.minecraft.client.Minecraft.makeServerStem(Minecraft.java:1865) ~[forge-1.16.5-36.2.39_mapped_official_1.16.5-recomp.jar:?]
	at net.minecraft.client.Minecraft.loadWorld(Minecraft.java:1714) ~[forge-1.16.5-36.2.39_mapped_official_1.16.5-recomp.jar:?]
	at net.minecraft.client.Minecraft.loadLevel(Minecraft.java:1683) ~[forge-1.16.5-36.2.39_mapped_official_1.16.5-recomp.jar:?]
	at net.minecraft.client.gui.screen.WorldSelectionList$Entry.loadWorld(WorldSelectionList.java:364) ~[forge-1.16.5-36.2.39_mapped_official_1.16.5-recomp.jar:?]
	at net.minecraft.client.gui.screen.WorldSelectionList$Entry.joinWorld(WorldSelectionList.java:273) ~[forge-1.16.5-36.2.39_mapped_official_1.16.5-recomp.jar:?]
	at net.minecraft.client.gui.screen.WorldSelectionList$Entry.mouseClicked(WorldSelectionList.java:228) ~[forge-1.16.5-36.2.39_mapped_official_1.16.5-recomp.jar:?]
	at net.minecraft.client.gui.widget.list.AbstractList.mouseClicked(AbstractList.java:309) ~[forge-1.16.5-36.2.39_mapped_official_1.16.5-recomp.jar:?]
	at net.minecraft.client.gui.INestedGuiEventHandler.mouseClicked(INestedGuiEventHandler.java:28) ~[forge-1.16.5-36.2.39_mapped_official_1.16.5-recomp.jar:?]
	at net.minecraft.client.MouseHelper.lambda$onPress$0(MouseHelper.java:87) ~[forge-1.16.5-36.2.39_mapped_official_1.16.5-recomp.jar:?]
	at net.minecraft.client.gui.screen.Screen.wrapScreenError(Screen.java:427) ~[forge-1.16.5-36.2.39_mapped_official_1.16.5-recomp.jar:?]
	at net.minecraft.client.MouseHelper.onPress(MouseHelper.java:85) ~[forge-1.16.5-36.2.39_mapped_official_1.16.5-recomp.jar:?]
	at net.minecraft.client.MouseHelper.lambda$null$4(MouseHelper.java:181) ~[forge-1.16.5-36.2.39_mapped_official_1.16.5-recomp.jar:?]
	at net.minecraft.util.concurrent.ThreadTaskExecutor.execute(ThreadTaskExecutor.java:86) ~[forge-1.16.5-36.2.39_mapped_official_1.16.5-recomp.jar:?]
	at net.minecraft.client.MouseHelper.lambda$setup$5(MouseHelper.java:180) ~[forge-1.16.5-36.2.39_mapped_official_1.16.5-recomp.jar:?]
	at org.lwjgl.glfw.GLFWMouseButtonCallbackI.callback(GLFWMouseButtonCallbackI.java:36) ~[lwjgl-glfw-3.2.2.jar:build 10]
	at org.lwjgl.system.JNI.invokeV(Native Method) ~[lwjgl-3.2.2.jar:build 10]
	at org.lwjgl.glfw.GLFW.glfwPollEvents(GLFW.java:3101) ~[lwjgl-glfw-3.2.2.jar:build 10]
	at com.mojang.blaze3d.systems.RenderSystem.flipFrame(RenderSystem.java:93) ~[forge-1.16.5-36.2.39_mapped_official_1.16.5-recomp.jar:?]
	at net.minecraft.client.MainWindow.updateDisplay(MainWindow.java:306) ~[forge-1.16.5-36.2.39_mapped_official_1.16.5-recomp.jar:?]
	at net.minecraft.client.Minecraft.runTick(Minecraft.java:997) ~[forge-1.16.5-36.2.39_mapped_official_1.16.5-recomp.jar:?]
	at net.minecraft.client.Minecraft.run(Minecraft.java:607) ~[forge-1.16.5-36.2.39_mapped_official_1.16.5-recomp.jar:?]
	at net.minecraft.client.main.Main.main(Main.java:184) ~[forge-1.16.5-36.2.39_mapped_official_1.16.5-recomp.jar:?]
	at sun.reflect.NativeMethodAccessorImpl.invoke0(Native Method) ~[?:1.8.0_482]
	at sun.reflect.NativeMethodAccessorImpl.invoke(NativeMethodAccessorImpl.java:62) ~[?:1.8.0_482]
	at sun.reflect.DelegatingMethodAccessorImpl.invoke(DelegatingMethodAccessorImpl.java:43) ~[?:1.8.0_482]
	at java.lang.reflect.Method.invoke(Method.java:498) ~[?:1.8.0_482]
	at net.minecraftforge.userdev.FMLUserdevClientLaunchProvider.lambda$launchService$0(FMLUserdevClientLaunchProvider.java:38) ~[forge-1.16.5-36.2.39_mapped_official_1.16.5-recomp.jar:?]
	at cpw.mods.modlauncher.LaunchServiceHandlerDecorator.launch(LaunchServiceHandlerDecorator.java:37) [modlauncher-8.1.3.jar:?]
	at cpw.mods.modlauncher.LaunchServiceHandler.launch(LaunchServiceHandler.java:54) [modlauncher-8.1.3.jar:?]
	at cpw.mods.modlauncher.LaunchServiceHandler.launch(LaunchServiceHandler.java:72) [modlauncher-8.1.3.jar:?]
	at cpw.mods.modlauncher.Launcher.run(Launcher.java:82) [modlauncher-8.1.3.jar:?]
	at cpw.mods.modlauncher.Launcher.main(Launcher.java:66) [modlauncher-8.1.3.jar:?]
	at net.minecraftforge.userdev.LaunchTesting.main(LaunchTesting.java:94) [forge-1.16.5-36.2.39_mapped_official_1.16.5-recomp.jar:?]
[20Sep2026 21:12:30.726] [Render thread/INFO] [net.minecraft.item.crafting.RecipeManager/]: Loaded 7 recipes
[20Sep2026 21:12:31.431] [Render thread/DEBUG] [mixin/]: Mixing DisplayInfoMixin from mine-mine-no-mi.mixins.json into net.minecraft.advancements.DisplayInfo
[20Sep2026 21:12:31.564] [Render thread/INFO] [net.minecraft.advancements.AdvancementList/]: Loaded 1058 advancements
[20Sep2026 21:12:31.670] [Render thread/DEBUG] [mixin/]: Mixing client.ServerWorldInfoMixin from mine-mine-no-mi.mixins.json into net.minecraft.world.storage.ServerWorldInfo
[20Sep2026 21:12:31.768] [Render thread/INFO] [net.minecraftforge.registries.GameData/REGISTRIES]: Injecting existing registry data into this CLIENT instance
[20Sep2026 21:12:31.779] [Render thread/DEBUG] [net.minecraftforge.registries.ForgeRegistry/REGISTRIES]: Registry mineminenomi:abilities: Fixed mineminenomi:abilities id mismatch cartaddon:absolute_pierce: 1178 (init) -> 1382 (map).
[20Sep2026 21:12:31.780] [Render thread/DEBUG] [net.minecraftforge.registries.ForgeRegistry/REGISTRIES]: Registry mineminenomi:abilities: Fixed mineminenomi:abilities id mismatch cartaddon:adreneline_overuse_disease: 802 (init) -> 1003 (map).
[20Sep2026 21:12:31.780] [Render thread/DEBUG] [net.minecraftforge.registries.ForgeRegistry/REGISTRIES]: Registry mineminenomi:abilities: Fixed mineminenomi:abilities id mismatch cartaddon:advanced_bisu_hei: 639 (init) -> 840 (map).
[20Sep2026 21:12:31.780] [Render thread/DEBUG] [net.minecraftforge.registries.ForgeRegistry/REGISTRIES]: Registry mineminenomi:abilities: Fixed mineminenomi:abilities id mismatch cartaddon:air_cutter: 694 (init) -> 895 (map).
[20Sep2026 21:12:31.780] [Render thread/DEBUG] [net.minecraftforge.registries.ForgeRegistry/REGISTRIES]: Registry mineminenomi:abilities: Fixed mineminenomi:abilities id mismatch cartaddon:ancient_chomp: 810 (init) -> 1011 (map).
[20Sep2026 21:12:31.780] [Render thread/DEBUG] [net.minecraftforge.registries.ForgeRegistry/REGISTRIES]: Registry mineminenomi:abilities: Fixed mineminenomi:abilities id mismatch cartaddon:ancient_clawed_barrage: 809 (init) -> 1010 (map).
[20Sep2026 21:12:31.780] [Render thread/DEBUG] [net.minecraftforge.registries.ForgeRegistry/REGISTRIES]: Registry mineminenomi:abilities: Fixed mineminenomi:abilities id mismatch cartaddon:andon: 947 (init) -> 1151 (map).
[20Sep2026 21:12:31.780] [Render thread/DEBUG] [net.minecraftforge.registries.ForgeRegistry/REGISTRIES]: Registry mineminenomi:abilities: Fixed mineminenomi:abilities id mismatch cartaddon:antimanner_kick_course: 1087 (init) -> 1291 (map).
[20Sep2026 21:12:31.780] [Render thread/DEBUG] [net.minecraftforge.registries.ForgeRegistry/REGISTRIES]: Registry mineminenomi:abilities: Fixed mineminenomi:abilities id mismatch cartaddon:aria_knight_form: 933 (init) -> 1137 (map).
[20Sep2026 21:12:31.780] [Render thread/DEBUG] [net.minecraftforge.registries.ForgeRegistry/REGISTRIES]: Registry mineminenomi:abilities: Fixed mineminenomi:abilities id mismatch cartaddon:ashura_bakkei_mojano_tawamure: 1120 (init) -> 1324 (map).
[20Sep2026 21:12:31.780] [Render thread/DEBUG] [net.minecraftforge.registries.ForgeRegistry/REGISTRIES]: Registry mineminenomi:abilities: Fixed mineminenomi:abilities id mismatch cartaddon:axe_dial: 992 (init) -> 1196 (map).
[20Sep2026 21:12:31.780] [Render thread/DEBUG] [net.minecraftforge.registries.ForgeRegistry/REGISTRIES]: Registry mineminenomi:abilities: Fixed mineminenomi:abilities id mismatch cartaddon:back_flip: 1098 (init) -> 1302 (map).
[20Sep2026 21:12:31.780] [Render thread/DEBUG] [net.minecraftforge.registries.ForgeRegistry/REGISTRIES]: Registry mineminenomi:abilities: Fixed mineminenomi:abilities id mismatch cartaddon:backstab: 1123 (init) -> 1327 (map).
[20Sep2026 21:12:31.780] [Render thread/DEBUG] [net.minecraftforge.registries.ForgeRegistry/REGISTRIES]: Registry mineminenomi:abilities: Fixed mineminenomi:abilities id mismatch cartaddon:bake_danuki_brain_point: 722 (init) -> 923 (map).
[20Sep2026 21:12:31.780] [Render thread/DEBUG] [net.minecraftforge.registries.ForgeRegistry/REGISTRIES]: Registry mineminenomi:abilities: Fixed mineminenomi:abilities id mismatch cartaddon:bake_danuki_walk_point: 721 (init) -> 922 (map).
[20Sep2026 21:12:31.780] [Render thread/DEBUG] [net.minecraftforge.registries.ForgeRegistry/REGISTRIES]: Registry mineminenomi:abilities: Fixed mineminenomi:abilities id mismatch cartaddon:bat_swarm: 1229 (init) -> 1433 (map).
[20Sep2026 21:12:31.780] [Render thread/DEBUG] [net.minecraftforge.registries.ForgeRegistry/REGISTRIES]: Registry mineminenomi:abilities: Fixed mineminenomi:abilities id mismatch cartaddon:bata_body: 920 (init) -> 1124 (map).
[20Sep2026 21:12:31.780] [Render thread/DEBUG] [net.minecraftforge.registries.ForgeRegistry/REGISTRIES]: Registry mineminenomi:abilities: Fixed mineminenomi:abilities id mismatch cartaddon:bata_bullet: 919 (init) -> 1123 (map).
[20Sep2026 21:12:31.780] [Render thread/DEBUG] [net.minecraftforge.registries.ForgeRegistry/REGISTRIES]: Registry mineminenomi:abilities: Fixed mineminenomi:abilities id mismatch cartaddon:bata_grab: 921 (init) -> 1125 (map).
[20Sep2026 21:12:31.780] [Render thread/DEBUG] [net.minecraftforge.registries.ForgeRegistry/REGISTRIES]: Registry mineminenomi:abilities: Fixed mineminenomi:abilities id mismatch cartaddon:bata_sliding: 922 (init) -> 1126 (map).
[20Sep2026 21:12:31.780] [Render thread/DEBUG] [net.minecraftforge.registries.ForgeRegistry/REGISTRIES]: Registry mineminenomi:abilities: Fixed mineminenomi:abilities id mismatch cartaddon:batto_bite: 616 (init) -> 817 (map).
[20Sep2026 21:12:31.780] [Render thread/DEBUG] [net.minecraftforge.registries.ForgeRegistry/REGISTRIES]: Registry mineminenomi:abilities: Fixed mineminenomi:abilities id mismatch cartaddon:batto_flight: 614 (init) -> 815 (map).
[20Sep2026 21:12:31.780] [Render thread/DEBUG] [net.minecraftforge.registries.ForgeRegistry/REGISTRIES]: Registry mineminenomi:abilities: Fixed mineminenomi:abilities id mismatch cartaddon:batto_fly_point: 615 (init) -> 816 (map).
[20Sep2026 21:12:31.780] [Render thread/DEBUG] [net.minecraftforge.registries.ForgeRegistry/REGISTRIES]: Registry mineminenomi:abilities: Fixed mineminenomi:abilities id mismatch cartaddon:batto_heavy_point: 619 (init) -> 820 (map).
[20Sep2026 21:12:31.780] [Render thread/DEBUG] [net.minecraftforge.registries.ForgeRegistry/REGISTRIES]: Registry mineminenomi:abilities: Fixed mineminenomi:abilities id mismatch cartaddon:batto_passive: 618 (init) -> 819 (map).
[20Sep2026 21:12:31.780] [Render thread/DEBUG] [net.minecraftforge.registries.ForgeRegistry/REGISTRIES]: Registry mineminenomi:abilities: Fixed mineminenomi:abilities id mismatch cartaddon:bazooka_burn_blast: 1190 (init) -> 1394 (map).
[20Sep2026 21:12:31.780] [Render thread/DEBUG] [net.minecraftforge.registries.ForgeRegistry/REGISTRIES]: Registry mineminenomi:abilities: Fixed mineminenomi:abilities id mismatch cartaddon:beetle_uppercut: 820 (init) -> 1021 (map).
[20Sep2026 21:12:31.780] [Render thread/DEBUG] [net.minecraftforge.registries.ForgeRegistry/REGISTRIES]: Registry mineminenomi:abilities: Fixed mineminenomi:abilities id mismatch cartaddon:bege_cannon_firing: 1235 (init) -> 1439 (map).
[20Sep2026 21:12:31.780] [Render thread/DEBUG] [net.minecraftforge.registries.ForgeRegistry/REGISTRIES]: Registry mineminenomi:abilities: Fixed mineminenomi:abilities id mismatch cartaddon:bege_castle_impact: 1236 (init) -> 1440 (map).
[20Sep2026 21:12:31.780] [Render thread/DEBUG] [net.minecraftforge.registries.ForgeRegistry/REGISTRIES]: Registry mineminenomi:abilities: Fixed mineminenomi:abilities id mismatch cartaddon:bege_fire_tank_cannon: 1233 (init) -> 1437 (map).
[20Sep2026 21:12:31.780] [Render thread/DEBUG] [net.minecraftforge.registries.ForgeRegistry/REGISTRIES]: Registry mineminenomi:abilities: Fixed mineminenomi:abilities id mismatch cartaddon:bege_kyassuru_tanku: 1234 (init) -> 1438 (map).
[20Sep2026 21:12:31.780] [Render thread/DEBUG] [net.minecraftforge.registries.ForgeRegistry/REGISTRIES]: Registry mineminenomi:abilities: Fixed mineminenomi:abilities id mismatch cartaddon:bege_shiro_trample: 1232 (init) -> 1436 (map).
[20Sep2026 21:12:31.780] [Render thread/DEBUG] [net.minecraftforge.registries.ForgeRegistry/REGISTRIES]: Registry mineminenomi:abilities: Fixed mineminenomi:abilities id mismatch cartaddon:beouf_burst: 1094 (init) -> 1298 (map).
[20Sep2026 21:12:31.780] [Render thread/DEBUG] [net.minecraftforge.registries.ForgeRegistry/REGISTRIES]: Registry mineminenomi:abilities: Fixed mineminenomi:abilities id mismatch cartaddon:berserk: 1143 (init) -> 1347 (map).
[20Sep2026 21:12:31.780] [Render thread/DEBUG] [net.minecraftforge.registries.ForgeRegistry/REGISTRIES]: Registry mineminenomi:abilities: Fixed mineminenomi:abilities id mismatch cartaddon:big_bad_bite: 664 (init) -> 865 (map).
[20Sep2026 21:12:31.780] [Render thread/DEBUG] [net.minecraftforge.registries.ForgeRegistry/REGISTRIES]: Registry mineminenomi:abilities: Fixed mineminenomi:abilities id mismatch cartaddon:big_bad_scratch: 667 (init) -> 868 (map).
[20Sep2026 21:12:31.780] [Render thread/DEBUG] [net.minecraftforge.registries.ForgeRegistry/REGISTRIES]: Registry mineminenomi:abilities: Fixed mineminenomi:abilities id mismatch cartaddon:big_father: 601 (init) -> 802 (map).
[20Sep2026 21:12:31.780] [Render thread/DEBUG] [net.minecraftforge.registries.ForgeRegistry/REGISTRIES]: Registry mineminenomi:abilities: Fixed mineminenomi:abilities id mismatch cartaddon:bisu_armor: 642 (init) -> 843 (map).
[20Sep2026 21:12:31.780] [Render thread/DEBUG] [net.minecraftforge.registries.ForgeRegistry/REGISTRIES]: Registry mineminenomi:abilities: Fixed mineminenomi:abilities id mismatch cartaddon:bisu_creation: 643 (init) -> 844 (map).
[20Sep2026 21:12:31.780] [Render thread/DEBUG] [net.minecraftforge.registries.ForgeRegistry/REGISTRIES]: Registry mineminenomi:abilities: Fixed mineminenomi:abilities id mismatch cartaddon:bisu_entity_guard: 641 (init) -> 842 (map).
[20Sep2026 21:12:31.780] [Render thread/DEBUG] [net.minecraftforge.registries.ForgeRegistry/REGISTRIES]: Registry mineminenomi:abilities: Fixed mineminenomi:abilities id mismatch cartaddon:bisu_guard: 640 (init) -> 841 (map).
[20Sep2026 21:12:31.780] [Render thread/DEBUG] [net.minecraftforge.registries.ForgeRegistry/REGISTRIES]: Registry mineminenomi:abilities: Fixed mineminenomi:abilities id mismatch cartaddon:bisu_hei: 638 (init) -> 839 (map).
[20Sep2026 21:12:31.780] [Render thread/DEBUG] [net.minecraftforge.registries.ForgeRegistry/REGISTRIES]: Registry mineminenomi:abilities: Fixed mineminenomi:abilities id mismatch cartaddon:bisu_steed: 645 (init) -> 846 (map).
[20Sep2026 21:12:31.780] [Render thread/DEBUG] [net.minecraftforge.registries.ForgeRegistry/REGISTRIES]: Registry mineminenomi:abilities: Fixed mineminenomi:abilities id mismatch cartaddon:black_blade_crescent_moon: 1169 (init) -> 1373 (map).
[20Sep2026 21:12:31.780] [Render thread/DEBUG] [net.minecraftforge.registries.ForgeRegistry/REGISTRIES]: Registry mineminenomi:abilities: Fixed mineminenomi:abilities id mismatch cartaddon:black_blade_hell_slash: 1195 (init) -> 1399 (map).
[20Sep2026 21:12:31.780] [Render thread/DEBUG] [net.minecraftforge.registries.ForgeRegistry/REGISTRIES]: Registry mineminenomi:abilities: Fixed mineminenomi:abilities id mismatch cartaddon:black_blade_wild_slash: 1193 (init) -> 1397 (map).
[20Sep2026 21:12:31.780] [Render thread/DEBUG] [net.minecraftforge.registries.ForgeRegistry/REGISTRIES]: Registry mineminenomi:abilities: Fixed mineminenomi:abilities id mismatch cartaddon:blink: 1131 (init) -> 1335 (map).
[20Sep2026 21:12:31.780] [Render thread/DEBUG] [net.minecraftforge.registries.ForgeRegistry/REGISTRIES]: Registry mineminenomi:abilities: Fixed mineminenomi:abilities id mismatch cartaddon:blinkstep_counter: 1126 (init) -> 1330 (map).
[20Sep2026 21:12:31.780] [Render thread/DEBUG] [net.minecraftforge.registries.ForgeRegistry/REGISTRIES]: Registry mineminenomi:abilities: Fixed mineminenomi:abilities id mismatch cartaddon:blood_burst: 773 (init) -> 974 (map).
[20Sep2026 21:12:31.780] [Render thread/DEBUG] [net.minecraftforge.registries.ForgeRegistry/REGISTRIES]: Registry mineminenomi:abilities: Fixed mineminenomi:abilities id mismatch cartaddon:blood_step: 774 (init) -> 975 (map).
[20Sep2026 21:12:31.780] [Render thread/DEBUG] [net.minecraftforge.registries.ForgeRegistry/REGISTRIES]: Registry mineminenomi:abilities: Fixed mineminenomi:abilities id mismatch cartaddon:blow_your_house_down: 665 (init) -> 866 (map).
[20Sep2026 21:12:31.780] [Render thread/DEBUG] [net.minecraftforge.registries.ForgeRegistry/REGISTRIES]: Registry mineminenomi:abilities: Fixed mineminenomi:abilities id mismatch cartaddon:blue_hole: 1079 (init) -> 1283 (map).
[20Sep2026 21:12:31.780] [Render thread/DEBUG] [net.minecraftforge.registries.ForgeRegistry/REGISTRIES]: Registry mineminenomi:abilities: Fixed mineminenomi:abilities id mismatch cartaddon:bokarin: 589 (init) -> 790 (map).
[20Sep2026 21:12:31.780] [Render thread/DEBUG] [net.minecraftforge.registries.ForgeRegistry/REGISTRIES]: Registry mineminenomi:abilities: Fixed mineminenomi:abilities id mismatch cartaddon:bolo_breath: 668 (init) -> 869 (map).
[20Sep2026 21:12:31.780] [Render thread/DEBUG] [net.minecraftforge.registries.ForgeRegistry/REGISTRIES]: Registry mineminenomi:abilities: Fixed mineminenomi:abilities id mismatch cartaddon:bone_shattering_leap: 1218 (init) -> 1422 (map).
[20Sep2026 21:12:31.780] [Render thread/DEBUG] [net.minecraftforge.registries.ForgeRegistry/REGISTRIES]: Registry mineminenomi:abilities: Fixed mineminenomi:abilities id mismatch cartaddon:boot_boost: 962 (init) -> 1166 (map).
[20Sep2026 21:12:31.780] [Render thread/DEBUG] [net.minecraftforge.registries.ForgeRegistry/REGISTRIES]: Registry mineminenomi:abilities: Fixed mineminenomi:abilities id mismatch cartaddon:bracchium: 914 (init) -> 1118 (map).
[20Sep2026 21:12:31.780] [Render thread/DEBUG] [net.minecraftforge.registries.ForgeRegistry/REGISTRIES]: Registry mineminenomi:abilities: Fixed mineminenomi:abilities id mismatch cartaddon:breathless: 1031 (init) -> 1235 (map).
[20Sep2026 21:12:31.780] [Render thread/DEBUG] [net.minecraftforge.registries.ForgeRegistry/REGISTRIES]: Registry mineminenomi:abilities: Fixed mineminenomi:abilities id mismatch cartaddon:bubble_block_bypassing: 1237 (init) -> 1441 (map).
[20Sep2026 21:12:31.780] [Render thread/DEBUG] [net.minecraftforge.registries.ForgeRegistry/REGISTRIES]: Registry mineminenomi:abilities: Fixed mineminenomi:abilities id mismatch cartaddon:bujaogen: 1135 (init) -> 1339 (map).
[20Sep2026 21:12:31.780] [Render thread/DEBUG] [net.minecraftforge.registries.ForgeRegistry/REGISTRIES]: Registry mineminenomi:abilities: Fixed mineminenomi:abilities id mismatch cartaddon:bullet_blast_barrage: 1097 (init) -> 1301 (map).
[20Sep2026 21:12:31.780] [Render thread/DEBUG] [net.minecraftforge.registries.ForgeRegistry/REGISTRIES]: Registry mineminenomi:abilities: Fixed mineminenomi:abilities id mismatch cartaddon:bullet_rush: 1102 (init) -> 1306 (map).
[20Sep2026 21:12:31.780] [Render thread/DEBUG] [net.minecraftforge.registries.ForgeRegistry/REGISTRIES]: Registry mineminenomi:abilities: Fixed mineminenomi:abilities id mismatch cartaddon:buto: 1132 (init) -> 1336 (map).
[20Sep2026 21:12:31.780] [Render thread/DEBUG] [net.minecraftforge.registries.ForgeRegistry/REGISTRIES]: Registry mineminenomi:abilities: Fixed mineminenomi:abilities id mismatch cartaddon:buto_kaiten: 1134 (init) -> 1338 (map).
[20Sep2026 21:12:31.780] [Render thread/DEBUG] [net.minecraftforge.registries.ForgeRegistry/REGISTRIES]: Registry mineminenomi:abilities: Fixed mineminenomi:abilities id mismatch cartaddon:buto_kaiten_ranbu: 1139 (init) -> 1343 (map).
[20Sep2026 21:12:31.780] [Render thread/DEBUG] [net.minecraftforge.registries.ForgeRegistry/REGISTRIES]: Registry mineminenomi:abilities: Fixed mineminenomi:abilities id mismatch cartaddon:cannon_firing: 600 (init) -> 801 (map).
[20Sep2026 21:12:31.780] [Render thread/DEBUG] [net.minecraftforge.registries.ForgeRegistry/REGISTRIES]: Registry mineminenomi:abilities: Fixed mineminenomi:abilities id mismatch cartaddon:cape_guard: 960 (init) -> 1164 (map).
[20Sep2026 21:12:31.780] [Render thread/DEBUG] [net.minecraftforge.registries.ForgeRegistry/REGISTRIES]: Registry mineminenomi:abilities: Fixed mineminenomi:abilities id mismatch cartaddon:catapult_punc: 912 (init) -> 1116 (map).
[20Sep2026 21:12:31.780] [Render thread/DEBUG] [net.minecraftforge.registries.ForgeRegistry/REGISTRIES]: Registry mineminenomi:abilities: Fixed mineminenomi:abilities id mismatch cartaddon:celestial_blessing: 724 (init) -> 925 (map).
[20Sep2026 21:12:31.780] [Render thread/DEBUG] [net.minecraftforge.registries.ForgeRegistry/REGISTRIES]: Registry mineminenomi:abilities: Fixed mineminenomi:abilities id mismatch cartaddon:cerberus_guard_point: 758 (init) -> 959 (map).
[20Sep2026 21:12:31.780] [Render thread/DEBUG] [net.minecraftforge.registries.ForgeRegistry/REGISTRIES]: Registry mineminenomi:abilities: Fixed mineminenomi:abilities id mismatch cartaddon:cerberus_heavy_point: 759 (init) -> 960 (map).
[20Sep2026 21:12:31.780] [Render thread/DEBUG] [net.minecraftforge.registries.ForgeRegistry/REGISTRIES]: Registry mineminenomi:abilities: Fixed mineminenomi:abilities id mismatch cartaddon:cerberus_immunities: 767 (init) -> 968 (map).
[20Sep2026 21:12:31.780] [Render thread/DEBUG] [net.minecraftforge.registries.ForgeRegistry/REGISTRIES]: Registry mineminenomi:abilities: Fixed mineminenomi:abilities id mismatch cartaddon:cerberus_rideable: 766 (init) -> 967 (map).
[20Sep2026 21:12:31.780] [Render thread/DEBUG] [net.minecraftforge.registries.ForgeRegistry/REGISTRIES]: Registry mineminenomi:abilities: Fixed mineminenomi:abilities id mismatch cartaddon:charged_punch: 1184 (init) -> 1388 (map).
[20Sep2026 21:12:31.780] [Render thread/DEBUG] [net.minecraftforge.registries.ForgeRegistry/REGISTRIES]: Registry mineminenomi:abilities: Fixed mineminenomi:abilities id mismatch cartaddon:charlestone: 830 (init) -> 1031 (map).
[20Sep2026 21:12:31.781] [Render thread/DEBUG] [net.minecraftforge.registries.ForgeRegistry/REGISTRIES]: Registry mineminenomi:abilities: Fixed mineminenomi:abilities id mismatch cartaddon:chasing_prey: 666 (init) -> 867 (map).
[20Sep2026 21:12:31.781] [Render thread/DEBUG] [net.minecraftforge.registries.ForgeRegistry/REGISTRIES]: Registry mineminenomi:abilities: Fixed mineminenomi:abilities id mismatch cartaddon:cheappo: 1183 (init) -> 1387 (map).
[20Sep2026 21:12:31.781] [Render thread/DEBUG] [net.minecraftforge.registries.ForgeRegistry/REGISTRIES]: Registry mineminenomi:abilities: Fixed mineminenomi:abilities id mismatch cartaddon:chikara_mochi: 657 (init) -> 858 (map).
[20Sep2026 21:12:31.781] [Render thread/DEBUG] [net.minecraftforge.registries.ForgeRegistry/REGISTRIES]: Registry mineminenomi:abilities: Fixed mineminenomi:abilities id mismatch cartaddon:circle_parry: 1152 (init) -> 1356 (map).
[20Sep2026 21:12:31.781] [Render thread/DEBUG] [net.minecraftforge.registries.ForgeRegistry/REGISTRIES]: Registry mineminenomi:abilities: Fixed mineminenomi:abilities id mismatch cartaddon:clawed_palmed_burst: 847 (init) -> 1048 (map).
[20Sep2026 21:12:31.781] [Render thread/DEBUG] [net.minecraftforge.registries.ForgeRegistry/REGISTRIES]: Registry mineminenomi:abilities: Fixed mineminenomi:abilities id mismatch cartaddon:clawed_swipe: 788 (init) -> 989 (map).
[20Sep2026 21:12:31.781] [Render thread/DEBUG] [net.minecraftforge.registries.ForgeRegistry/REGISTRIES]: Registry mineminenomi:abilities: Fixed mineminenomi:abilities id mismatch cartaddon:cognac: 890 (init) -> 1091 (map).
[20Sep2026 21:12:31.781] [Render thread/DEBUG] [net.minecraftforge.registries.ForgeRegistry/REGISTRIES]: Registry mineminenomi:abilities: Fixed mineminenomi:abilities id mismatch cartaddon:cola_overdrive: 1016 (init) -> 1220 (map).
[20Sep2026 21:12:31.781] [Render thread/DEBUG] [net.minecraftforge.registries.ForgeRegistry/REGISTRIES]: Registry mineminenomi:abilities: Fixed mineminenomi:abilities id mismatch cartaddon:come_at_me: 1222 (init) -> 1426 (map).
[20Sep2026 21:12:31.781] [Render thread/DEBUG] [net.minecraftforge.registries.ForgeRegistry/REGISTRIES]: Registry mineminenomi:abilities: Fixed mineminenomi:abilities id mismatch cartaddon:concasse: 1089 (init) -> 1293 (map).
[20Sep2026 21:12:31.781] [Render thread/DEBUG] [net.minecraftforge.registries.ForgeRegistry/REGISTRIES]: Registry mineminenomi:abilities: Fixed mineminenomi:abilities id mismatch cartaddon:conqueror_of_three_worlds_ragnaraku: 1052 (init) -> 1256 (map).
[20Sep2026 21:12:31.781] [Render thread/DEBUG] [net.minecraftforge.registries.ForgeRegistry/REGISTRIES]: Registry mineminenomi:abilities: Fixed mineminenomi:abilities id mismatch cartaddon:contagion_cure: 806 (init) -> 1007 (map).
[20Sep2026 21:12:31.781] [Render thread/DEBUG] [net.minecraftforge.registries.ForgeRegistry/REGISTRIES]: Registry mineminenomi:abilities: Fixed mineminenomi:abilities id mismatch cartaddon:cool_ball: 1161 (init) -> 1365 (map).
[20Sep2026 21:12:31.781] [Render thread/DEBUG] [net.minecraftforge.registries.ForgeRegistry/REGISTRIES]: Registry mineminenomi:abilities: Fixed mineminenomi:abilities id mismatch cartaddon:counter_shift: 681 (init) -> 882 (map).
[20Sep2026 21:12:31.781] [Render thread/DEBUG] [net.minecraftforge.registries.ForgeRegistry/REGISTRIES]: Registry mineminenomi:abilities: Fixed mineminenomi:abilities id mismatch cartaddon:coup_de_boo: 1012 (init) -> 1216 (map).
[20Sep2026 21:12:31.781] [Render thread/DEBUG] [net.minecraftforge.registries.ForgeRegistry/REGISTRIES]: Registry mineminenomi:abilities: Fixed mineminenomi:abilities id mismatch cartaddon:coup_de_vent: 1008 (init) -> 1212 (map).
[20Sep2026 21:12:31.781] [Render thread/DEBUG] [net.minecraftforge.registries.ForgeRegistry/REGISTRIES]: Registry mineminenomi:abilities: Fixed mineminenomi:abilities id mismatch cartaddon:crescendo_volley: 926 (init) -> 1130 (map).
[20Sep2026 21:12:31.781] [Render thread/DEBUG] [net.minecraftforge.registries.ForgeRegistry/REGISTRIES]: Registry mineminenomi:abilities: Fixed mineminenomi:abilities id mismatch cartaddon:cross_shade: 907 (init) -> 1111 (map).
[20Sep2026 21:12:31.781] [Render thread/DEBUG] [net.minecraftforge.registries.ForgeRegistry/REGISTRIES]: Registry mineminenomi:abilities: Fixed mineminenomi:abilities id mismatch cartaddon:dance_of_death: 1124 (init) -> 1328 (map).
[20Sep2026 21:12:31.781] [Render thread/DEBUG] [net.minecraftforge.registries.ForgeRegistry/REGISTRIES]: Registry mineminenomi:abilities: Fixed mineminenomi:abilities id mismatch cartaddon:dancing_dragon_slam: 1067 (init) -> 1271 (map).
[20Sep2026 21:12:31.781] [Render thread/DEBUG] [net.minecraftforge.registries.ForgeRegistry/REGISTRIES]: Registry mineminenomi:abilities: Fixed mineminenomi:abilities id mismatch cartaddon:dangirigan: 1100 (init) -> 1304 (map).
[20Sep2026 21:12:31.781] [Render thread/DEBUG] [net.minecraftforge.registries.ForgeRegistry/REGISTRIES]: Registry mineminenomi:abilities: Fixed mineminenomi:abilities id mismatch cartaddon:dawnbreaker_dash: 1155 (init) -> 1359 (map).
[20Sep2026 21:12:31.781] [Render thread/DEBUG] [net.minecraftforge.registries.ForgeRegistry/REGISTRIES]: Registry mineminenomi:abilities: Fixed mineminenomi:abilities id mismatch cartaddon:dead_again: 1030 (init) -> 1234 (map).
[20Sep2026 21:12:31.781] [Render thread/DEBUG] [net.minecraftforge.registries.ForgeRegistry/REGISTRIES]: Registry mineminenomi:abilities: Fixed mineminenomi:abilities id mismatch cartaddon:dead_appetite: 1032 (init) -> 1236 (map).
[20Sep2026 21:12:31.781] [Render thread/DEBUG] [net.minecraftforge.registries.ForgeRegistry/REGISTRIES]: Registry mineminenomi:abilities: Fixed mineminenomi:abilities id mismatch cartaddon:destroyer_of_death_thunder_bagua: 1053 (init) -> 1257 (map).
[20Sep2026 21:12:31.781] [Render thread/DEBUG] [net.minecraftforge.registries.ForgeRegistry/REGISTRIES]: Registry mineminenomi:abilities: Fixed mineminenomi:abilities id mismatch cartaddon:diable_jambe: 1091 (init) -> 1295 (map).
[20Sep2026 21:12:31.781] [Render thread/DEBUG] [net.minecraftforge.registries.ForgeRegistry/REGISTRIES]: Registry mineminenomi:abilities: Fixed mineminenomi:abilities id mismatch cartaddon:disruption_disease: 803 (init) -> 1004 (map).
[20Sep2026 21:12:31.781] [Render thread/DEBUG] [net.minecraftforge.registries.ForgeRegistry/REGISTRIES]: Registry mineminenomi:abilities: Fixed mineminenomi:abilities id mismatch cartaddon:divine_departure: 1156 (init) -> 1360 (map).
[20Sep2026 21:12:31.781] [Render thread/DEBUG] [net.minecraftforge.registries.ForgeRegistry/REGISTRIES]: Registry mineminenomi:abilities: Fixed mineminenomi:abilities id mismatch cartaddon:donut_creation: 654 (init) -> 855 (map).
[20Sep2026 21:12:31.781] [Render thread/DEBUG] [net.minecraftforge.registries.ForgeRegistry/REGISTRIES]: Registry mineminenomi:abilities: Fixed mineminenomi:abilities id mismatch cartaddon:double_shots: 1096 (init) -> 1300 (map).
[20Sep2026 21:12:31.781] [Render thread/DEBUG] [net.minecraftforge.registries.ForgeRegistry/REGISTRIES]: Registry mineminenomi:abilities: Fixed mineminenomi:abilities id mismatch cartaddon:dragon_bash: 1212 (init) -> 1416 (map).
[20Sep2026 21:12:31.781] [Render thread/DEBUG] [net.minecraftforge.registries.ForgeRegistry/REGISTRIES]: Registry mineminenomi:abilities: Fixed mineminenomi:abilities id mismatch cartaddon:dragon_bite: 1213 (init) -> 1417 (map).
[20Sep2026 21:12:31.781] [Render thread/DEBUG] [net.minecraftforge.registries.ForgeRegistry/REGISTRIES]: Registry mineminenomi:abilities: Fixed mineminenomi:abilities id mismatch cartaddon:dragon_fireball: 1217 (init) -> 1421 (map).
[20Sep2026 21:12:31.781] [Render thread/DEBUG] [net.minecraftforge.registries.ForgeRegistry/REGISTRIES]: Registry mineminenomi:abilities: Fixed mineminenomi:abilities id mismatch cartaddon:dragon_slam: 1216 (init) -> 1420 (map).
[20Sep2026 21:12:31.781] [Render thread/DEBUG] [net.minecraftforge.registries.ForgeRegistry/REGISTRIES]: Registry mineminenomi:abilities: Fixed mineminenomi:abilities id mismatch cartaddon:dragon_tail_spin: 1215 (init) -> 1419 (map).
[20Sep2026 21:12:31.781] [Render thread/DEBUG] [net.minecraftforge.registries.ForgeRegistry/REGISTRIES]: Registry mineminenomi:abilities: Fixed mineminenomi:abilities id mismatch cartaddon:dragon_trample: 1214 (init) -> 1418 (map).
[20Sep2026 21:12:31.781] [Render thread/DEBUG] [net.minecraftforge.registries.ForgeRegistry/REGISTRIES]: Registry mineminenomi:abilities: Fixed mineminenomi:abilities id mismatch cartaddon:dragons_lawnmower: 1071 (init) -> 1275 (map).
[20Sep2026 21:12:31.781] [Render thread/DEBUG] [net.minecraftforge.registries.ForgeRegistry/REGISTRIES]: Registry mineminenomi:abilities: Fixed mineminenomi:abilities id mismatch cartaddon:dragons_wrath: 1070 (init) -> 1274 (map).
[20Sep2026 21:12:31.781] [Render thread/DEBUG] [net.minecraftforge.registries.ForgeRegistry/REGISTRIES]: Registry mineminenomi:abilities: Fixed mineminenomi:abilities id mismatch cartaddon:dream_manifestation_items: 866 (init) -> 1067 (map).
[20Sep2026 21:12:31.781] [Render thread/DEBUG] [net.minecraftforge.registries.ForgeRegistry/REGISTRIES]: Registry mineminenomi:abilities: Fixed mineminenomi:abilities id mismatch cartaddon:drill_jab: 1174 (init) -> 1378 (map).
[20Sep2026 21:12:31.781] [Render thread/DEBUG] [net.minecraftforge.registries.ForgeRegistry/REGISTRIES]: Registry mineminenomi:abilities: Fixed mineminenomi:abilities id mismatch cartaddon:drunk_oni_passive: 957 (init) -> 1161 (map).
[20Sep2026 21:12:31.781] [Render thread/DEBUG] [net.minecraftforge.registries.ForgeRegistry/REGISTRIES]: Registry mineminenomi:abilities: Fixed mineminenomi:abilities id mismatch cartaddon:effect_nullification: 1187 (init) -> 1391 (map).
[20Sep2026 21:12:31.781] [Render thread/DEBUG] [net.minecraftforge.registries.ForgeRegistry/REGISTRIES]: Registry mineminenomi:abilities: Fixed mineminenomi:abilities id mismatch cartaddon:elbow_guard: 1133 (init) -> 1337 (map).
[20Sep2026 21:12:31.781] [Render thread/DEBUG] [net.minecraftforge.registries.ForgeRegistry/REGISTRIES]: Registry mineminenomi:abilities: Fixed mineminenomi:abilities id mismatch cartaddon:eleclaw: 998 (init) -> 1202 (map).
[20Sep2026 21:12:31.781] [Render thread/DEBUG] [net.minecraftforge.registries.ForgeRegistry/REGISTRIES]: Registry mineminenomi:abilities: Fixed mineminenomi:abilities id mismatch cartaddon:electric_field: 975 (init) -> 1179 (map).
[20Sep2026 21:12:31.781] [Render thread/DEBUG] [net.minecraftforge.registries.ForgeRegistry/REGISTRIES]: Registry mineminenomi:abilities: Fixed mineminenomi:abilities id mismatch cartaddon:electrical_burst: 1005 (init) -> 1209 (map).
[20Sep2026 21:12:31.781] [Render thread/DEBUG] [net.minecraftforge.registries.ForgeRegistry/REGISTRIES]: Registry mineminenomi:abilities: Fixed mineminenomi:abilities id mismatch cartaddon:electrical_luna: 1002 (init) -> 1206 (map).
[20Sep2026 21:12:31.781] [Render thread/DEBUG] [net.minecraftforge.registries.ForgeRegistry/REGISTRIES]: Registry mineminenomi:abilities: Fixed mineminenomi:abilities id mismatch cartaddon:electrical_missile: 999 (init) -> 1203 (map).
[20Sep2026 21:12:31.781] [Render thread/DEBUG] [net.minecraftforge.registries.ForgeRegistry/REGISTRIES]: Registry mineminenomi:abilities: Fixed mineminenomi:abilities id mismatch cartaddon:electrical_shower: 1001 (init) -> 1205 (map).
[20Sep2026 21:12:31.781] [Render thread/DEBUG] [net.minecraftforge.registries.ForgeRegistry/REGISTRIES]: Registry mineminenomi:abilities: Fixed mineminenomi:abilities id mismatch cartaddon:electrical_surge: 979 (init) -> 1183 (map).
[20Sep2026 21:12:31.781] [Render thread/DEBUG] [net.minecraftforge.registries.ForgeRegistry/REGISTRIES]: Registry mineminenomi:abilities: Fixed mineminenomi:abilities id mismatch cartaddon:electrical_tempesta: 1000 (init) -> 1204 (map).
[20Sep2026 21:12:31.781] [Render thread/DEBUG] [net.minecraftforge.registries.ForgeRegistry/REGISTRIES]: Registry mineminenomi:abilities: Fixed mineminenomi:abilities id mismatch cartaddon:electricmotive_needle: 976 (init) -> 1180 (map).
[20Sep2026 21:12:31.782] [Render thread/DEBUG] [net.minecraftforge.registries.ForgeRegistry/REGISTRIES]: Registry mineminenomi:abilities: Fixed mineminenomi:abilities id mismatch cartaddon:enel_el_thor: 1206 (init) -> 1410 (map).
[20Sep2026 21:12:31.782] [Render thread/DEBUG] [net.minecraftforge.registries.ForgeRegistry/REGISTRIES]: Registry mineminenomi:abilities: Fixed mineminenomi:abilities id mismatch cartaddon:enel_raigo: 1202 (init) -> 1406 (map).
[20Sep2026 21:12:31.782] [Render thread/DEBUG] [net.minecraftforge.registries.ForgeRegistry/REGISTRIES]: Registry mineminenomi:abilities: Fixed mineminenomi:abilities id mismatch cartaddon:enel_spark_step: 1205 (init) -> 1409 (map).
[20Sep2026 21:12:31.782] [Render thread/DEBUG] [net.minecraftforge.registries.ForgeRegistry/REGISTRIES]: Registry mineminenomi:abilities: Fixed mineminenomi:abilities id mismatch cartaddon:exo_repair: 963 (init) -> 1167 (map).
[20Sep2026 21:12:31.782] [Render thread/DEBUG] [net.minecraftforge.registries.ForgeRegistry/REGISTRIES]: Registry mineminenomi:abilities: Fixed mineminenomi:abilities id mismatch cartaddon:extra_hachis: 1092 (init) -> 1296 (map).
[20Sep2026 21:12:31.782] [Render thread/DEBUG] [net.minecraftforge.registries.ForgeRegistry/REGISTRIES]: Registry mineminenomi:abilities: Fixed mineminenomi:abilities id mismatch cartaddon:falcon_assault_point: 692 (init) -> 893 (map).
[20Sep2026 21:12:31.782] [Render thread/DEBUG] [net.minecraftforge.registries.ForgeRegistry/REGISTRIES]: Registry mineminenomi:abilities: Fixed mineminenomi:abilities id mismatch cartaddon:falcon_flight: 696 (init) -> 897 (map).
[20Sep2026 21:12:31.782] [Render thread/DEBUG] [net.minecraftforge.registries.ForgeRegistry/REGISTRIES]: Registry mineminenomi:abilities: Fixed mineminenomi:abilities id mismatch cartaddon:falcon_fly_point: 691 (init) -> 892 (map).
[20Sep2026 21:12:31.782] [Render thread/DEBUG] [net.minecraftforge.registries.ForgeRegistry/REGISTRIES]: Registry mineminenomi:abilities: Fixed mineminenomi:abilities id mismatch cartaddon:falcon_rideable: 697 (init) -> 898 (map).
[20Sep2026 21:12:31.782] [Render thread/DEBUG] [net.minecraftforge.registries.ForgeRegistry/REGISTRIES]: Registry mineminenomi:abilities: Fixed mineminenomi:abilities id mismatch cartaddon:fashion_punc: 911 (init) -> 1115 (map).
[20Sep2026 21:12:31.782] [Render thread/DEBUG] [net.minecraftforge.registries.ForgeRegistry/REGISTRIES]: Registry mineminenomi:abilities: Fixed mineminenomi:abilities id mismatch cartaddon:fell_stinger: 834 (init) -> 1035 (map).
[20Sep2026 21:12:31.782] [Render thread/DEBUG] [net.minecraftforge.registries.ForgeRegistry/REGISTRIES]: Registry mineminenomi:abilities: Fixed mineminenomi:abilities id mismatch cartaddon:final_execution: 1129 (init) -> 1333 (map).
[20Sep2026 21:12:31.782] [Render thread/DEBUG] [net.minecraftforge.registries.ForgeRegistry/REGISTRIES]: Registry mineminenomi:abilities: Fixed mineminenomi:abilities id mismatch cartaddon:final_resort: 1151 (init) -> 1355 (map).
[20Sep2026 21:12:31.782] [Render thread/DEBUG] [net.minecraftforge.registries.ForgeRegistry/REGISTRIES]: Registry mineminenomi:abilities: Fixed mineminenomi:abilities id mismatch cartaddon:fire_tank_cannon: 606 (init) -> 807 (map).
[20Sep2026 21:12:31.782] [Render thread/DEBUG] [net.minecraftforge.registries.ForgeRegistry/REGISTRIES]: Registry mineminenomi:abilities: Fixed mineminenomi:abilities id mismatch cartaddon:fists_of_love_barrage: 1080 (init) -> 1284 (map).
[20Sep2026 21:12:31.782] [Render thread/DEBUG] [net.minecraftforge.registries.ForgeRegistry/REGISTRIES]: Registry mineminenomi:abilities: Fixed mineminenomi:abilities id mismatch cartaddon:flame_blessing: 851 (init) -> 1052 (map).
[20Sep2026 21:12:31.782] [Render thread/DEBUG] [net.minecraftforge.registries.ForgeRegistry/REGISTRIES]: Registry mineminenomi:abilities: Fixed mineminenomi:abilities id mismatch cartaddon:flame_on: 942 (init) -> 1146 (map).
[20Sep2026 21:12:31.782] [Render thread/DEBUG] [net.minecraftforge.registries.ForgeRegistry/REGISTRIES]: Registry mineminenomi:abilities: Fixed mineminenomi:abilities id mismatch cartaddon:flame_rush: 944 (init) -> 1148 (map).
[20Sep2026 21:12:31.782] [Render thread/DEBUG] [net.minecraftforge.registries.ForgeRegistry/REGISTRIES]: Registry mineminenomi:abilities: Fixed mineminenomi:abilities id mismatch cartaddon:flame_seal: 898 (init) -> 1102 (map).
[20Sep2026 21:12:31.782] [Render thread/DEBUG] [net.minecraftforge.registries.ForgeRegistry/REGISTRIES]: Registry mineminenomi:abilities: Fixed mineminenomi:abilities id mismatch cartaddon:flaming_slash: 946 (init) -> 1150 (map).
[20Sep2026 21:12:31.783] [Render thread/DEBUG] [net.minecraftforge.registries.ForgeRegistry/REGISTRIES]: Registry mineminenomi:abilities: Fixed mineminenomi:abilities id mismatch cartaddon:flaming_twister: 945 (init) -> 1149 (map).
[20Sep2026 21:12:31.783] [Render thread/DEBUG] [net.minecraftforge.registries.ForgeRegistry/REGISTRIES]: Registry mineminenomi:abilities: Fixed mineminenomi:abilities id mismatch cartaddon:fleet_admiral_passive_bonuses: 1182 (init) -> 1386 (map).
[20Sep2026 21:12:31.783] [Render thread/DEBUG] [net.minecraftforge.registries.ForgeRegistry/REGISTRIES]: Registry mineminenomi:abilities: Fixed mineminenomi:abilities id mismatch cartaddon:flying_kick: 990 (init) -> 1194 (map).
[20Sep2026 21:12:31.783] [Render thread/DEBUG] [net.minecraftforge.registries.ForgeRegistry/REGISTRIES]: Registry mineminenomi:abilities: Fixed mineminenomi:abilities id mismatch cartaddon:focus: 1189 (init) -> 1393 (map).
[20Sep2026 21:12:31.783] [Render thread/DEBUG] [net.minecraftforge.registries.ForgeRegistry/REGISTRIES]: Registry mineminenomi:abilities: Fixed mineminenomi:abilities id mismatch cartaddon:fox_assault: 730 (init) -> 931 (map).
[20Sep2026 21:12:31.783] [Render thread/DEBUG] [net.minecraftforge.registries.ForgeRegistry/REGISTRIES]: Registry mineminenomi:abilities: Fixed mineminenomi:abilities id mismatch cartaddon:foxfire_ball: 729 (init) -> 930 (map).
[20Sep2026 21:12:31.783] [Render thread/DEBUG] [net.minecraftforge.registries.ForgeRegistry/REGISTRIES]: Registry mineminenomi:abilities: Fixed mineminenomi:abilities id mismatch cartaddon:foxfire_explosion: 731 (init) -> 932 (map).
[20Sep2026 21:12:31.783] [Render thread/DEBUG] [net.minecraftforge.registries.ForgeRegistry/REGISTRIES]: Registry mineminenomi:abilities: Fixed mineminenomi:abilities id mismatch cartaddon:freezing_field: 631 (init) -> 832 (map).
[20Sep2026 21:12:31.783] [Render thread/DEBUG] [net.minecraftforge.registries.ForgeRegistry/REGISTRIES]: Registry mineminenomi:abilities: Fixed mineminenomi:abilities id mismatch cartaddon:fresh_fire: 1007 (init) -> 1211 (map).
[20Sep2026 21:12:31.783] [Render thread/DEBUG] [net.minecraftforge.registries.ForgeRegistry/REGISTRIES]: Registry mineminenomi:abilities: Fixed mineminenomi:abilities id mismatch cartaddon:frilled_tail_spin: 811 (init) -> 1012 (map).
[20Sep2026 21:12:31.783] [Render thread/DEBUG] [net.minecraftforge.registries.ForgeRegistry/REGISTRIES]: Registry mineminenomi:abilities: Fixed mineminenomi:abilities id mismatch cartaddon:futenraku: 1144 (init) -> 1348 (map).
[20Sep2026 21:12:31.783] [Render thread/DEBUG] [net.minecraftforge.registries.ForgeRegistry/REGISTRIES]: Registry mineminenomi:abilities: Fixed mineminenomi:abilities id mismatch cartaddon:fuwa: 839 (init) -> 1040 (map).
[20Sep2026 21:12:31.783] [Render thread/DEBUG] [net.minecraftforge.registries.ForgeRegistry/REGISTRIES]: Registry mineminenomi:abilities: Fixed mineminenomi:abilities id mismatch cartaddon:galaxy_impact: 1078 (init) -> 1282 (map).
[20Sep2026 21:12:31.783] [Render thread/DEBUG] [net.minecraftforge.registries.ForgeRegistry/REGISTRIES]: Registry mineminenomi:abilities: Fixed mineminenomi:abilities id mismatch cartaddon:gates_of_hell: 762 (init) -> 963 (map).
[20Sep2026 21:12:31.783] [Render thread/DEBUG] [net.minecraftforge.registries.ForgeRegistry/REGISTRIES]: Registry mineminenomi:abilities: Fixed mineminenomi:abilities id mismatch cartaddon:gatling_mochi: 653 (init) -> 854 (map).
[20Sep2026 21:12:31.783] [Render thread/DEBUG] [net.minecraftforge.registries.ForgeRegistry/REGISTRIES]: Registry mineminenomi:abilities: Fixed mineminenomi:abilities id mismatch cartaddon:gazami_dori: 1118 (init) -> 1322 (map).
[20Sep2026 21:12:31.783] [Render thread/DEBUG] [net.minecraftforge.registries.ForgeRegistry/REGISTRIES]: Registry mineminenomi:abilities: Fixed mineminenomi:abilities id mismatch cartaddon:gear_fourth: 1240 (init) -> 1444 (map).
[20Sep2026 21:12:31.783] [Render thread/DEBUG] [net.minecraftforge.registries.ForgeRegistry/REGISTRIES]: Registry mineminenomi:abilities: Fixed mineminenomi:abilities id mismatch cartaddon:gecko_moria_doppelman: 1226 (init) -> 1430 (map).
[20Sep2026 21:12:31.783] [Render thread/DEBUG] [net.minecraftforge.registries.ForgeRegistry/REGISTRIES]: Registry mineminenomi:abilities: Fixed mineminenomi:abilities id mismatch cartaddon:gecko_moria_kage_giri: 1230 (init) -> 1434 (map).
[20Sep2026 21:12:31.784] [Render thread/DEBUG] [net.minecraftforge.registries.ForgeRegistry/REGISTRIES]: Registry mineminenomi:abilities: Fixed mineminenomi:abilities id mismatch cartaddon:gecko_moria_kagemusha: 1231 (init) -> 1435 (map).
[20Sep2026 21:12:31.784] [Render thread/DEBUG] [net.minecraftforge.registries.ForgeRegistry/REGISTRIES]: Registry mineminenomi:abilities: Fixed mineminenomi:abilities id mismatch cartaddon:gecko_moria_nightmare_soldiers: 1227 (init) -> 1431 (map).
[20Sep2026 21:12:31.784] [Render thread/DEBUG] [net.minecraftforge.registries.ForgeRegistry/REGISTRIES]: Registry mineminenomi:abilities: Fixed mineminenomi:abilities id mismatch cartaddon:gecko_moria_tsuno_tokage: 1228 (init) -> 1432 (map).
[20Sep2026 21:12:31.784] [Render thread/DEBUG] [net.minecraftforge.registries.ForgeRegistry/REGISTRIES]: Registry mineminenomi:abilities: Fixed mineminenomi:abilities id mismatch cartaddon:general_franky: 1015 (init) -> 1219 (map).
[20Sep2026 21:12:31.784] [Render thread/DEBUG] [net.minecraftforge.registries.ForgeRegistry/REGISTRIES]: Registry mineminenomi:abilities: Fixed mineminenomi:abilities id mismatch cartaddon:genetic_awakening: 959 (init) -> 1163 (map).
[20Sep2026 21:12:31.784] [Render thread/DEBUG] [net.minecraftforge.registries.ForgeRegistry/REGISTRIES]: Registry mineminenomi:abilities: Fixed mineminenomi:abilities id mismatch cartaddon:genkotsu_meteor: 1072 (init) -> 1276 (map).
[20Sep2026 21:12:31.784] [Render thread/DEBUG] [net.minecraftforge.registries.ForgeRegistry/REGISTRIES]: Registry mineminenomi:abilities: Fixed mineminenomi:abilities id mismatch cartaddon:geppo: 1040 (init) -> 1244 (map).
[20Sep2026 21:12:31.784] [Render thread/DEBUG] [net.minecraftforge.registries.ForgeRegistry/REGISTRIES]: Registry mineminenomi:abilities: Fixed mineminenomi:abilities id mismatch cartaddon:gokuro: 684 (init) -> 885 (map).
[20Sep2026 21:12:31.784] [Render thread/DEBUG] [net.minecraftforge.registries.ForgeRegistry/REGISTRIES]: Registry mineminenomi:abilities: Fixed mineminenomi:abilities id mismatch cartaddon:golden_age: 581 (init) -> 782 (map).
[20Sep2026 21:12:31.784] [Render thread/DEBUG] [net.minecraftforge.registries.ForgeRegistry/REGISTRIES]: Registry mineminenomi:abilities: Fixed mineminenomi:abilities id mismatch cartaddon:golden_body: 582 (init) -> 783 (map).
[20Sep2026 21:12:31.784] [Render thread/DEBUG] [net.minecraftforge.registries.ForgeRegistry/REGISTRIES]: Registry mineminenomi:abilities: Fixed mineminenomi:abilities id mismatch cartaddon:golden_guard: 585 (init) -> 786 (map).
[20Sep2026 21:12:31.784] [Render thread/DEBUG] [net.minecraftforge.registries.ForgeRegistry/REGISTRIES]: Registry mineminenomi:abilities: Fixed mineminenomi:abilities id mismatch cartaddon:golden_tesoro: 583 (init) -> 784 (map).
[20Sep2026 21:12:31.784] [Render thread/DEBUG] [net.minecraftforge.registries.ForgeRegistry/REGISTRIES]: Registry mineminenomi:abilities: Fixed mineminenomi:abilities id mismatch cartaddon:golden_touch: 580 (init) -> 781 (map).
[20Sep2026 21:12:31.784] [Render thread/DEBUG] [net.minecraftforge.registries.ForgeRegistry/REGISTRIES]: Registry mineminenomi:abilities: Fixed mineminenomi:abilities id mismatch cartaddon:gon_bomba: 579 (init) -> 780 (map).
[20Sep2026 21:12:31.784] [Render thread/DEBUG] [net.minecraftforge.registries.ForgeRegistry/REGISTRIES]: Registry mineminenomi:abilities: Fixed mineminenomi:abilities id mismatch cartaddon:gon_fuoco_di_dio: 586 (init) -> 787 (map).
[20Sep2026 21:12:31.784] [Render thread/DEBUG] [net.minecraftforge.registries.ForgeRegistry/REGISTRIES]: Registry mineminenomi:abilities: Fixed mineminenomi:abilities id mismatch cartaddon:goru_goru_axe: 584 (init) -> 785 (map).
[20Sep2026 21:12:31.784] [Render thread/DEBUG] [net.minecraftforge.registries.ForgeRegistry/REGISTRIES]: Registry mineminenomi:abilities: Fixed mineminenomi:abilities id mismatch cartaddon:grapple: 994 (init) -> 1198 (map).
[20Sep2026 21:12:31.784] [Render thread/DEBUG] [net.minecraftforge.registries.ForgeRegistry/REGISTRIES]: Registry mineminenomi:abilities: Fixed mineminenomi:abilities id mismatch cartaddon:grow_up: 1160 (init) -> 1364 (map).
[20Sep2026 21:12:31.784] [Render thread/DEBUG] [net.minecraftforge.registries.ForgeRegistry/REGISTRIES]: Registry mineminenomi:abilities: Fixed mineminenomi:abilities id mismatch cartaddon:gun_bash: 1103 (init) -> 1307 (map).
[20Sep2026 21:12:31.784] [Render thread/DEBUG] [net.minecraftforge.registries.ForgeRegistry/REGISTRIES]: Registry mineminenomi:abilities: Fixed mineminenomi:abilities id mismatch cartaddon:guru_flight: 754 (init) -> 955 (map).
[20Sep2026 21:12:31.784] [Render thread/DEBUG] [net.minecraftforge.registries.ForgeRegistry/REGISTRIES]: Registry mineminenomi:abilities: Fixed mineminenomi:abilities id mismatch cartaddon:hades_cross: 763 (init) -> 964 (map).
[20Sep2026 21:12:31.784] [Render thread/DEBUG] [net.minecraftforge.registries.ForgeRegistry/REGISTRIES]: Registry mineminenomi:abilities: Fixed mineminenomi:abilities id mismatch cartaddon:hahaba: 1196 (init) -> 1400 (map).
[20Sep2026 21:12:31.784] [Render thread/DEBUG] [net.minecraftforge.registries.ForgeRegistry/REGISTRIES]: Registry mineminenomi:abilities: Fixed mineminenomi:abilities id mismatch cartaddon:hakai_ho: 1073 (init) -> 1277 (map).
[20Sep2026 21:12:31.784] [Render thread/DEBUG] [net.minecraftforge.registries.ForgeRegistry/REGISTRIES]: Registry mineminenomi:abilities: Fixed mineminenomi:abilities id mismatch cartaddon:hardened_guts: 956 (init) -> 1160 (map).
[20Sep2026 21:12:31.784] [Render thread/DEBUG] [net.minecraftforge.registries.ForgeRegistry/REGISTRIES]: Registry mineminenomi:abilities: Fixed mineminenomi:abilities id mismatch cartaddon:harmonic_dreams: 928 (init) -> 1132 (map).
[20Sep2026 21:12:31.784] [Render thread/DEBUG] [net.minecraftforge.registries.ForgeRegistry/REGISTRIES]: Registry mineminenomi:abilities: Fixed mineminenomi:abilities id mismatch cartaddon:harmony_meter: 934 (init) -> 1138 (map).
[20Sep2026 21:12:31.784] [Render thread/DEBUG] [net.minecraftforge.registries.ForgeRegistry/REGISTRIES]: Registry mineminenomi:abilities: Fixed mineminenomi:abilities id mismatch cartaddon:hasshoken_passive_bonuses: 1140 (init) -> 1344 (map).
[20Sep2026 21:12:31.784] [Render thread/DEBUG] [net.minecraftforge.registries.ForgeRegistry/REGISTRIES]: Registry mineminenomi:abilities: Fixed mineminenomi:abilities id mismatch cartaddon:haute_couture_patchwork: 823 (init) -> 1024 (map).
[20Sep2026 21:12:31.784] [Render thread/DEBUG] [net.minecraftforge.registries.ForgeRegistry/REGISTRIES]: Registry mineminenomi:abilities: Fixed mineminenomi:abilities id mismatch cartaddon:health_charm_passive: 1200 (init) -> 1404 (map).
[20Sep2026 21:12:31.784] [Render thread/DEBUG] [net.minecraftforge.registries.ForgeRegistry/REGISTRIES]: Registry mineminenomi:abilities: Fixed mineminenomi:abilities id mismatch cartaddon:heat_ball: 1162 (init) -> 1366 (map).
[20Sep2026 21:12:31.784] [Render thread/DEBUG] [net.minecraftforge.registries.ForgeRegistry/REGISTRIES]: Registry mineminenomi:abilities: Fixed mineminenomi:abilities id mismatch cartaddon:heavenly_bon_bon: 883 (init) -> 1084 (map).
[20Sep2026 21:12:31.784] [Render thread/DEBUG] [net.minecraftforge.registries.ForgeRegistry/REGISTRIES]: Registry mineminenomi:abilities: Fixed mineminenomi:abilities id mismatch cartaddon:heavenly_feuer: 880 (init) -> 1081 (map).
[20Sep2026 21:12:31.784] [Render thread/DEBUG] [net.minecraftforge.registries.ForgeRegistry/REGISTRIES]: Registry mineminenomi:abilities: Fixed mineminenomi:abilities id mismatch cartaddon:heavenly_fire_blitz: 876 (init) -> 1077 (map).
[20Sep2026 21:12:31.784] [Render thread/DEBUG] [net.minecraftforge.registries.ForgeRegistry/REGISTRIES]: Registry mineminenomi:abilities: Fixed mineminenomi:abilities id mismatch cartaddon:heavy_swing: 1171 (init) -> 1375 (map).
[20Sep2026 21:12:31.784] [Render thread/DEBUG] [net.minecraftforge.registries.ForgeRegistry/REGISTRIES]: Registry mineminenomi:abilities: Fixed mineminenomi:abilities id mismatch cartaddon:hebi_anaconda_heavy_point: 715 (init) -> 916 (map).
[20Sep2026 21:12:31.784] [Render thread/DEBUG] [net.minecraftforge.registries.ForgeRegistry/REGISTRIES]: Registry mineminenomi:abilities: Fixed mineminenomi:abilities id mismatch cartaddon:hebi_anaconda_immunities: 720 (init) -> 921 (map).
[20Sep2026 21:12:31.784] [Render thread/DEBUG] [net.minecraftforge.registries.ForgeRegistry/REGISTRIES]: Registry mineminenomi:abilities: Fixed mineminenomi:abilities id mismatch cartaddon:hebi_anaconda_slither_point: 714 (init) -> 915 (map).
[20Sep2026 21:12:31.784] [Render thread/DEBUG] [net.minecraftforge.registries.ForgeRegistry/REGISTRIES]: Registry mineminenomi:abilities: Fixed mineminenomi:abilities id mismatch cartaddon:hebi_king_cobra_heavy_point: 708 (init) -> 909 (map).
[20Sep2026 21:12:31.784] [Render thread/DEBUG] [net.minecraftforge.registries.ForgeRegistry/REGISTRIES]: Registry mineminenomi:abilities: Fixed mineminenomi:abilities id mismatch cartaddon:hebi_king_cobra_immunities: 713 (init) -> 914 (map).
[20Sep2026 21:12:31.784] [Render thread/DEBUG] [net.minecraftforge.registries.ForgeRegistry/REGISTRIES]: Registry mineminenomi:abilities: Fixed mineminenomi:abilities id mismatch cartaddon:hebi_king_cobra_slither_point: 707 (init) -> 908 (map).
[20Sep2026 21:12:31.784] [Render thread/DEBUG] [net.minecraftforge.registries.ForgeRegistry/REGISTRIES]: Registry mineminenomi:abilities: Fixed mineminenomi:abilities id mismatch cartaddon:hebi_suramu_anaconda: 718 (init) -> 919 (map).
[20Sep2026 21:12:31.784] [Render thread/DEBUG] [net.minecraftforge.registries.ForgeRegistry/REGISTRIES]: Registry mineminenomi:abilities: Fixed mineminenomi:abilities id mismatch cartaddon:hebi_suramu_cobra: 711 (init) -> 912 (map).
[20Sep2026 21:12:31.784] [Render thread/DEBUG] [net.minecraftforge.registries.ForgeRegistry/REGISTRIES]: Registry mineminenomi:abilities: Fixed mineminenomi:abilities id mismatch cartaddon:hebi_sutikku_anaconda: 719 (init) -> 920 (map).
[20Sep2026 21:12:31.784] [Render thread/DEBUG] [net.minecraftforge.registries.ForgeRegistry/REGISTRIES]: Registry mineminenomi:abilities: Fixed mineminenomi:abilities id mismatch cartaddon:hebi_sutikku_cobra: 712 (init) -> 913 (map).
[20Sep2026 21:12:31.784] [Render thread/DEBUG] [net.minecraftforge.registries.ForgeRegistry/REGISTRIES]: Registry mineminenomi:abilities: Fixed mineminenomi:abilities id mismatch cartaddon:hebigami_tsuki_salamander: 709 (init) -> 910 (map).
[20Sep2026 21:12:31.784] [Render thread/DEBUG] [net.minecraftforge.registries.ForgeRegistry/REGISTRIES]: Registry mineminenomi:abilities: Fixed mineminenomi:abilities id mismatch cartaddon:hebigami_tsuki_yamato_no_orochi: 716 (init) -> 917 (map).
[20Sep2026 21:12:31.784] [Render thread/DEBUG] [net.minecraftforge.registries.ForgeRegistry/REGISTRIES]: Registry mineminenomi:abilities: Fixed mineminenomi:abilities id mismatch cartaddon:heliceratops: 700 (init) -> 901 (map).
[20Sep2026 21:12:31.784] [Render thread/DEBUG] [net.minecraftforge.registries.ForgeRegistry/REGISTRIES]: Registry mineminenomi:abilities: Fixed mineminenomi:abilities id mismatch cartaddon:helicopter_frills: 701 (init) -> 902 (map).
[20Sep2026 21:12:31.784] [Render thread/DEBUG] [net.minecraftforge.registries.ForgeRegistry/REGISTRIES]: Registry mineminenomi:abilities: Fixed mineminenomi:abilities id mismatch cartaddon:hell_hath_no_fury: 761 (init) -> 962 (map).
[20Sep2026 21:12:31.785] [Render thread/DEBUG] [net.minecraftforge.registries.ForgeRegistry/REGISTRIES]: Registry mineminenomi:abilities: Fixed mineminenomi:abilities id mismatch cartaddon:hell_head_motor: 764 (init) -> 965 (map).
[20Sep2026 21:12:31.785] [Render thread/DEBUG] [net.minecraftforge.registries.ForgeRegistry/REGISTRIES]: Registry mineminenomi:abilities: Fixed mineminenomi:abilities id mismatch cartaddon:hi_no_kagutsuchi_no_eisu: 1157 (init) -> 1361 (map).
[20Sep2026 21:12:31.785] [Render thread/DEBUG] [net.minecraftforge.registries.ForgeRegistry/REGISTRIES]: Registry mineminenomi:abilities: Fixed mineminenomi:abilities id mismatch cartaddon:hi_no_tori_boshi: 1104 (init) -> 1308 (map).
[20Sep2026 21:12:31.785] [Render thread/DEBUG] [net.minecraftforge.registries.ForgeRegistry/REGISTRIES]: Registry mineminenomi:abilities: Fixed mineminenomi:abilities id mismatch cartaddon:hierro_lagrima_mekujira: 815 (init) -> 1016 (map).
[20Sep2026 21:12:31.785] [Render thread/DEBUG] [net.minecraftforge.registries.ForgeRegistry/REGISTRIES]: Registry mineminenomi:abilities: Fixed mineminenomi:abilities id mismatch cartaddon:high_altitude_acclimatization: 996 (init) -> 1200 (map).
[20Sep2026 21:12:31.785] [Render thread/DEBUG] [net.minecraftforge.registries.ForgeRegistry/REGISTRIES]: Registry mineminenomi:abilities: Fixed mineminenomi:abilities id mismatch cartaddon:high_horse_power: 735 (init) -> 936 (map).
[20Sep2026 21:12:31.785] [Render thread/DEBUG] [net.minecraftforge.registries.ForgeRegistry/REGISTRIES]: Registry mineminenomi:abilities: Fixed mineminenomi:abilities id mismatch cartaddon:hijonna_kukuu: 686 (init) -> 887 (map).
[20Sep2026 21:12:31.785] [Render thread/DEBUG] [net.minecraftforge.registries.ForgeRegistry/REGISTRIES]: Registry mineminenomi:abilities: Fixed mineminenomi:abilities id mismatch cartaddon:himorogiri: 633 (init) -> 834 (map).
[20Sep2026 21:12:31.785] [Render thread/DEBUG] [net.minecraftforge.registries.ForgeRegistry/REGISTRIES]: Registry mineminenomi:abilities: Fixed mineminenomi:abilities id mismatch cartaddon:hiryu_kaen: 1085 (init) -> 1289 (map).
[20Sep2026 21:12:31.785] [Render thread/DEBUG] [net.minecraftforge.registries.ForgeRegistry/REGISTRIES]: Registry mineminenomi:abilities: Fixed mineminenomi:abilities id mismatch cartaddon:hissatsu: 1109 (init) -> 1313 (map).
[20Sep2026 21:12:31.785] [Render thread/DEBUG] [net.minecraftforge.registries.ForgeRegistry/REGISTRIES]: Registry mineminenomi:abilities: Fixed mineminenomi:abilities id mismatch cartaddon:hollow_requital: 1166 (init) -> 1370 (map).
[20Sep2026 21:12:31.785] [Render thread/DEBUG] [net.minecraftforge.registries.ForgeRegistry/REGISTRIES]: Registry mineminenomi:abilities: Fixed mineminenomi:abilities id mismatch cartaddon:hook_grab: 1199 (init) -> 1403 (map).
[20Sep2026 21:12:31.785] [Render thread/DEBUG] [net.minecraftforge.registries.ForgeRegistry/REGISTRIES]: Registry mineminenomi:abilities: Fixed mineminenomi:abilities id mismatch cartaddon:horn_flip: 819 (init) -> 1020 (map).
[20Sep2026 21:12:31.785] [Render thread/DEBUG] [net.minecraftforge.registries.ForgeRegistry/REGISTRIES]: Registry mineminenomi:abilities: Fixed mineminenomi:abilities id mismatch cartaddon:horse_shoe_buck: 736 (init) -> 937 (map).
[20Sep2026 21:12:31.785] [Render thread/DEBUG] [net.minecraftforge.registries.ForgeRegistry/REGISTRIES]: Registry mineminenomi:abilities: Fixed mineminenomi:abilities id mismatch cartaddon:hover_boots: 961 (init) -> 1165 (map).
[20Sep2026 21:12:31.785] [Render thread/DEBUG] [net.minecraftforge.registries.ForgeRegistry/REGISTRIES]: Registry mineminenomi:abilities: Fixed mineminenomi:abilities id mismatch cartaddon:hyakuhachi_pound_ho: 1119 (init) -> 1323 (map).
[20Sep2026 21:12:31.785] [Render thread/DEBUG] [net.minecraftforge.registries.ForgeRegistry/REGISTRIES]: Registry mineminenomi:abilities: Fixed mineminenomi:abilities id mismatch cartaddon:ice_skating: 636 (init) -> 837 (map).
[20Sep2026 21:12:31.785] [Render thread/DEBUG] [net.minecraftforge.registries.ForgeRegistry/REGISTRIES]: Registry mineminenomi:abilities: Fixed mineminenomi:abilities id mismatch cartaddon:icicle_barrage: 632 (init) -> 833 (map).
[20Sep2026 21:12:31.785] [Render thread/DEBUG] [net.minecraftforge.registries.ForgeRegistry/REGISTRIES]: Registry mineminenomi:abilities: Fixed mineminenomi:abilities id mismatch cartaddon:ikidomaria: 796 (init) -> 997 (map).
[20Sep2026 21:12:31.785] [Render thread/DEBUG] [net.minecraftforge.registries.ForgeRegistry/REGISTRIES]: Registry mineminenomi:abilities: Fixed mineminenomi:abilities id mismatch cartaddon:ikoku: 1198 (init) -> 1402 (map).
[20Sep2026 21:12:31.785] [Render thread/DEBUG] [net.minecraftforge.registries.ForgeRegistry/REGISTRIES]: Registry mineminenomi:abilities: Fixed mineminenomi:abilities id mismatch cartaddon:impact_buck: 740 (init) -> 941 (map).
[20Sep2026 21:12:31.785] [Render thread/DEBUG] [net.minecraftforge.registries.ForgeRegistry/REGISTRIES]: Registry mineminenomi:abilities: Fixed mineminenomi:abilities id mismatch cartaddon:impact_stomping: 741 (init) -> 942 (map).
[20Sep2026 21:12:31.785] [Render thread/DEBUG] [net.minecraftforge.registries.ForgeRegistry/REGISTRIES]: Registry mineminenomi:abilities: Fixed mineminenomi:abilities id mismatch cartaddon:imperial_flame_ring_commandment: 850 (init) -> 1051 (map).
[20Sep2026 21:12:31.785] [Render thread/DEBUG] [net.minecraftforge.registries.ForgeRegistry/REGISTRIES]: Registry mineminenomi:abilities: Fixed mineminenomi:abilities id mismatch cartaddon:imperial_flames: 852 (init) -> 1053 (map).
[20Sep2026 21:12:31.785] [Render thread/DEBUG] [net.minecraftforge.registries.ForgeRegistry/REGISTRIES]: Registry mineminenomi:abilities: Fixed mineminenomi:abilities id mismatch cartaddon:imperial_flaming_serpent: 849 (init) -> 1050 (map).
[20Sep2026 21:12:31.785] [Render thread/DEBUG] [net.minecraftforge.registries.ForgeRegistry/REGISTRIES]: Registry mineminenomi:abilities: Fixed mineminenomi:abilities id mismatch cartaddon:imperial_venom_serpent: 848 (init) -> 1049 (map).
[20Sep2026 21:12:31.785] [Render thread/DEBUG] [net.minecraftforge.registries.ForgeRegistry/REGISTRIES]: Registry mineminenomi:abilities: Fixed mineminenomi:abilities id mismatch cartaddon:improved_belly_flop: 1086 (init) -> 1290 (map).
[20Sep2026 21:12:31.785] [Render thread/DEBUG] [net.minecraftforge.registries.ForgeRegistry/REGISTRIES]: Registry mineminenomi:abilities: Fixed mineminenomi:abilities id mismatch cartaddon:indra: 881 (init) -> 1082 (map).
[20Sep2026 21:12:31.786] [Render thread/DEBUG] [net.minecraftforge.registries.ForgeRegistry/REGISTRIES]: Registry mineminenomi:abilities: Fixed mineminenomi:abilities id mismatch cartaddon:intense_black_blade_counter_strike: 1210 (init) -> 1414 (map).
[20Sep2026 21:12:31.786] [Render thread/DEBUG] [net.minecraftforge.registries.ForgeRegistry/REGISTRIES]: Registry mineminenomi:abilities: Fixed mineminenomi:abilities id mismatch cartaddon:intense_black_blade_fallen: 1211 (init) -> 1415 (map).
[20Sep2026 21:12:31.786] [Render thread/DEBUG] [net.minecraftforge.registries.ForgeRegistry/REGISTRIES]: Registry mineminenomi:abilities: Fixed mineminenomi:abilities id mismatch cartaddon:intense_black_blade_first_day: 1209 (init) -> 1413 (map).
[20Sep2026 21:12:31.786] [Render thread/DEBUG] [net.minecraftforge.registries.ForgeRegistry/REGISTRIES]: Registry mineminenomi:abilities: Fixed mineminenomi:abilities id mismatch cartaddon:intense_black_blade_wild_slash: 1208 (init) -> 1412 (map).
[20Sep2026 21:12:31.786] [Render thread/DEBUG] [net.minecraftforge.registries.ForgeRegistry/REGISTRIES]: Registry mineminenomi:abilities: Fixed mineminenomi:abilities id mismatch cartaddon:inu_cerberus_passive: 765 (init) -> 966 (map).
[20Sep2026 21:12:31.786] [Render thread/DEBUG] [net.minecraftforge.registries.ForgeRegistry/REGISTRIES]: Registry mineminenomi:abilities: Fixed mineminenomi:abilities id mismatch cartaddon:inu_jackal_passive: 940 (init) -> 1144 (map).
[20Sep2026 21:12:31.786] [Render thread/DEBUG] [net.minecraftforge.registries.ForgeRegistry/REGISTRIES]: Registry mineminenomi:abilities: Fixed mineminenomi:abilities id mismatch cartaddon:inu_wolf_passive: 662 (init) -> 863 (map).
[20Sep2026 21:12:31.786] [Render thread/DEBUG] [net.minecraftforge.registries.ForgeRegistry/REGISTRIES]: Registry mineminenomi:abilities: Fixed mineminenomi:abilities id mismatch cartaddon:invisible_menace: 980 (init) -> 1184 (map).
[20Sep2026 21:12:31.786] [Render thread/DEBUG] [net.minecraftforge.registries.ForgeRegistry/REGISTRIES]: Registry mineminenomi:abilities: Fixed mineminenomi:abilities id mismatch cartaddon:iron_boxing: 1013 (init) -> 1217 (map).
[20Sep2026 21:12:31.786] [Render thread/DEBUG] [net.minecraftforge.registries.ForgeRegistry/REGISTRIES]: Registry mineminenomi:abilities: Fixed mineminenomi:abilities id mismatch cartaddon:ishi_katachi: 829 (init) -> 1030 (map).
[20Sep2026 21:12:31.786] [Render thread/DEBUG] [net.minecraftforge.registries.ForgeRegistry/REGISTRIES]: Registry mineminenomi:abilities: Fixed mineminenomi:abilities id mismatch cartaddon:item_kaiten: 840 (init) -> 1041 (map).
[20Sep2026 21:12:31.786] [Render thread/DEBUG] [net.minecraftforge.registries.ForgeRegistry/REGISTRIES]: Registry mineminenomi:abilities: Fixed mineminenomi:abilities id mismatch cartaddon:jab_rush: 1203 (init) -> 1407 (map).
[20Sep2026 21:12:31.786] [Render thread/DEBUG] [net.minecraftforge.registries.ForgeRegistry/REGISTRIES]: Registry mineminenomi:abilities: Fixed mineminenomi:abilities id mismatch cartaddon:jackal_heavy_point: 936 (init) -> 1140 (map).
[20Sep2026 21:12:31.786] [Render thread/DEBUG] [net.minecraftforge.registries.ForgeRegistry/REGISTRIES]: Registry mineminenomi:abilities: Fixed mineminenomi:abilities id mismatch cartaddon:jackal_passive_bonuses: 941 (init) -> 1145 (map).
[20Sep2026 21:12:31.786] [Render thread/DEBUG] [net.minecraftforge.registries.ForgeRegistry/REGISTRIES]: Registry mineminenomi:abilities: Fixed mineminenomi:abilities id mismatch cartaddon:jackal_walk_point: 937 (init) -> 1141 (map).
[20Sep2026 21:12:31.786] [Render thread/DEBUG] [net.minecraftforge.registries.ForgeRegistry/REGISTRIES]: Registry mineminenomi:abilities: Fixed mineminenomi:abilities id mismatch cartaddon:jirai_punc: 918 (init) -> 1122 (map).
[20Sep2026 21:12:31.786] [Render thread/DEBUG] [net.minecraftforge.registries.ForgeRegistry/REGISTRIES]: Registry mineminenomi:abilities: Fixed mineminenomi:abilities id mismatch cartaddon:jishin_ho: 1074 (init) -> 1278 (map).
[20Sep2026 21:12:31.786] [Render thread/DEBUG] [net.minecraftforge.registries.ForgeRegistry/REGISTRIES]: Registry mineminenomi:abilities: Fixed mineminenomi:abilities id mismatch cartaddon:jitte_jab: 1194 (init) -> 1398 (map).
[20Sep2026 21:12:31.786] [Render thread/DEBUG] [net.minecraftforge.registries.ForgeRegistry/REGISTRIES]: Registry mineminenomi:abilities: Fixed mineminenomi:abilities id mismatch cartaddon:juicy_giant: 873 (init) -> 1074 (map).
[20Sep2026 21:12:31.786] [Render thread/DEBUG] [net.minecraftforge.registries.ForgeRegistry/REGISTRIES]: Registry mineminenomi:abilities: Fixed mineminenomi:abilities id mismatch cartaddon:juicy_slash: 872 (init) -> 1073 (map).
[20Sep2026 21:12:31.786] [Render thread/DEBUG] [net.minecraftforge.registries.ForgeRegistry/REGISTRIES]: Registry mineminenomi:abilities: Fixed mineminenomi:abilities id mismatch cartaddon:jump_shots: 1099 (init) -> 1303 (map).
[20Sep2026 21:12:31.786] [Render thread/DEBUG] [net.minecraftforge.registries.ForgeRegistry/REGISTRIES]: Registry mineminenomi:abilities: Fixed mineminenomi:abilities id mismatch cartaddon:kabutomushi_flight: 816 (init) -> 1017 (map).
[20Sep2026 21:12:31.786] [Render thread/DEBUG] [net.minecraftforge.registries.ForgeRegistry/REGISTRIES]: Registry mineminenomi:abilities: Fixed mineminenomi:abilities id mismatch cartaddon:kabutomushi_fly_point: 817 (init) -> 1018 (map).
[20Sep2026 21:12:31.786] [Render thread/DEBUG] [net.minecraftforge.registries.ForgeRegistry/REGISTRIES]: Registry mineminenomi:abilities: Fixed mineminenomi:abilities id mismatch cartaddon:kabutomushi_horn_point: 818 (init) -> 1019 (map).
[20Sep2026 21:12:31.786] [Render thread/DEBUG] [net.minecraftforge.registries.ForgeRegistry/REGISTRIES]: Registry mineminenomi:abilities: Fixed mineminenomi:abilities id mismatch cartaddon:kachiage_haisoku: 1017 (init) -> 1221 (map).
[20Sep2026 21:12:31.786] [Render thread/DEBUG] [net.minecraftforge.registries.ForgeRegistry/REGISTRIES]: Registry mineminenomi:abilities: Fixed mineminenomi:abilities id mismatch cartaddon:kaen_daiko: 673 (init) -> 874 (map).
[20Sep2026 21:12:31.787] [Render thread/DEBUG] [net.minecraftforge.registries.ForgeRegistry/REGISTRIES]: Registry mineminenomi:abilities: Fixed mineminenomi:abilities id mismatch cartaddon:kagamiyama: 628 (init) -> 829 (map).
[20Sep2026 21:12:31.787] [Render thread/DEBUG] [net.minecraftforge.registries.ForgeRegistry/REGISTRIES]: Registry mineminenomi:abilities: Fixed mineminenomi:abilities id mismatch cartaddon:kaifu: 669 (init) -> 870 (map).
[20Sep2026 21:12:31.787] [Render thread/DEBUG] [net.minecraftforge.registries.ForgeRegistry/REGISTRIES]: Registry mineminenomi:abilities: Fixed mineminenomi:abilities id mismatch cartaddon:kaku_mochi: 655 (init) -> 856 (map).
[20Sep2026 21:12:31.787] [Render thread/DEBUG] [net.minecraftforge.registries.ForgeRegistry/REGISTRIES]: Registry mineminenomi:abilities: Fixed mineminenomi:abilities id mismatch cartaddon:kama_kama_cross_slash: 785 (init) -> 986 (map).
[20Sep2026 21:12:31.787] [Render thread/DEBUG] [net.minecraftforge.registries.ForgeRegistry/REGISTRIES]: Registry mineminenomi:abilities: Fixed mineminenomi:abilities id mismatch cartaddon:kama_kama_razor: 782 (init) -> 983 (map).
[20Sep2026 21:12:31.787] [Render thread/DEBUG] [net.minecraftforge.registries.ForgeRegistry/REGISTRIES]: Registry mineminenomi:abilities: Fixed mineminenomi:abilities id mismatch cartaddon:kama_kama_slice: 784 (init) -> 985 (map).
[20Sep2026 21:12:31.787] [Render thread/DEBUG] [net.minecraftforge.registries.ForgeRegistry/REGISTRIES]: Registry mineminenomi:abilities: Fixed mineminenomi:abilities id mismatch cartaddon:kama_kama_whirlwind: 783 (init) -> 984 (map).
[20Sep2026 21:12:31.787] [Render thread/DEBUG] [net.minecraftforge.registries.ForgeRegistry/REGISTRIES]: Registry mineminenomi:abilities: Fixed mineminenomi:abilities id mismatch cartaddon:kamie: 1042 (init) -> 1246 (map).
[20Sep2026 21:12:31.787] [Render thread/DEBUG] [net.minecraftforge.registries.ForgeRegistry/REGISTRIES]: Registry mineminenomi:abilities: Fixed mineminenomi:abilities id mismatch cartaddon:karakusagawara_seiken: 1018 (init) -> 1222 (map).
[20Sep2026 21:12:31.787] [Render thread/DEBUG] [net.minecraftforge.registries.ForgeRegistry/REGISTRIES]: Registry mineminenomi:abilities: Fixed mineminenomi:abilities id mismatch cartaddon:karasuma_gari: 1117 (init) -> 1321 (map).
[20Sep2026 21:12:31.787] [Render thread/DEBUG] [net.minecraftforge.registries.ForgeRegistry/REGISTRIES]: Registry mineminenomi:abilities: Fixed mineminenomi:abilities id mismatch cartaddon:karasusu: 683 (init) -> 884 (map).
[20Sep2026 21:12:31.787] [Render thread/DEBUG] [net.minecraftforge.registries.ForgeRegistry/REGISTRIES]: Registry mineminenomi:abilities: Fixed mineminenomi:abilities id mismatch cartaddon:karyudon: 943 (init) -> 1147 (map).
[20Sep2026 21:12:31.787] [Render thread/DEBUG] [net.minecraftforge.registries.ForgeRegistry/REGISTRIES]: Registry mineminenomi:abilities: Fixed mineminenomi:abilities id mismatch cartaddon:kazekiri: 757 (init) -> 958 (map).
[20Sep2026 21:12:31.787] [Render thread/DEBUG] [net.minecraftforge.registries.ForgeRegistry/REGISTRIES]: Registry mineminenomi:abilities: Fixed mineminenomi:abilities id mismatch cartaddon:kemuri_boshi: 1105 (init) -> 1309 (map).
[20Sep2026 21:12:31.787] [Render thread/DEBUG] [net.minecraftforge.registries.ForgeRegistry/REGISTRIES]: Registry mineminenomi:abilities: Fixed mineminenomi:abilities id mismatch cartaddon:kibasen: 790 (init) -> 991 (map).
[20Sep2026 21:12:31.787] [Render thread/DEBUG] [net.minecraftforge.registries.ForgeRegistry/REGISTRIES]: Registry mineminenomi:abilities: Fixed mineminenomi:abilities id mismatch cartaddon:king_of_hell: 1122 (init) -> 1326 (map).
[20Sep2026 21:12:31.787] [Render thread/DEBUG] [net.minecraftforge.registries.ForgeRegistry/REGISTRIES]: Registry mineminenomi:abilities: Fixed mineminenomi:abilities id mismatch cartaddon:king_punch: 1141 (init) -> 1345 (map).
[20Sep2026 21:12:31.787] [Render thread/DEBUG] [net.minecraftforge.registries.ForgeRegistry/REGISTRIES]: Registry mineminenomi:abilities: Fixed mineminenomi:abilities id mismatch cartaddon:kinniku_mori_mori: 587 (init) -> 788 (map).
[20Sep2026 21:12:31.787] [Render thread/DEBUG] [net.minecraftforge.registries.ForgeRegistry/REGISTRIES]: Registry mineminenomi:abilities: Fixed mineminenomi:abilities id mismatch cartaddon:kiribachi_cleave: 1192 (init) -> 1396 (map).
[20Sep2026 21:12:31.787] [Render thread/DEBUG] [net.minecraftforge.registries.ForgeRegistry/REGISTRIES]: Registry mineminenomi:abilities: Fixed mineminenomi:abilities id mismatch cartaddon:kiribachi_frenzy: 1191 (init) -> 1395 (map).
[20Sep2026 21:12:31.787] [Render thread/DEBUG] [net.minecraftforge.registries.ForgeRegistry/REGISTRIES]: Registry mineminenomi:abilities: Fixed mineminenomi:abilities id mismatch cartaddon:kirin_flight: 868 (init) -> 1069 (map).
[20Sep2026 21:12:31.787] [Render thread/DEBUG] [net.minecraftforge.registries.ForgeRegistry/REGISTRIES]: Registry mineminenomi:abilities: Fixed mineminenomi:abilities id mismatch cartaddon:kirin_fly_point: 864 (init) -> 1065 (map).
[20Sep2026 21:12:31.787] [Render thread/DEBUG] [net.minecraftforge.registries.ForgeRegistry/REGISTRIES]: Registry mineminenomi:abilities: Fixed mineminenomi:abilities id mismatch cartaddon:kirin_heavy_point: 863 (init) -> 1064 (map).
[20Sep2026 21:12:31.787] [Render thread/DEBUG] [net.minecraftforge.registries.ForgeRegistry/REGISTRIES]: Registry mineminenomi:abilities: Fixed mineminenomi:abilities id mismatch cartaddon:kirin_rideable: 869 (init) -> 1070 (map).
[20Sep2026 21:12:31.787] [Render thread/DEBUG] [net.minecraftforge.registries.ForgeRegistry/REGISTRIES]: Registry mineminenomi:abilities: Fixed mineminenomi:abilities id mismatch cartaddon:kiryu_kirikugi: 1138 (init) -> 1342 (map).
[20Sep2026 21:12:31.788] [Render thread/DEBUG] [net.minecraftforge.registries.ForgeRegistry/REGISTRIES]: Registry mineminenomi:abilities: Fixed mineminenomi:abilities id mismatch cartaddon:kitsune_hybrid_point: 728 (init) -> 929 (map).
[20Sep2026 21:12:31.788] [Render thread/DEBUG] [net.minecraftforge.registries.ForgeRegistry/REGISTRIES]: Registry mineminenomi:abilities: Fixed mineminenomi:abilities id mismatch cartaddon:kitsune_walk_point: 727 (init) -> 928 (map).
[20Sep2026 21:12:31.788] [Render thread/DEBUG] [net.minecraftforge.registries.ForgeRegistry/REGISTRIES]: Registry mineminenomi:abilities: Fixed mineminenomi:abilities id mismatch cartaddon:knockout_beam: 865 (init) -> 1066 (map).
[20Sep2026 21:12:31.788] [Render thread/DEBUG] [net.minecraftforge.registries.ForgeRegistry/REGISTRIES]: Registry mineminenomi:abilities: Fixed mineminenomi:abilities id mismatch cartaddon:kokujo_o_tatsumaki: 1121 (init) -> 1325 (map).
[20Sep2026 21:12:31.788] [Render thread/DEBUG] [net.minecraftforge.registries.ForgeRegistry/REGISTRIES]: Registry mineminenomi:abilities: Fixed mineminenomi:abilities id mismatch cartaddon:kundali_dragon_swarm: 1050 (init) -> 1254 (map).
[20Sep2026 21:12:31.788] [Render thread/DEBUG] [net.minecraftforge.registries.ForgeRegistry/REGISTRIES]: Registry mineminenomi:abilities: Fixed mineminenomi:abilities id mismatch cartaddon:kuri_mochi: 648 (init) -> 849 (map).
[20Sep2026 21:12:31.788] [Render thread/DEBUG] [net.minecraftforge.registries.ForgeRegistry/REGISTRIES]: Registry mineminenomi:abilities: Fixed mineminenomi:abilities id mismatch cartaddon:kuri_mochi_entity: 647 (init) -> 848 (map).
[20Sep2026 21:12:31.788] [Render thread/DEBUG] [net.minecraftforge.registries.ForgeRegistry/REGISTRIES]: Registry mineminenomi:abilities: Fixed mineminenomi:abilities id mismatch cartaddon:kyassuru_tanku: 602 (init) -> 803 (map).
[20Sep2026 21:12:31.788] [Render thread/DEBUG] [net.minecraftforge.registries.ForgeRegistry/REGISTRIES]: Registry mineminenomi:abilities: Fixed mineminenomi:abilities id mismatch cartaddon:lariat_dash: 610 (init) -> 811 (map).
[20Sep2026 21:12:31.788] [Render thread/DEBUG] [net.minecraftforge.registries.ForgeRegistry/REGISTRIES]: Registry mineminenomi:abilities: Fixed mineminenomi:abilities id mismatch cartaddon:lash_out: 860 (init) -> 1061 (map).
[20Sep2026 21:12:31.788] [Render thread/DEBUG] [net.minecraftforge.registries.ForgeRegistry/REGISTRIES]: Registry mineminenomi:abilities: Fixed mineminenomi:abilities id mismatch cartaddon:leaf_of_many_forms: 726 (init) -> 927 (map).
[20Sep2026 21:12:31.788] [Render thread/DEBUG] [net.minecraftforge.registries.ForgeRegistry/REGISTRIES]: Registry mineminenomi:abilities: Fixed mineminenomi:abilities id mismatch cartaddon:life_steal_bite: 772 (init) -> 973 (map).
[20Sep2026 21:12:31.788] [Render thread/DEBUG] [net.minecraftforge.registries.ForgeRegistry/REGISTRIES]: Registry mineminenomi:abilities: Fixed mineminenomi:abilities id mismatch cartaddon:lightning_blast: 1158 (init) -> 1362 (map).
[20Sep2026 21:12:31.788] [Render thread/DEBUG] [net.minecraftforge.registries.ForgeRegistry/REGISTRIES]: Registry mineminenomi:abilities: Fixed mineminenomi:abilities id mismatch cartaddon:logia_invulnerability_mori: 598 (init) -> 799 (map).
[20Sep2026 21:12:31.788] [Render thread/DEBUG] [net.minecraftforge.registries.ForgeRegistry/REGISTRIES]: Registry mineminenomi:abilities: Fixed mineminenomi:abilities id mismatch cartaddon:logia_invulnerability_numa: 752 (init) -> 953 (map).
[20Sep2026 21:12:31.788] [Render thread/DEBUG] [net.minecraftforge.registries.ForgeRegistry/REGISTRIES]: Registry mineminenomi:abilities: Fixed mineminenomi:abilities id mismatch cartaddon:logia_invulnerability_pasa: 897 (init) -> 1101 (map).
[20Sep2026 21:12:31.788] [Render thread/DEBUG] [net.minecraftforge.registries.ForgeRegistry/REGISTRIES]: Registry mineminenomi:abilities: Fixed mineminenomi:abilities id mismatch cartaddon:logia_invulnerability_susu: 688 (init) -> 889 (map).
[20Sep2026 21:12:31.788] [Render thread/DEBUG] [net.minecraftforge.registries.ForgeRegistry/REGISTRIES]: Registry mineminenomi:abilities: Fixed mineminenomi:abilities id mismatch cartaddon:lot_stiffen: 904 (init) -> 1108 (map).
[20Sep2026 21:12:31.788] [Render thread/DEBUG] [net.minecraftforge.registries.ForgeRegistry/REGISTRIES]: Registry mineminenomi:abilities: Fixed mineminenomi:abilities id mismatch cartaddon:lunarian_passive_bonuses: 949 (init) -> 1153 (map).
[20Sep2026 21:12:31.788] [Render thread/DEBUG] [net.minecraftforge.registries.ForgeRegistry/REGISTRIES]: Registry mineminenomi:abilities: Fixed mineminenomi:abilities id mismatch cartaddon:maelstrom_sonata: 932 (init) -> 1136 (map).
[20Sep2026 21:12:31.788] [Render thread/DEBUG] [net.minecraftforge.registries.ForgeRegistry/REGISTRIES]: Registry mineminenomi:abilities: Fixed mineminenomi:abilities id mismatch cartaddon:magnumceratops: 704 (init) -> 905 (map).
[20Sep2026 21:12:31.788] [Render thread/DEBUG] [net.minecraftforge.registries.ForgeRegistry/REGISTRIES]: Registry mineminenomi:abilities: Fixed mineminenomi:abilities id mismatch cartaddon:maguma: 1055 (init) -> 1259 (map).
[20Sep2026 21:12:31.788] [Render thread/DEBUG] [net.minecraftforge.registries.ForgeRegistry/REGISTRIES]: Registry mineminenomi:abilities: Fixed mineminenomi:abilities id mismatch cartaddon:mahoroba: 634 (init) -> 835 (map).
[20Sep2026 21:12:31.788] [Render thread/DEBUG] [net.minecraftforge.registries.ForgeRegistry/REGISTRIES]: Registry mineminenomi:abilities: Fixed mineminenomi:abilities id mismatch cartaddon:majin: 620 (init) -> 821 (map).
[20Sep2026 21:12:31.788] [Render thread/DEBUG] [net.minecraftforge.registries.ForgeRegistry/REGISTRIES]: Registry mineminenomi:abilities: Fixed mineminenomi:abilities id mismatch cartaddon:majin_cheappo: 625 (init) -> 826 (map).
[20Sep2026 21:12:31.788] [Render thread/DEBUG] [net.minecraftforge.registries.ForgeRegistry/REGISTRIES]: Registry mineminenomi:abilities: Fixed mineminenomi:abilities id mismatch cartaddon:majin_control: 621 (init) -> 822 (map).
[20Sep2026 21:12:31.788] [Render thread/DEBUG] [net.minecraftforge.registries.ForgeRegistry/REGISTRIES]: Registry mineminenomi:abilities: Fixed mineminenomi:abilities id mismatch cartaddon:majin_entity_saidan: 624 (init) -> 825 (map).
[20Sep2026 21:12:31.788] [Render thread/DEBUG] [net.minecraftforge.registries.ForgeRegistry/REGISTRIES]: Registry mineminenomi:abilities: Fixed mineminenomi:abilities id mismatch cartaddon:majin_flight: 623 (init) -> 824 (map).
[20Sep2026 21:12:31.788] [Render thread/DEBUG] [net.minecraftforge.registries.ForgeRegistry/REGISTRIES]: Registry mineminenomi:abilities: Fixed mineminenomi:abilities id mismatch cartaddon:majin_saidan: 622 (init) -> 823 (map).
[20Sep2026 21:12:31.788] [Render thread/DEBUG] [net.minecraftforge.registries.ForgeRegistry/REGISTRIES]: Registry mineminenomi:abilities: Fixed mineminenomi:abilities id mismatch cartaddon:marianette: 797 (init) -> 998 (map).
[20Sep2026 21:12:31.788] [Render thread/DEBUG] [net.minecraftforge.registries.ForgeRegistry/REGISTRIES]: Registry mineminenomi:abilities: Fixed mineminenomi:abilities id mismatch cartaddon:mark: 836 (init) -> 1037 (map).
[20Sep2026 21:12:31.788] [Render thread/DEBUG] [net.minecraftforge.registries.ForgeRegistry/REGISTRIES]: Registry mineminenomi:abilities: Fixed mineminenomi:abilities id mismatch cartaddon:marma_raid: 1197 (init) -> 1401 (map).
[20Sep2026 21:12:31.788] [Render thread/DEBUG] [net.minecraftforge.registries.ForgeRegistry/REGISTRIES]: Registry mineminenomi:abilities: Fixed mineminenomi:abilities id mismatch cartaddon:marshland_bash: 749 (init) -> 950 (map).
[20Sep2026 21:12:31.788] [Render thread/DEBUG] [net.minecraftforge.registries.ForgeRegistry/REGISTRIES]: Registry mineminenomi:abilities: Fixed mineminenomi:abilities id mismatch cartaddon:marshy_road: 748 (init) -> 949 (map).
[20Sep2026 21:12:31.788] [Render thread/DEBUG] [net.minecraftforge.registries.ForgeRegistry/REGISTRIES]: Registry mineminenomi:abilities: Fixed mineminenomi:abilities id mismatch cartaddon:maser_ho: 878 (init) -> 1079 (map).
[20Sep2026 21:12:31.788] [Render thread/DEBUG] [net.minecraftforge.registries.ForgeRegistry/REGISTRIES]: Registry mineminenomi:abilities: Fixed mineminenomi:abilities id mismatch cartaddon:maser_saber: 877 (init) -> 1078 (map).
[20Sep2026 21:12:31.788] [Render thread/DEBUG] [net.minecraftforge.registries.ForgeRegistry/REGISTRIES]: Registry mineminenomi:abilities: Fixed mineminenomi:abilities id mismatch cartaddon:mato_throw: 837 (init) -> 1038 (map).
[20Sep2026 21:12:31.788] [Render thread/DEBUG] [net.minecraftforge.registries.ForgeRegistry/REGISTRIES]: Registry mineminenomi:abilities: Fixed mineminenomi:abilities id mismatch cartaddon:mauling: 760 (init) -> 961 (map).
[20Sep2026 21:12:31.788] [Render thread/DEBUG] [net.minecraftforge.registries.ForgeRegistry/REGISTRIES]: Registry mineminenomi:abilities: Fixed mineminenomi:abilities id mismatch cartaddon:melodic_enchantment: 927 (init) -> 1131 (map).
[20Sep2026 21:12:31.788] [Render thread/DEBUG] [net.minecraftforge.registries.ForgeRegistry/REGISTRIES]: Registry mineminenomi:abilities: Fixed mineminenomi:abilities id mismatch cartaddon:melody_surf: 929 (init) -> 1133 (map).
[20Sep2026 21:12:31.788] [Render thread/DEBUG] [net.minecraftforge.registries.ForgeRegistry/REGISTRIES]: Registry mineminenomi:abilities: Fixed mineminenomi:abilities id mismatch cartaddon:met_punc: 917 (init) -> 1121 (map).
[20Sep2026 21:12:31.788] [Render thread/DEBUG] [net.minecraftforge.registries.ForgeRegistry/REGISTRIES]: Registry mineminenomi:abilities: Fixed mineminenomi:abilities id mismatch cartaddon:midori_boshi_impact_wolf: 1110 (init) -> 1314 (map).
[20Sep2026 21:12:31.788] [Render thread/DEBUG] [net.minecraftforge.registries.ForgeRegistry/REGISTRIES]: Registry mineminenomi:abilities: Fixed mineminenomi:abilities id mismatch cartaddon:midori_boshi_plantus_shuriken: 1112 (init) -> 1316 (map).
[20Sep2026 21:12:31.788] [Render thread/DEBUG] [net.minecraftforge.registries.ForgeRegistry/REGISTRIES]: Registry mineminenomi:abilities: Fixed mineminenomi:abilities id mismatch cartaddon:midori_boshi_take_jave_rin: 1113 (init) -> 1317 (map).
[20Sep2026 21:12:31.788] [Render thread/DEBUG] [net.minecraftforge.registries.ForgeRegistry/REGISTRIES]: Registry mineminenomi:abilities: Fixed mineminenomi:abilities id mismatch cartaddon:milky_dial: 993 (init) -> 1197 (map).
[20Sep2026 21:12:31.788] [Render thread/DEBUG] [net.minecraftforge.registries.ForgeRegistry/REGISTRIES]: Registry mineminenomi:abilities: Fixed mineminenomi:abilities id mismatch cartaddon:mink_size_passive: 1006 (init) -> 1210 (map).
[20Sep2026 21:12:31.788] [Render thread/DEBUG] [net.minecraftforge.registries.ForgeRegistry/REGISTRIES]: Registry mineminenomi:abilities: Fixed mineminenomi:abilities id mismatch cartaddon:misery: 888 (init) -> 1089 (map).
[20Sep2026 21:12:31.788] [Render thread/DEBUG] [net.minecraftforge.registries.ForgeRegistry/REGISTRIES]: Registry mineminenomi:abilities: Fixed mineminenomi:abilities id mismatch cartaddon:missed_cue: 924 (init) -> 1128 (map).
[20Sep2026 21:12:31.789] [Render thread/DEBUG] [net.minecraftforge.registries.ForgeRegistry/REGISTRIES]: Registry mineminenomi:abilities: Fixed mineminenomi:abilities id mismatch cartaddon:mixed_bumaki: 1061 (init) -> 1265 (map).
[20Sep2026 21:12:31.789] [Render thread/DEBUG] [net.minecraftforge.registries.ForgeRegistry/REGISTRIES]: Registry mineminenomi:abilities: Fixed mineminenomi:abilities id mismatch cartaddon:mizu_osu: 1019 (init) -> 1223 (map).
[20Sep2026 21:12:31.789] [Render thread/DEBUG] [net.minecraftforge.registries.ForgeRegistry/REGISTRIES]: Registry mineminenomi:abilities: Fixed mineminenomi:abilities id mismatch cartaddon:mizu_shuryudan: 1020 (init) -> 1224 (map).
[20Sep2026 21:12:31.789] [Render thread/DEBUG] [net.minecraftforge.registries.ForgeRegistry/REGISTRIES]: Registry mineminenomi:abilities: Fixed mineminenomi:abilities id mismatch cartaddon:mizu_taiho: 1026 (init) -> 1230 (map).
[20Sep2026 21:12:31.789] [Render thread/DEBUG] [net.minecraftforge.registries.ForgeRegistry/REGISTRIES]: Registry mineminenomi:abilities: Fixed mineminenomi:abilities id mismatch cartaddon:mochi_block_passive: 659 (init) -> 860 (map).
[20Sep2026 21:12:31.789] [Render thread/DEBUG] [net.minecraftforge.registries.ForgeRegistry/REGISTRIES]: Registry mineminenomi:abilities: Fixed mineminenomi:abilities id mismatch cartaddon:mochi_ginchaku: 658 (init) -> 859 (map).
[20Sep2026 21:12:31.789] [Render thread/DEBUG] [net.minecraftforge.registries.ForgeRegistry/REGISTRIES]: Registry mineminenomi:abilities: Fixed mineminenomi:abilities id mismatch cartaddon:mochi_tsuki: 650 (init) -> 851 (map).
[20Sep2026 21:12:31.789] [Render thread/DEBUG] [net.minecraftforge.registries.ForgeRegistry/REGISTRIES]: Registry mineminenomi:abilities: Fixed mineminenomi:abilities id mismatch cartaddon:modoku: 710 (init) -> 911 (map).
[20Sep2026 21:12:31.789] [Render thread/DEBUG] [net.minecraftforge.registries.ForgeRegistry/REGISTRIES]: Registry mineminenomi:abilities: Fixed mineminenomi:abilities id mismatch cartaddon:mori_arm: 588 (init) -> 789 (map).
[20Sep2026 21:12:31.789] [Render thread/DEBUG] [net.minecraftforge.registries.ForgeRegistry/REGISTRIES]: Registry mineminenomi:abilities: Fixed mineminenomi:abilities id mismatch cartaddon:mori_drain: 595 (init) -> 796 (map).
[20Sep2026 21:12:31.789] [Render thread/DEBUG] [net.minecraftforge.registries.ForgeRegistry/REGISTRIES]: Registry mineminenomi:abilities: Fixed mineminenomi:abilities id mismatch cartaddon:mori_fire_weakness: 599 (init) -> 800 (map).
[20Sep2026 21:12:31.789] [Render thread/DEBUG] [net.minecraftforge.registries.ForgeRegistry/REGISTRIES]: Registry mineminenomi:abilities: Fixed mineminenomi:abilities id mismatch cartaddon:mori_flight: 596 (init) -> 797 (map).
[20Sep2026 21:12:31.790] [Render thread/DEBUG] [net.minecraftforge.registries.ForgeRegistry/REGISTRIES]: Registry mineminenomi:abilities: Fixed mineminenomi:abilities id mismatch cartaddon:mori_fly: 591 (init) -> 792 (map).
[20Sep2026 21:12:31.790] [Render thread/DEBUG] [net.minecraftforge.registries.ForgeRegistry/REGISTRIES]: Registry mineminenomi:abilities: Fixed mineminenomi:abilities id mismatch cartaddon:mori_growth: 593 (init) -> 794 (map).
[20Sep2026 21:12:31.790] [Render thread/DEBUG] [net.minecraftforge.registries.ForgeRegistry/REGISTRIES]: Registry mineminenomi:abilities: Fixed mineminenomi:abilities id mismatch cartaddon:mori_skewer: 590 (init) -> 791 (map).
[20Sep2026 21:12:31.790] [Render thread/DEBUG] [net.minecraftforge.registries.ForgeRegistry/REGISTRIES]: Registry mineminenomi:abilities: Fixed mineminenomi:abilities id mismatch cartaddon:mountain_eater: 1148 (init) -> 1352 (map).
[20Sep2026 21:12:31.790] [Render thread/DEBUG] [net.minecraftforge.registries.ForgeRegistry/REGISTRIES]: Registry mineminenomi:abilities: Fixed mineminenomi:abilities id mismatch cartaddon:mountain_toss: 608 (init) -> 809 (map).
[20Sep2026 21:12:31.790] [Render thread/DEBUG] [net.minecraftforge.registries.ForgeRegistry/REGISTRIES]: Registry mineminenomi:abilities: Fixed mineminenomi:abilities id mismatch cartaddon:mouton_shot: 1090 (init) -> 1294 (map).
[20Sep2026 21:12:31.790] [Render thread/DEBUG] [net.minecraftforge.registries.ForgeRegistry/REGISTRIES]: Registry mineminenomi:abilities: Fixed mineminenomi:abilities id mismatch cartaddon:movement_penalty: 1186 (init) -> 1390 (map).
[20Sep2026 21:12:31.791] [Render thread/DEBUG] [net.minecraftforge.registries.ForgeRegistry/REGISTRIES]: Registry mineminenomi:abilities: Fixed mineminenomi:abilities id mismatch cartaddon:mukikiryu_mukirikugi: 1136 (init) -> 1340 (map).
[20Sep2026 21:12:31.791] [Render thread/DEBUG] [net.minecraftforge.registries.ForgeRegistry/REGISTRIES]: Registry mineminenomi:abilities: Fixed mineminenomi:abilities id mismatch cartaddon:multi_gekishin_barrage: 1225 (init) -> 1429 (map).
[20Sep2026 21:12:31.791] [Render thread/DEBUG] [net.minecraftforge.registries.ForgeRegistry/REGISTRIES]: Registry mineminenomi:abilities: Fixed mineminenomi:abilities id mismatch cartaddon:murasame: 1021 (init) -> 1225 (map).
[20Sep2026 21:12:31.791] [Render thread/DEBUG] [net.minecraftforge.registries.ForgeRegistry/REGISTRIES]: Registry mineminenomi:abilities: Fixed mineminenomi:abilities id mismatch cartaddon:muso_mochi_hadan: 656 (init) -> 857 (map).
[20Sep2026 21:12:31.791] [Render thread/DEBUG] [net.minecraftforge.registries.ForgeRegistry/REGISTRIES]: Registry mineminenomi:abilities: Fixed mineminenomi:abilities id mismatch cartaddon:nagare_mochi: 652 (init) -> 853 (map).
[20Sep2026 21:12:31.791] [Render thread/DEBUG] [net.minecraftforge.registries.ForgeRegistry/REGISTRIES]: Registry mineminenomi:abilities: Fixed mineminenomi:abilities id mismatch cartaddon:namuji_hyoga: 630 (init) -> 831 (map).
[20Sep2026 21:12:31.791] [Render thread/DEBUG] [net.minecraftforge.registries.ForgeRegistry/REGISTRIES]: Registry mineminenomi:abilities: Fixed mineminenomi:abilities id mismatch cartaddon:nanahyakuniju_pound_ho: 1058 (init) -> 1262 (map).
[20Sep2026 21:12:31.791] [Render thread/DEBUG] [net.minecraftforge.registries.ForgeRegistry/REGISTRIES]: Registry mineminenomi:abilities: Fixed mineminenomi:abilities id mismatch cartaddon:narikiba: 938 (init) -> 1142 (map).
[20Sep2026 21:12:31.791] [Render thread/DEBUG] [net.minecraftforge.registries.ForgeRegistry/REGISTRIES]: Registry mineminenomi:abilities: Fixed mineminenomi:abilities id mismatch cartaddon:nemuri_boshi: 1108 (init) -> 1312 (map).
[20Sep2026 21:12:31.791] [Render thread/DEBUG] [net.minecraftforge.registries.ForgeRegistry/REGISTRIES]: Registry mineminenomi:abilities: Fixed mineminenomi:abilities id mismatch cartaddon:new_plague: 801 (init) -> 1002 (map).
[20Sep2026 21:12:31.791] [Render thread/DEBUG] [net.minecraftforge.registries.ForgeRegistry/REGISTRIES]: Registry mineminenomi:abilities: Fixed mineminenomi:abilities id mismatch cartaddon:nightmare_holes: 867 (init) -> 1068 (map).
[20Sep2026 21:12:31.791] [Render thread/DEBUG] [net.minecraftforge.registries.ForgeRegistry/REGISTRIES]: Registry mineminenomi:abilities: Fixed mineminenomi:abilities id mismatch cartaddon:nitoryu_counter_strike: 1059 (init) -> 1263 (map).
[20Sep2026 21:12:31.791] [Render thread/DEBUG] [net.minecraftforge.registries.ForgeRegistry/REGISTRIES]: Registry mineminenomi:abilities: Fixed mineminenomi:abilities id mismatch cartaddon:nitoryu_iai_rashomon: 1056 (init) -> 1260 (map).
[20Sep2026 21:12:31.791] [Render thread/DEBUG] [net.minecraftforge.registries.ForgeRegistry/REGISTRIES]: Registry mineminenomi:abilities: Fixed mineminenomi:abilities id mismatch cartaddon:noko_immunities: 910 (init) -> 1114 (map).
[20Sep2026 21:12:31.791] [Render thread/DEBUG] [net.minecraftforge.registries.ForgeRegistry/REGISTRIES]: Registry mineminenomi:abilities: Fixed mineminenomi:abilities id mismatch cartaddon:nue_assault_point: 846 (init) -> 1047 (map).
[20Sep2026 21:12:31.791] [Render thread/DEBUG] [net.minecraftforge.registries.ForgeRegistry/REGISTRIES]: Registry mineminenomi:abilities: Fixed mineminenomi:abilities id mismatch cartaddon:nue_flight: 854 (init) -> 1055 (map).
[20Sep2026 21:12:31.791] [Render thread/DEBUG] [net.minecraftforge.registries.ForgeRegistry/REGISTRIES]: Registry mineminenomi:abilities: Fixed mineminenomi:abilities id mismatch cartaddon:nue_fly_point: 845 (init) -> 1046 (map).
[20Sep2026 21:12:31.791] [Render thread/DEBUG] [net.minecraftforge.registries.ForgeRegistry/REGISTRIES]: Registry mineminenomi:abilities: Fixed mineminenomi:abilities id mismatch cartaddon:nue_night_vision: 853 (init) -> 1054 (map).
[20Sep2026 21:12:31.791] [Render thread/DEBUG] [net.minecraftforge.registries.ForgeRegistry/REGISTRIES]: Registry mineminenomi:abilities: Fixed mineminenomi:abilities id mismatch cartaddon:nue_rideable: 855 (init) -> 1056 (map).
[20Sep2026 21:12:31.791] [Render thread/DEBUG] [net.minecraftforge.registries.ForgeRegistry/REGISTRIES]: Registry mineminenomi:abilities: Fixed mineminenomi:abilities id mismatch cartaddon:numa_immunities: 753 (init) -> 954 (map).
[20Sep2026 21:12:31.791] [Render thread/DEBUG] [net.minecraftforge.registries.ForgeRegistry/REGISTRIES]: Registry mineminenomi:abilities: Fixed mineminenomi:abilities id mismatch cartaddon:numa_numa_gattling: 746 (init) -> 947 (map).
[20Sep2026 21:12:31.791] [Render thread/DEBUG] [net.minecraftforge.registries.ForgeRegistry/REGISTRIES]: Registry mineminenomi:abilities: Fixed mineminenomi:abilities id mismatch cartaddon:o_tatsumaki: 1084 (init) -> 1288 (map).
[20Sep2026 21:12:31.791] [Render thread/DEBUG] [net.minecraftforge.registries.ForgeRegistry/REGISTRIES]: Registry mineminenomi:abilities: Fixed mineminenomi:abilities id mismatch cartaddon:obelisusu: 682 (init) -> 883 (map).
[20Sep2026 21:12:31.791] [Render thread/DEBUG] [net.minecraftforge.registries.ForgeRegistry/REGISTRIES]: Registry mineminenomi:abilities: Fixed mineminenomi:abilities id mismatch cartaddon:observation_killer: 1188 (init) -> 1392 (map).
[20Sep2026 21:12:31.791] [Render thread/DEBUG] [net.minecraftforge.registries.ForgeRegistry/REGISTRIES]: Registry mineminenomi:abilities: Fixed mineminenomi:abilities id mismatch cartaddon:ogi_focus: 1137 (init) -> 1341 (map).
[20Sep2026 21:12:31.791] [Render thread/DEBUG] [net.minecraftforge.registries.ForgeRegistry/REGISTRIES]: Registry mineminenomi:abilities: Fixed mineminenomi:abilities id mismatch cartaddon:okuchi_heavy_point: 626 (init) -> 827 (map).
[20Sep2026 21:12:31.791] [Render thread/DEBUG] [net.minecraftforge.registries.ForgeRegistry/REGISTRIES]: Registry mineminenomi:abilities: Fixed mineminenomi:abilities id mismatch cartaddon:okuchi_immunities: 629 (init) -> 830 (map).
[20Sep2026 21:12:31.791] [Render thread/DEBUG] [net.minecraftforge.registries.ForgeRegistry/REGISTRIES]: Registry mineminenomi:abilities: Fixed mineminenomi:abilities id mismatch cartaddon:okuchi_rideable: 635 (init) -> 836 (map).
[20Sep2026 21:12:31.791] [Render thread/DEBUG] [net.minecraftforge.registries.ForgeRegistry/REGISTRIES]: Registry mineminenomi:abilities: Fixed mineminenomi:abilities id mismatch cartaddon:okuchi_walk_point: 627 (init) -> 828 (map).
[20Sep2026 21:12:31.791] [Render thread/DEBUG] [net.minecraftforge.registries.ForgeRegistry/REGISTRIES]: Registry mineminenomi:abilities: Fixed mineminenomi:abilities id mismatch cartaddon:omori_karyudon: 948 (init) -> 1152 (map).
[20Sep2026 21:12:31.791] [Render thread/DEBUG] [net.minecraftforge.registries.ForgeRegistry/REGISTRIES]: Registry mineminenomi:abilities: Fixed mineminenomi:abilities id mismatch cartaddon:oni_awakening: 955 (init) -> 1159 (map).
[20Sep2026 21:12:31.791] [Render thread/DEBUG] [net.minecraftforge.registries.ForgeRegistry/REGISTRIES]: Registry mineminenomi:abilities: Fixed mineminenomi:abilities id mismatch cartaddon:oni_giri: 1114 (init) -> 1318 (map).
[20Sep2026 21:12:31.791] [Render thread/DEBUG] [net.minecraftforge.registries.ForgeRegistry/REGISTRIES]: Registry mineminenomi:abilities: Fixed mineminenomi:abilities id mismatch cartaddon:oni_passive_bonuses: 958 (init) -> 1162 (map).
[20Sep2026 21:12:31.791] [Render thread/DEBUG] [net.minecraftforge.registries.ForgeRegistry/REGISTRIES]: Registry mineminenomi:abilities: Fixed mineminenomi:abilities id mismatch cartaddon:onna_ni_naru_byo: 800 (init) -> 1001 (map).
[20Sep2026 21:12:31.791] [Render thread/DEBUG] [net.minecraftforge.registries.ForgeRegistry/REGISTRIES]: Registry mineminenomi:abilities: Fixed mineminenomi:abilities id mismatch cartaddon:opening_act: 923 (init) -> 1127 (map).
[20Sep2026 21:12:31.791] [Render thread/DEBUG] [net.minecraftforge.registries.ForgeRegistry/REGISTRIES]: Registry mineminenomi:abilities: Fixed mineminenomi:abilities id mismatch cartaddon:orochi_heavy_point: 857 (init) -> 1058 (map).
[20Sep2026 21:12:31.791] [Render thread/DEBUG] [net.minecraftforge.registries.ForgeRegistry/REGISTRIES]: Registry mineminenomi:abilities: Fixed mineminenomi:abilities id mismatch cartaddon:orochi_lives_passive: 861 (init) -> 1062 (map).
[20Sep2026 21:12:31.791] [Render thread/DEBUG] [net.minecraftforge.registries.ForgeRegistry/REGISTRIES]: Registry mineminenomi:abilities: Fixed mineminenomi:abilities id mismatch cartaddon:orochi_night_vision: 862 (init) -> 1063 (map).
[20Sep2026 21:12:31.791] [Render thread/DEBUG] [net.minecraftforge.registries.ForgeRegistry/REGISTRIES]: Registry mineminenomi:abilities: Fixed mineminenomi:abilities id mismatch cartaddon:orochi_slither_point: 856 (init) -> 1057 (map).
[20Sep2026 21:12:31.791] [Render thread/DEBUG] [net.minecraftforge.registries.ForgeRegistry/REGISTRIES]: Registry mineminenomi:abilities: Fixed mineminenomi:abilities id mismatch cartaddon:oshizumaria: 798 (init) -> 999 (map).
[20Sep2026 21:12:31.791] [Render thread/DEBUG] [net.minecraftforge.registries.ForgeRegistry/REGISTRIES]: Registry mineminenomi:abilities: Fixed mineminenomi:abilities id mismatch cartaddon:pachycephalosaurus_guard_point: 777 (init) -> 978 (map).
[20Sep2026 21:12:31.791] [Render thread/DEBUG] [net.minecraftforge.registries.ForgeRegistry/REGISTRIES]: Registry mineminenomi:abilities: Fixed mineminenomi:abilities id mismatch cartaddon:pachycephalosaurus_heavy_point: 778 (init) -> 979 (map).
[20Sep2026 21:12:31.792] [Render thread/DEBUG] [net.minecraftforge.registries.ForgeRegistry/REGISTRIES]: Registry mineminenomi:abilities: Fixed mineminenomi:abilities id mismatch cartaddon:pacifista_reinforcements: 1181 (init) -> 1385 (map).
[20Sep2026 21:12:31.792] [Render thread/DEBUG] [net.minecraftforge.registries.ForgeRegistry/REGISTRIES]: Registry mineminenomi:abilities: Fixed mineminenomi:abilities id mismatch cartaddon:paper_flurry: 900 (init) -> 1104 (map).
[20Sep2026 21:12:31.792] [Render thread/DEBUG] [net.minecraftforge.registries.ForgeRegistry/REGISTRIES]: Registry mineminenomi:abilities: Fixed mineminenomi:abilities id mismatch cartaddon:paradise_totsuka: 1060 (init) -> 1264 (map).
[20Sep2026 21:12:31.792] [Render thread/DEBUG] [net.minecraftforge.registries.ForgeRegistry/REGISTRIES]: Registry mineminenomi:abilities: Fixed mineminenomi:abilities id mismatch cartaddon:partytable_kick_course: 1093 (init) -> 1297 (map).
[20Sep2026 21:12:31.792] [Render thread/DEBUG] [net.minecraftforge.registries.ForgeRegistry/REGISTRIES]: Registry mineminenomi:abilities: Fixed mineminenomi:abilities id mismatch cartaddon:pasa_fire_weakness: 899 (init) -> 1103 (map).
[20Sep2026 21:12:31.792] [Render thread/DEBUG] [net.minecraftforge.registries.ForgeRegistry/REGISTRIES]: Registry mineminenomi:abilities: Fixed mineminenomi:abilities id mismatch cartaddon:pasa_special_fly: 901 (init) -> 1105 (map).
[20Sep2026 21:12:31.792] [Render thread/DEBUG] [net.minecraftforge.registries.ForgeRegistry/REGISTRIES]: Registry mineminenomi:abilities: Fixed mineminenomi:abilities id mismatch cartaddon:peeping_mind: 813 (init) -> 1014 (map).
[20Sep2026 21:12:31.792] [Render thread/DEBUG] [net.minecraftforge.registries.ForgeRegistry/REGISTRIES]: Registry mineminenomi:abilities: Fixed mineminenomi:abilities id mismatch cartaddon:pegasus_blessing: 743 (init) -> 944 (map).
[20Sep2026 21:12:31.792] [Render thread/DEBUG] [net.minecraftforge.registries.ForgeRegistry/REGISTRIES]: Registry mineminenomi:abilities: Fixed mineminenomi:abilities id mismatch cartaddon:pegasus_flight: 745 (init) -> 946 (map).
[20Sep2026 21:12:31.792] [Render thread/DEBUG] [net.minecraftforge.registries.ForgeRegistry/REGISTRIES]: Registry mineminenomi:abilities: Fixed mineminenomi:abilities id mismatch cartaddon:pegasus_fly_point: 738 (init) -> 939 (map).
[20Sep2026 21:12:31.792] [Render thread/DEBUG] [net.minecraftforge.registries.ForgeRegistry/REGISTRIES]: Registry mineminenomi:abilities: Fixed mineminenomi:abilities id mismatch cartaddon:pegasus_guard_point: 739 (init) -> 940 (map).
[20Sep2026 21:12:31.792] [Render thread/DEBUG] [net.minecraftforge.registries.ForgeRegistry/REGISTRIES]: Registry mineminenomi:abilities: Fixed mineminenomi:abilities id mismatch cartaddon:penetrating_claws: 1065 (init) -> 1269 (map).
[20Sep2026 21:12:31.792] [Render thread/DEBUG] [net.minecraftforge.registries.ForgeRegistry/REGISTRIES]: Registry mineminenomi:abilities: Fixed mineminenomi:abilities id mismatch cartaddon:perception_blitz: 952 (init) -> 1156 (map).
[20Sep2026 21:12:31.792] [Render thread/DEBUG] [net.minecraftforge.registries.ForgeRegistry/REGISTRIES]: Registry mineminenomi:abilities: Fixed mineminenomi:abilities id mismatch cartaddon:pestilence_disease: 804 (init) -> 1005 (map).
[20Sep2026 21:12:31.792] [Render thread/DEBUG] [net.minecraftforge.registries.ForgeRegistry/REGISTRIES]: Registry mineminenomi:abilities: Fixed mineminenomi:abilities id mismatch cartaddon:petal_sonata: 925 (init) -> 1129 (map).
[20Sep2026 21:12:31.792] [Render thread/DEBUG] [net.minecraftforge.registries.ForgeRegistry/REGISTRIES]: Registry mineminenomi:abilities: Fixed mineminenomi:abilities id mismatch cartaddon:phantom_cloak: 770 (init) -> 971 (map).
[20Sep2026 21:12:31.792] [Render thread/DEBUG] [net.minecraftforge.registries.ForgeRegistry/REGISTRIES]: Registry mineminenomi:abilities: Fixed mineminenomi:abilities id mismatch cartaddon:phantom_duplication: 725 (init) -> 926 (map).
[20Sep2026 21:12:31.792] [Render thread/DEBUG] [net.minecraftforge.registries.ForgeRegistry/REGISTRIES]: Registry mineminenomi:abilities: Fixed mineminenomi:abilities id mismatch cartaddon:phantom_veil: 771 (init) -> 972 (map).
[20Sep2026 21:12:31.792] [Render thread/DEBUG] [net.minecraftforge.registries.ForgeRegistry/REGISTRIES]: Registry mineminenomi:abilities: Fixed mineminenomi:abilities id mismatch cartaddon:photosynthesis: 597 (init) -> 798 (map).
[20Sep2026 21:12:31.792] [Render thread/DEBUG] [net.minecraftforge.registries.ForgeRegistry/REGISTRIES]: Registry mineminenomi:abilities: Fixed mineminenomi:abilities id mismatch cartaddon:piercing_blows: 594 (init) -> 795 (map).
[20Sep2026 21:12:31.792] [Render thread/DEBUG] [net.minecraftforge.registries.ForgeRegistry/REGISTRIES]: Registry mineminenomi:abilities: Fixed mineminenomi:abilities id mismatch cartaddon:pink_hornet: 968 (init) -> 1172 (map).
[20Sep2026 21:12:31.792] [Render thread/DEBUG] [net.minecraftforge.registries.ForgeRegistry/REGISTRIES]: Registry mineminenomi:abilities: Fixed mineminenomi:abilities id mismatch cartaddon:point_blank: 1101 (init) -> 1305 (map).
[20Sep2026 21:12:31.792] [Render thread/DEBUG] [net.minecraftforge.registries.ForgeRegistry/REGISTRIES]: Registry mineminenomi:abilities: Fixed mineminenomi:abilities id mismatch cartaddon:poison_guard: 965 (init) -> 1169 (map).
[20Sep2026 21:12:31.792] [Render thread/DEBUG] [net.minecraftforge.registries.ForgeRegistry/REGISTRIES]: Registry mineminenomi:abilities: Fixed mineminenomi:abilities id mismatch cartaddon:poison_removal: 966 (init) -> 1170 (map).
[20Sep2026 21:12:31.792] [Render thread/DEBUG] [net.minecraftforge.registries.ForgeRegistry/REGISTRIES]: Registry mineminenomi:abilities: Fixed mineminenomi:abilities id mismatch cartaddon:poison_strike: 967 (init) -> 1171 (map).
[20Sep2026 21:12:31.792] [Render thread/DEBUG] [net.minecraftforge.registries.ForgeRegistry/REGISTRIES]: Registry mineminenomi:abilities: Fixed mineminenomi:abilities id mismatch cartaddon:poison_twister: 969 (init) -> 1173 (map).
[20Sep2026 21:12:31.792] [Render thread/DEBUG] [net.minecraftforge.registries.ForgeRegistry/REGISTRIES]: Registry mineminenomi:abilities: Fixed mineminenomi:abilities id mismatch cartaddon:pounce: 789 (init) -> 990 (map).
[20Sep2026 21:12:31.792] [Render thread/DEBUG] [net.minecraftforge.registries.ForgeRegistry/REGISTRIES]: Registry mineminenomi:abilities: Fixed mineminenomi:abilities id mismatch cartaddon:precise_talon_strikes: 1066 (init) -> 1270 (map).
[20Sep2026 21:12:31.792] [Render thread/DEBUG] [net.minecraftforge.registries.ForgeRegistry/REGISTRIES]: Registry mineminenomi:abilities: Fixed mineminenomi:abilities id mismatch cartaddon:predators_throw: 1145 (init) -> 1349 (map).
[20Sep2026 21:12:31.792] [Render thread/DEBUG] [net.minecraftforge.registries.ForgeRegistry/REGISTRIES]: Registry mineminenomi:abilities: Fixed mineminenomi:abilities id mismatch cartaddon:pretzel: 637 (init) -> 838 (map).
[20Sep2026 21:12:31.792] [Render thread/DEBUG] [net.minecraftforge.registries.ForgeRegistry/REGISTRIES]: Registry mineminenomi:abilities: Fixed mineminenomi:abilities id mismatch cartaddon:pretzel_roll: 644 (init) -> 845 (map).
[20Sep2026 21:12:31.792] [Render thread/DEBUG] [net.minecraftforge.registries.ForgeRegistry/REGISTRIES]: Registry mineminenomi:abilities: Fixed mineminenomi:abilities id mismatch cartaddon:punc_bala: 913 (init) -> 1117 (map).
[20Sep2026 21:12:31.792] [Render thread/DEBUG] [net.minecraftforge.registries.ForgeRegistry/REGISTRIES]: Registry mineminenomi:abilities: Fixed mineminenomi:abilities id mismatch cartaddon:punc_rock_fest: 916 (init) -> 1120 (map).
[20Sep2026 21:12:31.792] [Render thread/DEBUG] [net.minecraftforge.registries.ForgeRegistry/REGISTRIES]: Registry mineminenomi:abilities: Fixed mineminenomi:abilities id mismatch cartaddon:punc_rock_super_arena: 915 (init) -> 1119 (map).
[20Sep2026 21:12:31.792] [Render thread/DEBUG] [net.minecraftforge.registries.ForgeRegistry/REGISTRIES]: Registry mineminenomi:abilities: Fixed mineminenomi:abilities id mismatch cartaddon:punch_charm_passive: 1201 (init) -> 1405 (map).
[20Sep2026 21:12:31.792] [Render thread/DEBUG] [net.minecraftforge.registries.ForgeRegistry/REGISTRIES]: Registry mineminenomi:abilities: Fixed mineminenomi:abilities id mismatch cartaddon:queen_punch: 1077 (init) -> 1281 (map).
[20Sep2026 21:12:31.792] [Render thread/DEBUG] [net.minecraftforge.registries.ForgeRegistry/REGISTRIES]: Registry mineminenomi:abilities: Fixed mineminenomi:abilities id mismatch cartaddon:quick_pounce: 939 (init) -> 1143 (map).
[20Sep2026 21:12:31.792] [Render thread/DEBUG] [net.minecraftforge.registries.ForgeRegistry/REGISTRIES]: Registry mineminenomi:abilities: Fixed mineminenomi:abilities id mismatch cartaddon:quickstab: 1125 (init) -> 1329 (map).
[20Sep2026 21:12:31.792] [Render thread/DEBUG] [net.minecraftforge.registries.ForgeRegistry/REGISTRIES]: Registry mineminenomi:abilities: Fixed mineminenomi:abilities id mismatch cartaddon:radical_beam: 1009 (init) -> 1213 (map).
[20Sep2026 21:12:31.792] [Render thread/DEBUG] [net.minecraftforge.registries.ForgeRegistry/REGISTRIES]: Registry mineminenomi:abilities: Fixed mineminenomi:abilities id mismatch cartaddon:raid_suit: 964 (init) -> 1168 (map).
[20Sep2026 21:12:31.792] [Render thread/DEBUG] [net.minecraftforge.registries.ForgeRegistry/REGISTRIES]: Registry mineminenomi:abilities: Fixed mineminenomi:abilities id mismatch cartaddon:raitei: 879 (init) -> 1080 (map).
[20Sep2026 21:12:31.792] [Render thread/DEBUG] [net.minecraftforge.registries.ForgeRegistry/REGISTRIES]: Registry mineminenomi:abilities: Fixed mineminenomi:abilities id mismatch cartaddon:rakuro: 687 (init) -> 888 (map).
[20Sep2026 21:12:31.792] [Render thread/DEBUG] [net.minecraftforge.registries.ForgeRegistry/REGISTRIES]: Registry mineminenomi:abilities: Fixed mineminenomi:abilities id mismatch cartaddon:rallying_flag: 1179 (init) -> 1383 (map).
[20Sep2026 21:12:31.792] [Render thread/DEBUG] [net.minecraftforge.registries.ForgeRegistry/REGISTRIES]: Registry mineminenomi:abilities: Fixed mineminenomi:abilities id mismatch cartaddon:rankyaku: 1043 (init) -> 1247 (map).
[20Sep2026 21:12:31.792] [Render thread/DEBUG] [net.minecraftforge.registries.ForgeRegistry/REGISTRIES]: Registry mineminenomi:abilities: Fixed mineminenomi:abilities id mismatch cartaddon:rapid_rush: 1172 (init) -> 1376 (map).
[20Sep2026 21:12:31.792] [Render thread/DEBUG] [net.minecraftforge.registries.ForgeRegistry/REGISTRIES]: Registry mineminenomi:abilities: Fixed mineminenomi:abilities id mismatch cartaddon:regeneration_disease: 805 (init) -> 1006 (map).
[20Sep2026 21:12:31.792] [Render thread/DEBUG] [net.minecraftforge.registries.ForgeRegistry/REGISTRIES]: Registry mineminenomi:abilities: Fixed mineminenomi:abilities id mismatch cartaddon:renpatsu_namari_boshi: 1106 (init) -> 1310 (map).
[20Sep2026 21:12:31.792] [Render thread/DEBUG] [net.minecraftforge.registries.ForgeRegistry/REGISTRIES]: Registry mineminenomi:abilities: Fixed mineminenomi:abilities id mismatch cartaddon:reversal: 1146 (init) -> 1350 (map).
[20Sep2026 21:12:31.792] [Render thread/DEBUG] [net.minecraftforge.registries.ForgeRegistry/REGISTRIES]: Registry mineminenomi:abilities: Fixed mineminenomi:abilities id mismatch cartaddon:riki_buff: 607 (init) -> 808 (map).
[20Sep2026 21:12:31.792] [Render thread/DEBUG] [net.minecraftforge.registries.ForgeRegistry/REGISTRIES]: Registry mineminenomi:abilities: Fixed mineminenomi:abilities id mismatch cartaddon:riki_leaping: 609 (init) -> 810 (map).
[20Sep2026 21:12:31.792] [Render thread/DEBUG] [net.minecraftforge.registries.ForgeRegistry/REGISTRIES]: Registry mineminenomi:abilities: Fixed mineminenomi:abilities id mismatch cartaddon:riki_passive: 613 (init) -> 814 (map).
[20Sep2026 21:12:31.792] [Render thread/DEBUG] [net.minecraftforge.registries.ForgeRegistry/REGISTRIES]: Registry mineminenomi:abilities: Fixed mineminenomi:abilities id mismatch cartaddon:riki_push: 612 (init) -> 813 (map).
[20Sep2026 21:12:31.792] [Render thread/DEBUG] [net.minecraftforge.registries.ForgeRegistry/REGISTRIES]: Registry mineminenomi:abilities: Fixed mineminenomi:abilities id mismatch cartaddon:riki_slam: 611 (init) -> 812 (map).
[20Sep2026 21:12:31.792] [Render thread/DEBUG] [net.minecraftforge.registries.ForgeRegistry/REGISTRIES]: Registry mineminenomi:abilities: Fixed mineminenomi:abilities id mismatch cartaddon:rokuogan: 1045 (init) -> 1249 (map).
[20Sep2026 21:12:31.792] [Render thread/DEBUG] [net.minecraftforge.registries.ForgeRegistry/REGISTRIES]: Registry mineminenomi:abilities: Fixed mineminenomi:abilities id mismatch cartaddon:rolling_mochi: 651 (init) -> 852 (map).
[20Sep2026 21:12:31.792] [Render thread/DEBUG] [net.minecraftforge.registries.ForgeRegistry/REGISTRIES]: Registry mineminenomi:abilities: Fixed mineminenomi:abilities id mismatch cartaddon:root_emergence: 592 (init) -> 793 (map).
[20Sep2026 21:12:31.792] [Render thread/DEBUG] [net.minecraftforge.registries.ForgeRegistry/REGISTRIES]: Registry mineminenomi:abilities: Fixed mineminenomi:abilities id mismatch cartaddon:rosamygale_leg_point: 795 (init) -> 996 (map).
[20Sep2026 21:12:31.792] [Render thread/DEBUG] [net.minecraftforge.registries.ForgeRegistry/REGISTRIES]: Registry mineminenomi:abilities: Fixed mineminenomi:abilities id mismatch cartaddon:rosamygale_walk_point: 794 (init) -> 995 (map).
[20Sep2026 21:12:31.792] [Render thread/DEBUG] [net.minecraftforge.registries.ForgeRegistry/REGISTRIES]: Registry mineminenomi:abilities: Fixed mineminenomi:abilities id mismatch cartaddon:run_hypha: 905 (init) -> 1109 (map).
[20Sep2026 21:12:31.792] [Render thread/DEBUG] [net.minecraftforge.registries.ForgeRegistry/REGISTRIES]: Registry mineminenomi:abilities: Fixed mineminenomi:abilities id mismatch cartaddon:ryu_no_ibuki: 1063 (init) -> 1267 (map).
[20Sep2026 21:12:31.792] [Render thread/DEBUG] [net.minecraftforge.registries.ForgeRegistry/REGISTRIES]: Registry mineminenomi:abilities: Fixed mineminenomi:abilities id mismatch cartaddon:ryu_no_kagizume: 1064 (init) -> 1268 (map).
[20Sep2026 21:12:31.792] [Render thread/DEBUG] [net.minecraftforge.registries.ForgeRegistry/REGISTRIES]: Registry mineminenomi:abilities: Fixed mineminenomi:abilities id mismatch cartaddon:ryusoken_passive_bonuses: 1069 (init) -> 1273 (map).
[20Sep2026 21:12:31.792] [Render thread/DEBUG] [net.minecraftforge.registries.ForgeRegistry/REGISTRIES]: Registry mineminenomi:abilities: Fixed mineminenomi:abilities id mismatch cartaddon:ryuuki: 843 (init) -> 1044 (map).
[20Sep2026 21:12:31.792] [Render thread/DEBUG] [net.minecraftforge.registries.ForgeRegistry/REGISTRIES]: Registry mineminenomi:abilities: Fixed mineminenomi:abilities id mismatch cartaddon:saber_tiger_cold_blooded: 792 (init) -> 993 (map).
[20Sep2026 21:12:31.792] [Render thread/DEBUG] [net.minecraftforge.registries.ForgeRegistry/REGISTRIES]: Registry mineminenomi:abilities: Fixed mineminenomi:abilities id mismatch cartaddon:saber_tiger_heavy_point: 787 (init) -> 988 (map).
[20Sep2026 21:12:31.792] [Render thread/DEBUG] [net.minecraftforge.registries.ForgeRegistry/REGISTRIES]: Registry mineminenomi:abilities: Fixed mineminenomi:abilities id mismatch cartaddon:saber_tiger_immunities: 793 (init) -> 994 (map).
[20Sep2026 21:12:31.792] [Render thread/DEBUG] [net.minecraftforge.registries.ForgeRegistry/REGISTRIES]: Registry mineminenomi:abilities: Fixed mineminenomi:abilities id mismatch cartaddon:saber_tiger_night_vision: 791 (init) -> 992 (map).
[20Sep2026 21:12:31.792] [Render thread/DEBUG] [net.minecraftforge.registries.ForgeRegistry/REGISTRIES]: Registry mineminenomi:abilities: Fixed mineminenomi:abilities id mismatch cartaddon:saber_tiger_walk_point: 786 (init) -> 987 (map).
[20Sep2026 21:12:31.792] [Render thread/DEBUG] [net.minecraftforge.registries.ForgeRegistry/REGISTRIES]: Registry mineminenomi:abilities: Fixed mineminenomi:abilities id mismatch cartaddon:sai_kuru: 1057 (init) -> 1261 (map).
[20Sep2026 21:12:31.792] [Render thread/DEBUG] [net.minecraftforge.registries.ForgeRegistry/REGISTRIES]: Registry mineminenomi:abilities: Fixed mineminenomi:abilities id mismatch cartaddon:samehada_shotei: 1022 (init) -> 1226 (map).
[20Sep2026 21:12:31.792] [Render thread/DEBUG] [net.minecraftforge.registries.ForgeRegistry/REGISTRIES]: Registry mineminenomi:abilities: Fixed mineminenomi:abilities id mismatch cartaddon:sanbyakurokuju_pound_ho: 1083 (init) -> 1287 (map).
[20Sep2026 21:12:31.793] [Render thread/DEBUG] [net.minecraftforge.registries.ForgeRegistry/REGISTRIES]: Registry mineminenomi:abilities: Fixed mineminenomi:abilities id mismatch cartaddon:santoryu_ogi_sanzen_sekai: 1115 (init) -> 1319 (map).
[20Sep2026 21:12:31.793] [Render thread/DEBUG] [net.minecraftforge.registries.ForgeRegistry/REGISTRIES]: Registry mineminenomi:abilities: Fixed mineminenomi:abilities id mismatch cartaddon:sefer_assiah: 895 (init) -> 1099 (map).
[20Sep2026 21:12:31.793] [Render thread/DEBUG] [net.minecraftforge.registries.ForgeRegistry/REGISTRIES]: Registry mineminenomi:abilities: Fixed mineminenomi:abilities id mismatch cartaddon:sefer_atziluth: 893 (init) -> 1097 (map).
[20Sep2026 21:12:31.793] [Render thread/DEBUG] [net.minecraftforge.registries.ForgeRegistry/REGISTRIES]: Registry mineminenomi:abilities: Fixed mineminenomi:abilities id mismatch cartaddon:sefer_briah: 894 (init) -> 1098 (map).
[20Sep2026 21:12:31.793] [Render thread/DEBUG] [net.minecraftforge.registries.ForgeRegistry/REGISTRIES]: Registry mineminenomi:abilities: Fixed mineminenomi:abilities id mismatch cartaddon:sefer_ha_bahir: 891 (init) -> 1095 (map).
[20Sep2026 21:12:31.793] [Render thread/DEBUG] [net.minecraftforge.registries.ForgeRegistry/REGISTRIES]: Registry mineminenomi:abilities: Fixed mineminenomi:abilities id mismatch cartaddon:sefer_ha_zohar: 892 (init) -> 1096 (map).
[20Sep2026 21:12:31.793] [Render thread/DEBUG] [net.minecraftforge.registries.ForgeRegistry/REGISTRIES]: Registry mineminenomi:abilities: Fixed mineminenomi:abilities id mismatch cartaddon:sefer_yetzirah: 896 (init) -> 1100 (map).
[20Sep2026 21:12:31.793] [Render thread/DEBUG] [net.minecraftforge.registries.ForgeRegistry/REGISTRIES]: Registry mineminenomi:abilities: Fixed mineminenomi:abilities id mismatch cartaddon:seiryu_chomp: 675 (init) -> 876 (map).
[20Sep2026 21:12:31.793] [Render thread/DEBUG] [net.minecraftforge.registries.ForgeRegistry/REGISTRIES]: Registry mineminenomi:abilities: Fixed mineminenomi:abilities id mismatch cartaddon:seiryu_flight: 676 (init) -> 877 (map).
[20Sep2026 21:12:31.793] [Render thread/DEBUG] [net.minecraftforge.registries.ForgeRegistry/REGISTRIES]: Registry mineminenomi:abilities: Fixed mineminenomi:abilities id mismatch cartaddon:seiryu_fly_point: 671 (init) -> 872 (map).
[20Sep2026 21:12:31.793] [Render thread/DEBUG] [net.minecraftforge.registries.ForgeRegistry/REGISTRIES]: Registry mineminenomi:abilities: Fixed mineminenomi:abilities id mismatch cartaddon:seiryu_heavy_point: 670 (init) -> 871 (map).
[20Sep2026 21:12:31.793] [Render thread/DEBUG] [net.minecraftforge.registries.ForgeRegistry/REGISTRIES]: Registry mineminenomi:abilities: Fixed mineminenomi:abilities id mismatch cartaddon:seiryu_rideable: 677 (init) -> 878 (map).
[20Sep2026 21:12:31.793] [Render thread/DEBUG] [net.minecraftforge.registries.ForgeRegistry/REGISTRIES]: Registry mineminenomi:abilities: Fixed mineminenomi:abilities id mismatch cartaddon:self_destruct: 971 (init) -> 1175 (map).
[20Sep2026 21:12:31.793] [Render thread/DEBUG] [net.minecraftforge.registries.ForgeRegistry/REGISTRIES]: Registry mineminenomi:abilities: Fixed mineminenomi:abilities id mismatch cartaddon:self_squeeze: 871 (init) -> 1072 (map).
[20Sep2026 21:12:31.793] [Render thread/DEBUG] [net.minecraftforge.registries.ForgeRegistry/REGISTRIES]: Registry mineminenomi:abilities: Fixed mineminenomi:abilities id mismatch cartaddon:senrigan: 814 (init) -> 1015 (map).
[20Sep2026 21:12:31.793] [Render thread/DEBUG] [net.minecraftforge.registries.ForgeRegistry/REGISTRIES]: Registry mineminenomi:abilities: Fixed mineminenomi:abilities id mismatch cartaddon:shade_dance: 903 (init) -> 1107 (map).
[20Sep2026 21:12:31.793] [Render thread/DEBUG] [net.minecraftforge.registries.ForgeRegistry/REGISTRIES]: Registry mineminenomi:abilities: Fixed mineminenomi:abilities id mismatch cartaddon:shadow_stalk: 1130 (init) -> 1334 (map).
[20Sep2026 21:12:31.793] [Render thread/DEBUG] [net.minecraftforge.registries.ForgeRegistry/REGISTRIES]: Registry mineminenomi:abilities: Fixed mineminenomi:abilities id mismatch cartaddon:shi_shi_funjin: 844 (init) -> 1045 (map).
[20Sep2026 21:12:31.793] [Render thread/DEBUG] [net.minecraftforge.registries.ForgeRegistry/REGISTRIES]: Registry mineminenomi:abilities: Fixed mineminenomi:abilities id mismatch cartaddon:shi_shi_odoshi: 841 (init) -> 1042 (map).
[20Sep2026 21:12:31.793] [Render thread/DEBUG] [net.minecraftforge.registries.ForgeRegistry/REGISTRIES]: Registry mineminenomi:abilities: Fixed mineminenomi:abilities id mismatch cartaddon:shi_shi_odoshi_chimaki: 842 (init) -> 1043 (map).
[20Sep2026 21:12:31.793] [Render thread/DEBUG] [net.minecraftforge.registries.ForgeRegistry/REGISTRIES]: Registry mineminenomi:abilities: Fixed mineminenomi:abilities id mismatch cartaddon:shi_shishi_sonson: 1081 (init) -> 1285 (map).
[20Sep2026 21:12:31.793] [Render thread/DEBUG] [net.minecraftforge.registries.ForgeRegistry/REGISTRIES]: Registry mineminenomi:abilities: Fixed mineminenomi:abilities id mismatch cartaddon:shibo_squeeze: 870 (init) -> 1071 (map).
[20Sep2026 21:12:31.793] [Render thread/DEBUG] [net.minecraftforge.registries.ForgeRegistry/REGISTRIES]: Registry mineminenomi:abilities: Fixed mineminenomi:abilities id mismatch cartaddon:shigan: 1044 (init) -> 1248 (map).
[20Sep2026 21:12:31.793] [Render thread/DEBUG] [net.minecraftforge.registries.ForgeRegistry/REGISTRIES]: Registry mineminenomi:abilities: Fixed mineminenomi:abilities id mismatch cartaddon:shingen_no_ichigeki: 1221 (init) -> 1425 (map).
[20Sep2026 21:12:31.793] [Render thread/DEBUG] [net.minecraftforge.registries.ForgeRegistry/REGISTRIES]: Registry mineminenomi:abilities: Fixed mineminenomi:abilities id mismatch cartaddon:shinsoku_hakujaku: 1054 (init) -> 1258 (map).
[20Sep2026 21:12:31.793] [Render thread/DEBUG] [net.minecraftforge.registries.ForgeRegistry/REGISTRIES]: Registry mineminenomi:abilities: Fixed mineminenomi:abilities id mismatch cartaddon:shiro_immunities: 604 (init) -> 805 (map).
[20Sep2026 21:12:31.793] [Render thread/DEBUG] [net.minecraftforge.registries.ForgeRegistry/REGISTRIES]: Registry mineminenomi:abilities: Fixed mineminenomi:abilities id mismatch cartaddon:shiro_passive_bonuses: 603 (init) -> 804 (map).
[20Sep2026 21:12:31.793] [Render thread/DEBUG] [net.minecraftforge.registries.ForgeRegistry/REGISTRIES]: Registry mineminenomi:abilities: Fixed mineminenomi:abilities id mismatch cartaddon:shiro_trample: 605 (init) -> 806 (map).
[20Sep2026 21:12:31.793] [Render thread/DEBUG] [net.minecraftforge.registries.ForgeRegistry/REGISTRIES]: Registry mineminenomi:abilities: Fixed mineminenomi:abilities id mismatch cartaddon:shocking_dash: 978 (init) -> 1182 (map).
[20Sep2026 21:12:31.793] [Render thread/DEBUG] [net.minecraftforge.registries.ForgeRegistry/REGISTRIES]: Registry mineminenomi:abilities: Fixed mineminenomi:abilities id mismatch cartaddon:shocking_strike: 977 (init) -> 1181 (map).
[20Sep2026 21:12:31.793] [Render thread/DEBUG] [net.minecraftforge.registries.ForgeRegistry/REGISTRIES]: Registry mineminenomi:abilities: Fixed mineminenomi:abilities id mismatch cartaddon:shokuro: 685 (init) -> 886 (map).
[20Sep2026 21:12:31.793] [Render thread/DEBUG] [net.minecraftforge.registries.ForgeRegistry/REGISTRIES]: Registry mineminenomi:abilities: Fixed mineminenomi:abilities id mismatch cartaddon:shoryu_kaen_hakke: 674 (init) -> 875 (map).
[20Sep2026 21:12:31.793] [Render thread/DEBUG] [net.minecraftforge.registries.ForgeRegistry/REGISTRIES]: Registry mineminenomi:abilities: Fixed mineminenomi:abilities id mismatch cartaddon:silk_shot: 799 (init) -> 1000 (map).
[20Sep2026 21:12:31.793] [Render thread/DEBUG] [net.minecraftforge.registries.ForgeRegistry/REGISTRIES]: Registry mineminenomi:abilities: Fixed mineminenomi:abilities id mismatch cartaddon:skeedaddle: 1037 (init) -> 1241 (map).
[20Sep2026 21:12:31.793] [Render thread/DEBUG] [net.minecraftforge.registries.ForgeRegistry/REGISTRIES]: Registry mineminenomi:abilities: Fixed mineminenomi:abilities id mismatch cartaddon:skull_basher: 950 (init) -> 1154 (map).
[20Sep2026 21:12:31.793] [Render thread/DEBUG] [net.minecraftforge.registries.ForgeRegistry/REGISTRIES]: Registry mineminenomi:abilities: Fixed mineminenomi:abilities id mismatch cartaddon:sky_folk_passive_bonuses: 997 (init) -> 1201 (map).
[20Sep2026 21:12:31.793] [Render thread/DEBUG] [net.minecraftforge.registries.ForgeRegistry/REGISTRIES]: Registry mineminenomi:abilities: Fixed mineminenomi:abilities id mismatch cartaddon:sky_splitter: 1142 (init) -> 1346 (map).
[20Sep2026 21:12:31.793] [Render thread/DEBUG] [net.minecraftforge.registries.ForgeRegistry/REGISTRIES]: Registry mineminenomi:abilities: Fixed mineminenomi:abilities id mismatch cartaddon:sky_splitter_descent: 1177 (init) -> 1381 (map).
[20Sep2026 21:12:31.793] [Render thread/DEBUG] [net.minecraftforge.registries.ForgeRegistry/REGISTRIES]: Registry mineminenomi:abilities: Fixed mineminenomi:abilities id mismatch cartaddon:skywalk: 1088 (init) -> 1292 (map).
[20Sep2026 21:12:31.793] [Render thread/DEBUG] [net.minecraftforge.registries.ForgeRegistry/REGISTRIES]: Registry mineminenomi:abilities: Fixed mineminenomi:abilities id mismatch cartaddon:smashing_fist: 953 (init) -> 1157 (map).
[20Sep2026 21:12:31.793] [Render thread/DEBUG] [net.minecraftforge.registries.ForgeRegistry/REGISTRIES]: Registry mineminenomi:abilities: Fixed mineminenomi:abilities id mismatch cartaddon:snow_spore: 906 (init) -> 1110 (map).
[20Sep2026 21:12:31.793] [Render thread/DEBUG] [net.minecraftforge.registries.ForgeRegistry/REGISTRIES]: Registry mineminenomi:abilities: Fixed mineminenomi:abilities id mismatch cartaddon:soba_kick: 983 (init) -> 1187 (map).
[20Sep2026 21:12:31.793] [Render thread/DEBUG] [net.minecraftforge.registries.ForgeRegistry/REGISTRIES]: Registry mineminenomi:abilities: Fixed mineminenomi:abilities id mismatch cartaddon:solar_sovereign_supernova: 889 (init) -> 1090 (map).
[20Sep2026 21:12:31.793] [Render thread/DEBUG] [net.minecraftforge.registries.ForgeRegistry/REGISTRIES]: Registry mineminenomi:abilities: Fixed mineminenomi:abilities id mismatch cartaddon:sonic_boom: 617 (init) -> 818 (map).
[20Sep2026 21:12:31.793] [Render thread/DEBUG] [net.minecraftforge.registries.ForgeRegistry/REGISTRIES]: Registry mineminenomi:abilities: Fixed mineminenomi:abilities id mismatch cartaddon:sora_kara_kono: 838 (init) -> 1039 (map).
[20Sep2026 21:12:31.793] [Render thread/DEBUG] [net.minecraftforge.registries.ForgeRegistry/REGISTRIES]: Registry mineminenomi:abilities: Fixed mineminenomi:abilities id mismatch cartaddon:soru: 1041 (init) -> 1245 (map).
[20Sep2026 21:12:31.793] [Render thread/DEBUG] [net.minecraftforge.registries.ForgeRegistry/REGISTRIES]: Registry mineminenomi:abilities: Fixed mineminenomi:abilities id mismatch cartaddon:soshark: 1024 (init) -> 1228 (map).
[20Sep2026 21:12:31.793] [Render thread/DEBUG] [net.minecraftforge.registries.ForgeRegistry/REGISTRIES]: Registry mineminenomi:abilities: Fixed mineminenomi:abilities id mismatch cartaddon:soul_pocus: 874 (init) -> 1075 (map).
[20Sep2026 21:12:31.793] [Render thread/DEBUG] [net.minecraftforge.registries.ForgeRegistry/REGISTRIES]: Registry mineminenomi:abilities: Fixed mineminenomi:abilities id mismatch cartaddon:soul_recovery: 875 (init) -> 1076 (map).
[20Sep2026 21:12:31.793] [Render thread/DEBUG] [net.minecraftforge.registries.ForgeRegistry/REGISTRIES]: Registry mineminenomi:abilities: Fixed mineminenomi:abilities id mismatch cartaddon:southland_suplex: 1010 (init) -> 1214 (map).
[20Sep2026 21:12:31.793] [Render thread/DEBUG] [net.minecraftforge.registries.ForgeRegistry/REGISTRIES]: Registry mineminenomi:abilities: Fixed mineminenomi:abilities id mismatch cartaddon:sparkling_figure: 970 (init) -> 1174 (map).
[20Sep2026 21:12:31.793] [Render thread/DEBUG] [net.minecraftforge.registries.ForgeRegistry/REGISTRIES]: Registry mineminenomi:abilities: Fixed mineminenomi:abilities id mismatch cartaddon:sparkling_grab: 974 (init) -> 1178 (map).
[20Sep2026 21:12:31.793] [Render thread/DEBUG] [net.minecraftforge.registries.ForgeRegistry/REGISTRIES]: Registry mineminenomi:abilities: Fixed mineminenomi:abilities id mismatch cartaddon:sparkling_strike: 972 (init) -> 1176 (map).
[20Sep2026 21:12:31.793] [Render thread/DEBUG] [net.minecraftforge.registries.ForgeRegistry/REGISTRIES]: Registry mineminenomi:abilities: Fixed mineminenomi:abilities id mismatch cartaddon:sparkling_valkyrie: 973 (init) -> 1177 (map).
[20Sep2026 21:12:31.793] [Render thread/DEBUG] [net.minecraftforge.registries.ForgeRegistry/REGISTRIES]: Registry mineminenomi:abilities: Fixed mineminenomi:abilities id mismatch cartaddon:special_homie_cloud: 886 (init) -> 1087 (map).
[20Sep2026 21:12:31.793] [Render thread/DEBUG] [net.minecraftforge.registries.ForgeRegistry/REGISTRIES]: Registry mineminenomi:abilities: Fixed mineminenomi:abilities id mismatch cartaddon:special_homie_sun: 885 (init) -> 1086 (map).
[20Sep2026 21:12:31.793] [Render thread/DEBUG] [net.minecraftforge.registries.ForgeRegistry/REGISTRIES]: Registry mineminenomi:abilities: Fixed mineminenomi:abilities id mismatch cartaddon:special_homie_sword: 887 (init) -> 1088 (map).
[20Sep2026 21:12:31.793] [Render thread/DEBUG] [net.minecraftforge.registries.ForgeRegistry/REGISTRIES]: Registry mineminenomi:abilities: Fixed mineminenomi:abilities id mismatch cartaddon:spider_lily_slice: 1150 (init) -> 1354 (map).
[20Sep2026 21:12:31.793] [Render thread/DEBUG] [net.minecraftforge.registries.ForgeRegistry/REGISTRIES]: Registry mineminenomi:abilities: Fixed mineminenomi:abilities id mismatch cartaddon:spin_drill: 902 (init) -> 1106 (map).
[20Sep2026 21:12:31.793] [Render thread/DEBUG] [net.minecraftforge.registries.ForgeRegistry/REGISTRIES]: Registry mineminenomi:abilities: Fixed mineminenomi:abilities id mismatch cartaddon:spin_stance: 1173 (init) -> 1377 (map).
[20Sep2026 21:12:31.793] [Render thread/DEBUG] [net.minecraftforge.registries.ForgeRegistry/REGISTRIES]: Registry mineminenomi:abilities: Fixed mineminenomi:abilities id mismatch cartaddon:spinning_barrel_shots: 1095 (init) -> 1299 (map).
[20Sep2026 21:12:31.793] [Render thread/DEBUG] [net.minecraftforge.registries.ForgeRegistry/REGISTRIES]: Registry mineminenomi:abilities: Fixed mineminenomi:abilities id mismatch cartaddon:spinning_brawl: 1075 (init) -> 1279 (map).
[20Sep2026 21:12:31.793] [Render thread/DEBUG] [net.minecraftforge.registries.ForgeRegistry/REGISTRIES]: Registry mineminenomi:abilities: Fixed mineminenomi:abilities id mismatch cartaddon:spinosaurus_heavy_point: 807 (init) -> 1008 (map).
[20Sep2026 21:12:31.793] [Render thread/DEBUG] [net.minecraftforge.registries.ForgeRegistry/REGISTRIES]: Registry mineminenomi:abilities: Fixed mineminenomi:abilities id mismatch cartaddon:spinosaurus_rideable: 812 (init) -> 1013 (map).
[20Sep2026 21:12:31.793] [Render thread/DEBUG] [net.minecraftforge.registries.ForgeRegistry/REGISTRIES]: Registry mineminenomi:abilities: Fixed mineminenomi:abilities id mismatch cartaddon:spinosaurus_walk_point: 808 (init) -> 1009 (map).
[20Sep2026 21:12:31.793] [Render thread/DEBUG] [net.minecraftforge.registries.ForgeRegistry/REGISTRIES]: Registry mineminenomi:abilities: Fixed mineminenomi:abilities id mismatch cartaddon:spore_bomb: 908 (init) -> 1112 (map).
[20Sep2026 21:12:31.793] [Render thread/DEBUG] [net.minecraftforge.registries.ForgeRegistry/REGISTRIES]: Registry mineminenomi:abilities: Fixed mineminenomi:abilities id mismatch cartaddon:spore_meter: 909 (init) -> 1113 (map).
[20Sep2026 21:12:31.793] [Render thread/DEBUG] [net.minecraftforge.registries.ForgeRegistry/REGISTRIES]: Registry mineminenomi:abilities: Fixed mineminenomi:abilities id mismatch cartaddon:starstep_groove: 930 (init) -> 1134 (map).
[20Sep2026 21:12:31.793] [Render thread/DEBUG] [net.minecraftforge.registries.ForgeRegistry/REGISTRIES]: Registry mineminenomi:abilities: Fixed mineminenomi:abilities id mismatch cartaddon:stealth_kick: 981 (init) -> 1185 (map).
[20Sep2026 21:12:31.793] [Render thread/DEBUG] [net.minecraftforge.registries.ForgeRegistry/REGISTRIES]: Registry mineminenomi:abilities: Fixed mineminenomi:abilities id mismatch cartaddon:stealth_reflex: 984 (init) -> 1188 (map).
[20Sep2026 21:12:31.793] [Render thread/DEBUG] [net.minecraftforge.registries.ForgeRegistry/REGISTRIES]: Registry mineminenomi:abilities: Fixed mineminenomi:abilities id mismatch cartaddon:stealth_strike: 982 (init) -> 1186 (map).
[20Sep2026 21:12:31.793] [Render thread/DEBUG] [net.minecraftforge.registries.ForgeRegistry/REGISTRIES]: Registry mineminenomi:abilities: Fixed mineminenomi:abilities id mismatch cartaddon:steel_resolve: 1185 (init) -> 1389 (map).
[20Sep2026 21:12:31.793] [Render thread/DEBUG] [net.minecraftforge.registries.ForgeRegistry/REGISTRIES]: Registry mineminenomi:abilities: Fixed mineminenomi:abilities id mismatch cartaddon:sting: 833 (init) -> 1034 (map).
[20Sep2026 21:12:31.793] [Render thread/DEBUG] [net.minecraftforge.registries.ForgeRegistry/REGISTRIES]: Registry mineminenomi:abilities: Fixed mineminenomi:abilities id mismatch cartaddon:stitch_hold: 824 (init) -> 1025 (map).
[20Sep2026 21:12:31.793] [Render thread/DEBUG] [net.minecraftforge.registries.ForgeRegistry/REGISTRIES]: Registry mineminenomi:abilities: Fixed mineminenomi:abilities id mismatch cartaddon:stitch_repair: 822 (init) -> 1023 (map).
[20Sep2026 21:12:31.793] [Render thread/DEBUG] [net.minecraftforge.registries.ForgeRegistry/REGISTRIES]: Registry mineminenomi:abilities: Fixed mineminenomi:abilities id mismatch cartaddon:stitched: 821 (init) -> 1022 (map).
[20Sep2026 21:12:31.793] [Render thread/DEBUG] [net.minecraftforge.registries.ForgeRegistry/REGISTRIES]: Registry mineminenomi:abilities: Fixed mineminenomi:abilities id mismatch cartaddon:stolen_feuer: 884 (init) -> 1085 (map).
[20Sep2026 21:12:31.793] [Render thread/DEBUG] [net.minecraftforge.registries.ForgeRegistry/REGISTRIES]: Registry mineminenomi:abilities: Fixed mineminenomi:abilities id mismatch cartaddon:stomping: 734 (init) -> 935 (map).
[20Sep2026 21:12:31.793] [Render thread/DEBUG] [net.minecraftforge.registries.ForgeRegistry/REGISTRIES]: Registry mineminenomi:abilities: Fixed mineminenomi:abilities id mismatch cartaddon:stone_fist: 828 (init) -> 1029 (map).
[20Sep2026 21:12:31.793] [Render thread/DEBUG] [net.minecraftforge.registries.ForgeRegistry/REGISTRIES]: Registry mineminenomi:abilities: Fixed mineminenomi:abilities id mismatch cartaddon:stone_items: 826 (init) -> 1027 (map).
[20Sep2026 21:12:31.793] [Render thread/DEBUG] [net.minecraftforge.registries.ForgeRegistry/REGISTRIES]: Registry mineminenomi:abilities: Fixed mineminenomi:abilities id mismatch cartaddon:stone_toss: 825 (init) -> 1026 (map).
[20Sep2026 21:12:31.793] [Render thread/DEBUG] [net.minecraftforge.registries.ForgeRegistry/REGISTRIES]: Registry mineminenomi:abilities: Fixed mineminenomi:abilities id mismatch cartaddon:stone_travel: 827 (init) -> 1028 (map).
[20Sep2026 21:12:31.793] [Render thread/DEBUG] [net.minecraftforge.registries.ForgeRegistry/REGISTRIES]: Registry mineminenomi:abilities: Fixed mineminenomi:abilities id mismatch cartaddon:striking_swing: 1049 (init) -> 1253 (map).
[20Sep2026 21:12:31.793] [Render thread/DEBUG] [net.minecraftforge.registries.ForgeRegistry/REGISTRIES]: Registry mineminenomi:abilities: Fixed mineminenomi:abilities id mismatch cartaddon:strong_right: 1011 (init) -> 1215 (map).
[20Sep2026 21:12:31.793] [Render thread/DEBUG] [net.minecraftforge.registries.ForgeRegistry/REGISTRIES]: Registry mineminenomi:abilities: Fixed mineminenomi:abilities id mismatch cartaddon:strongest_gekishin: 1219 (init) -> 1423 (map).
[20Sep2026 21:12:31.794] [Render thread/DEBUG] [net.minecraftforge.registries.ForgeRegistry/REGISTRIES]: Registry mineminenomi:abilities: Fixed mineminenomi:abilities id mismatch cartaddon:strongest_kabutowari: 1223 (init) -> 1427 (map).
[20Sep2026 21:12:31.794] [Render thread/DEBUG] [net.minecraftforge.registries.ForgeRegistry/REGISTRIES]: Registry mineminenomi:abilities: Fixed mineminenomi:abilities id mismatch cartaddon:strongest_shima_yurashi: 1220 (init) -> 1424 (map).
[20Sep2026 21:12:31.795] [Render thread/DEBUG] [net.minecraftforge.registries.ForgeRegistry/REGISTRIES]: Registry mineminenomi:abilities: Fixed mineminenomi:abilities id mismatch cartaddon:sulong: 1003 (init) -> 1207 (map).
[20Sep2026 21:12:31.795] [Render thread/DEBUG] [net.minecraftforge.registries.ForgeRegistry/REGISTRIES]: Registry mineminenomi:abilities: Fixed mineminenomi:abilities id mismatch cartaddon:sulong_check: 1004 (init) -> 1208 (map).
[20Sep2026 21:12:31.795] [Render thread/DEBUG] [net.minecraftforge.registries.ForgeRegistry/REGISTRIES]: Registry mineminenomi:abilities: Fixed mineminenomi:abilities id mismatch cartaddon:suneku_dansu: 717 (init) -> 918 (map).
[20Sep2026 21:12:31.795] [Render thread/DEBUG] [net.minecraftforge.registries.ForgeRegistry/REGISTRIES]: Registry mineminenomi:abilities: Fixed mineminenomi:abilities id mismatch cartaddon:suplex: 1076 (init) -> 1280 (map).
[20Sep2026 21:12:31.795] [Render thread/DEBUG] [net.minecraftforge.registries.ForgeRegistry/REGISTRIES]: Registry mineminenomi:abilities: Fixed mineminenomi:abilities id mismatch cartaddon:supreme_commander_passive_bonuses: 1180 (init) -> 1384 (map).
[20Sep2026 21:12:31.795] [Render thread/DEBUG] [net.minecraftforge.registries.ForgeRegistry/REGISTRIES]: Registry mineminenomi:abilities: Fixed mineminenomi:abilities id mismatch cartaddon:susu_immunities: 690 (init) -> 891 (map).
[20Sep2026 21:12:31.795] [Render thread/DEBUG] [net.minecraftforge.registries.ForgeRegistry/REGISTRIES]: Registry mineminenomi:abilities: Fixed mineminenomi:abilities id mismatch cartaddon:susu_special_fly: 689 (init) -> 890 (map).
[20Sep2026 21:12:31.795] [Render thread/DEBUG] [net.minecraftforge.registries.ForgeRegistry/REGISTRIES]: Registry mineminenomi:abilities: Fixed mineminenomi:abilities id mismatch cartaddon:suzumebachi_flight: 835 (init) -> 1036 (map).
[20Sep2026 21:12:31.795] [Render thread/DEBUG] [net.minecraftforge.registries.ForgeRegistry/REGISTRIES]: Registry mineminenomi:abilities: Fixed mineminenomi:abilities id mismatch cartaddon:suzumebachi_fly_point: 831 (init) -> 1032 (map).
[20Sep2026 21:12:31.795] [Render thread/DEBUG] [net.minecraftforge.registries.ForgeRegistry/REGISTRIES]: Registry mineminenomi:abilities: Fixed mineminenomi:abilities id mismatch cartaddon:suzumebachi_stinger_point: 832 (init) -> 1033 (map).
[20Sep2026 21:12:31.795] [Render thread/DEBUG] [net.minecraftforge.registries.ForgeRegistry/REGISTRIES]: Registry mineminenomi:abilities: Fixed mineminenomi:abilities id mismatch cartaddon:swamp_world: 747 (init) -> 948 (map).
[20Sep2026 21:12:31.795] [Render thread/DEBUG] [net.minecraftforge.registries.ForgeRegistry/REGISTRIES]: Registry mineminenomi:abilities: Fixed mineminenomi:abilities id mismatch cartaddon:swampy_body: 750 (init) -> 951 (map).
[20Sep2026 21:12:31.795] [Render thread/DEBUG] [net.minecraftforge.registries.ForgeRegistry/REGISTRIES]: Registry mineminenomi:abilities: Fixed mineminenomi:abilities id mismatch cartaddon:swampy_slide: 751 (init) -> 952 (map).
[20Sep2026 21:12:31.795] [Render thread/DEBUG] [net.minecraftforge.registries.ForgeRegistry/REGISTRIES]: Registry mineminenomi:abilities: Fixed mineminenomi:abilities id mismatch cartaddon:switch_up: 680 (init) -> 881 (map).
[20Sep2026 21:12:31.795] [Render thread/DEBUG] [net.minecraftforge.registries.ForgeRegistry/REGISTRIES]: Registry mineminenomi:abilities: Fixed mineminenomi:abilities id mismatch cartaddon:tag_along: 678 (init) -> 879 (map).
[20Sep2026 21:12:31.795] [Render thread/DEBUG] [net.minecraftforge.registries.ForgeRegistry/REGISTRIES]: Registry mineminenomi:abilities: Fixed mineminenomi:abilities id mismatch cartaddon:tail_hammer: 1035 (init) -> 1239 (map).
[20Sep2026 21:12:31.795] [Render thread/DEBUG] [net.minecraftforge.registries.ForgeRegistry/REGISTRIES]: Registry mineminenomi:abilities: Fixed mineminenomi:abilities id mismatch cartaddon:tail_whip: 1034 (init) -> 1238 (map).
[20Sep2026 21:12:31.795] [Render thread/DEBUG] [net.minecraftforge.registries.ForgeRegistry/REGISTRIES]: Registry mineminenomi:abilities: Fixed mineminenomi:abilities id mismatch cartaddon:taka_nami: 1062 (init) -> 1266 (map).
[20Sep2026 21:12:31.795] [Render thread/DEBUG] [net.minecraftforge.registries.ForgeRegistry/REGISTRIES]: Registry mineminenomi:abilities: Fixed mineminenomi:abilities id mismatch cartaddon:talon_carry: 695 (init) -> 896 (map).
[20Sep2026 21:12:31.795] [Render thread/DEBUG] [net.minecraftforge.registries.ForgeRegistry/REGISTRIES]: Registry mineminenomi:abilities: Fixed mineminenomi:abilities id mismatch cartaddon:talon_rush: 1068 (init) -> 1272 (map).
[20Sep2026 21:12:31.795] [Render thread/DEBUG] [net.minecraftforge.registries.ForgeRegistry/REGISTRIES]: Registry mineminenomi:abilities: Fixed mineminenomi:abilities id mismatch cartaddon:tamaceratops: 703 (init) -> 904 (map).
[20Sep2026 21:12:31.795] [Render thread/DEBUG] [net.minecraftforge.registries.ForgeRegistry/REGISTRIES]: Registry mineminenomi:abilities: Fixed mineminenomi:abilities id mismatch cartaddon:tashaho: 755 (init) -> 956 (map).
[20Sep2026 21:12:31.795] [Render thread/DEBUG] [net.minecraftforge.registries.ForgeRegistry/REGISTRIES]: Registry mineminenomi:abilities: Fixed mineminenomi:abilities id mismatch cartaddon:tatsumaki: 672 (init) -> 873 (map).
[20Sep2026 21:12:31.795] [Render thread/DEBUG] [net.minecraftforge.registries.ForgeRegistry/REGISTRIES]: Registry mineminenomi:abilities: Fixed mineminenomi:abilities id mismatch cartaddon:tekkai: 1046 (init) -> 1250 (map).
[20Sep2026 21:12:31.795] [Render thread/DEBUG] [net.minecraftforge.registries.ForgeRegistry/REGISTRIES]: Registry mineminenomi:abilities: Fixed mineminenomi:abilities id mismatch cartaddon:tempo_wheel: 1165 (init) -> 1369 (map).
[20Sep2026 21:12:31.795] [Render thread/DEBUG] [net.minecraftforge.registries.ForgeRegistry/REGISTRIES]: Registry mineminenomi:abilities: Fixed mineminenomi:abilities id mismatch cartaddon:tenman_daijizai_tenjin: 882 (init) -> 1083 (map).
[20Sep2026 21:12:31.795] [Render thread/DEBUG] [net.minecraftforge.registries.ForgeRegistry/REGISTRIES]: Registry mineminenomi:abilities: Fixed mineminenomi:abilities id mismatch cartaddon:tenryu_boshi: 1111 (init) -> 1315 (map).
[20Sep2026 21:12:31.795] [Render thread/DEBUG] [net.minecraftforge.registries.ForgeRegistry/REGISTRIES]: Registry mineminenomi:abilities: Fixed mineminenomi:abilities id mismatch cartaddon:tetsu_boshi: 1107 (init) -> 1311 (map).
[20Sep2026 21:12:31.795] [Render thread/DEBUG] [net.minecraftforge.registries.ForgeRegistry/REGISTRIES]: Registry mineminenomi:abilities: Fixed mineminenomi:abilities id mismatch cartaddon:thousand_slices: 1168 (init) -> 1372 (map).
[20Sep2026 21:12:31.795] [Render thread/DEBUG] [net.minecraftforge.registries.ForgeRegistry/REGISTRIES]: Registry mineminenomi:abilities: Fixed mineminenomi:abilities id mismatch cartaddon:three_point_charge: 702 (init) -> 903 (map).
[20Sep2026 21:12:31.795] [Render thread/DEBUG] [net.minecraftforge.registries.ForgeRegistry/REGISTRIES]: Registry mineminenomi:abilities: Fixed mineminenomi:abilities id mismatch cartaddon:thunder_bagua: 1047 (init) -> 1251 (map).
[20Sep2026 21:12:31.795] [Render thread/DEBUG] [net.minecraftforge.registries.ForgeRegistry/REGISTRIES]: Registry mineminenomi:abilities: Fixed mineminenomi:abilities id mismatch cartaddon:thunder_ball: 1163 (init) -> 1367 (map).
[20Sep2026 21:12:31.795] [Render thread/DEBUG] [net.minecraftforge.registries.ForgeRegistry/REGISTRIES]: Registry mineminenomi:abilities: Fixed mineminenomi:abilities id mismatch cartaddon:thunder_shark_tempo: 1159 (init) -> 1363 (map).
[20Sep2026 21:12:31.795] [Render thread/DEBUG] [net.minecraftforge.registries.ForgeRegistry/REGISTRIES]: Registry mineminenomi:abilities: Fixed mineminenomi:abilities id mismatch cartaddon:thunderous_leap: 951 (init) -> 1155 (map).
[20Sep2026 21:12:31.795] [Render thread/DEBUG] [net.minecraftforge.registries.ForgeRegistry/REGISTRIES]: Registry mineminenomi:abilities: Fixed mineminenomi:abilities id mismatch cartaddon:tobizume: 693 (init) -> 894 (map).
[20Sep2026 21:12:31.795] [Render thread/DEBUG] [net.minecraftforge.registries.ForgeRegistry/REGISTRIES]: Registry mineminenomi:abilities: Fixed mineminenomi:abilities id mismatch cartaddon:tontatta_leaping: 1038 (init) -> 1242 (map).
[20Sep2026 21:12:31.795] [Render thread/DEBUG] [net.minecraftforge.registries.ForgeRegistry/REGISTRIES]: Registry mineminenomi:abilities: Fixed mineminenomi:abilities id mismatch cartaddon:tontatta_passive: 1039 (init) -> 1243 (map).
[20Sep2026 21:12:31.795] [Render thread/DEBUG] [net.minecraftforge.registries.ForgeRegistry/REGISTRIES]: Registry mineminenomi:abilities: Fixed mineminenomi:abilities id mismatch cartaddon:tontatta_swing: 1036 (init) -> 1240 (map).
[20Sep2026 21:12:31.795] [Render thread/DEBUG] [net.minecraftforge.registries.ForgeRegistry/REGISTRIES]: Registry mineminenomi:abilities: Fixed mineminenomi:abilities id mismatch cartaddon:toppu_matasaburo: 756 (init) -> 957 (map).
[20Sep2026 21:12:31.795] [Render thread/DEBUG] [net.minecraftforge.registries.ForgeRegistry/REGISTRIES]: Registry mineminenomi:abilities: Fixed mineminenomi:abilities id mismatch cartaddon:tora_gari: 1116 (init) -> 1320 (map).
[20Sep2026 21:12:31.795] [Render thread/DEBUG] [net.minecraftforge.registries.ForgeRegistry/REGISTRIES]: Registry mineminenomi:abilities: Fixed mineminenomi:abilities id mismatch cartaddon:tremor_crush: 1224 (init) -> 1428 (map).
[20Sep2026 21:12:31.795] [Render thread/DEBUG] [net.minecraftforge.registries.ForgeRegistry/REGISTRIES]: Registry mineminenomi:abilities: Fixed mineminenomi:abilities id mismatch cartaddon:triceratops_guard_point: 698 (init) -> 899 (map).
[20Sep2026 21:12:31.795] [Render thread/DEBUG] [net.minecraftforge.registries.ForgeRegistry/REGISTRIES]: Registry mineminenomi:abilities: Fixed mineminenomi:abilities id mismatch cartaddon:triceratops_heavy_point: 699 (init) -> 900 (map).
[20Sep2026 21:12:31.795] [Render thread/DEBUG] [net.minecraftforge.registries.ForgeRegistry/REGISTRIES]: Registry mineminenomi:abilities: Fixed mineminenomi:abilities id mismatch cartaddon:triceratops_rideable: 706 (init) -> 907 (map).
[20Sep2026 21:12:31.795] [Render thread/DEBUG] [net.minecraftforge.registries.ForgeRegistry/REGISTRIES]: Registry mineminenomi:abilities: Fixed mineminenomi:abilities id mismatch cartaddon:triceratops_trample: 705 (init) -> 906 (map).
[20Sep2026 21:12:31.795] [Render thread/DEBUG] [net.minecraftforge.registries.ForgeRegistry/REGISTRIES]: Registry mineminenomi:abilities: Fixed mineminenomi:abilities id mismatch cartaddon:triple_void_shattering_slash: 1207 (init) -> 1411 (map).
[20Sep2026 21:12:31.795] [Render thread/DEBUG] [net.minecraftforge.registries.ForgeRegistry/REGISTRIES]: Registry mineminenomi:abilities: Fixed mineminenomi:abilities id mismatch cartaddon:true_haoshoku_haki: 1238 (init) -> 1442 (map).
[20Sep2026 21:12:31.795] [Render thread/DEBUG] [net.minecraftforge.registries.ForgeRegistry/REGISTRIES]: Registry mineminenomi:abilities: Fixed mineminenomi:abilities id mismatch cartaddon:two_fish_engine: 1023 (init) -> 1227 (map).
[20Sep2026 21:12:31.795] [Render thread/DEBUG] [net.minecraftforge.registries.ForgeRegistry/REGISTRIES]: Registry mineminenomi:abilities: Fixed mineminenomi:abilities id mismatch cartaddon:tyrant_cleave: 1147 (init) -> 1351 (map).
[20Sep2026 21:12:31.795] [Render thread/DEBUG] [net.minecraftforge.registries.ForgeRegistry/REGISTRIES]: Registry mineminenomi:abilities: Fixed mineminenomi:abilities id mismatch cartaddon:uchimizu: 1025 (init) -> 1229 (map).
[20Sep2026 21:12:31.795] [Render thread/DEBUG] [net.minecraftforge.registries.ForgeRegistry/REGISTRIES]: Registry mineminenomi:abilities: Fixed mineminenomi:abilities id mismatch cartaddon:ui_meteor: 780 (init) -> 981 (map).
[20Sep2026 21:12:31.795] [Render thread/DEBUG] [net.minecraftforge.registries.ForgeRegistry/REGISTRIES]: Registry mineminenomi:abilities: Fixed mineminenomi:abilities id mismatch cartaddon:ui_star: 779 (init) -> 980 (map).
[20Sep2026 21:12:31.795] [Render thread/DEBUG] [net.minecraftforge.registries.ForgeRegistry/REGISTRIES]: Registry mineminenomi:abilities: Fixed mineminenomi:abilities id mismatch cartaddon:ui_zugan: 781 (init) -> 982 (map).
[20Sep2026 21:12:31.795] [Render thread/DEBUG] [net.minecraftforge.registries.ForgeRegistry/REGISTRIES]: Registry mineminenomi:abilities: Fixed mineminenomi:abilities id mismatch cartaddon:uma_guard_point: 733 (init) -> 934 (map).
[20Sep2026 21:12:31.795] [Render thread/DEBUG] [net.minecraftforge.registries.ForgeRegistry/REGISTRIES]: Registry mineminenomi:abilities: Fixed mineminenomi:abilities id mismatch cartaddon:uma_pegasus_rideable: 744 (init) -> 945 (map).
[20Sep2026 21:12:31.795] [Render thread/DEBUG] [net.minecraftforge.registries.ForgeRegistry/REGISTRIES]: Registry mineminenomi:abilities: Fixed mineminenomi:abilities id mismatch cartaddon:uma_rideable: 737 (init) -> 938 (map).
[20Sep2026 21:12:31.795] [Render thread/DEBUG] [net.minecraftforge.registries.ForgeRegistry/REGISTRIES]: Registry mineminenomi:abilities: Fixed mineminenomi:abilities id mismatch cartaddon:uma_walk_point: 732 (init) -> 933 (map).
[20Sep2026 21:12:31.795] [Render thread/DEBUG] [net.minecraftforge.registries.ForgeRegistry/REGISTRIES]: Registry mineminenomi:abilities: Fixed mineminenomi:abilities id mismatch cartaddon:uta_flight: 935 (init) -> 1139 (map).
[20Sep2026 21:12:31.795] [Render thread/DEBUG] [net.minecraftforge.registries.ForgeRegistry/REGISTRIES]: Registry mineminenomi:abilities: Fixed mineminenomi:abilities id mismatch cartaddon:vajra_arrow: 1051 (init) -> 1255 (map).
[20Sep2026 21:12:31.795] [Render thread/DEBUG] [net.minecraftforge.registries.ForgeRegistry/REGISTRIES]: Registry mineminenomi:abilities: Fixed mineminenomi:abilities id mismatch cartaddon:vampire_assault_point: 768 (init) -> 969 (map).
[20Sep2026 21:12:31.795] [Render thread/DEBUG] [net.minecraftforge.registries.ForgeRegistry/REGISTRIES]: Registry mineminenomi:abilities: Fixed mineminenomi:abilities id mismatch cartaddon:vampire_flight: 776 (init) -> 977 (map).
[20Sep2026 21:12:31.795] [Render thread/DEBUG] [net.minecraftforge.registries.ForgeRegistry/REGISTRIES]: Registry mineminenomi:abilities: Fixed mineminenomi:abilities id mismatch cartaddon:vampire_fly_point: 769 (init) -> 970 (map).
[20Sep2026 21:12:31.795] [Render thread/DEBUG] [net.minecraftforge.registries.ForgeRegistry/REGISTRIES]: Registry mineminenomi:abilities: Fixed mineminenomi:abilities id mismatch cartaddon:vampire_passive: 775 (init) -> 976 (map).
[20Sep2026 21:12:31.795] [Render thread/DEBUG] [net.minecraftforge.registries.ForgeRegistry/REGISTRIES]: Registry mineminenomi:abilities: Fixed mineminenomi:abilities id mismatch cartaddon:vault: 1175 (init) -> 1379 (map).
[20Sep2026 21:12:31.795] [Render thread/DEBUG] [net.minecraftforge.registries.ForgeRegistry/REGISTRIES]: Registry mineminenomi:abilities: Fixed mineminenomi:abilities id mismatch cartaddon:venom_needle: 1128 (init) -> 1332 (map).
[20Sep2026 21:12:31.795] [Render thread/DEBUG] [net.minecraftforge.registries.ForgeRegistry/REGISTRIES]: Registry mineminenomi:abilities: Fixed mineminenomi:abilities id mismatch cartaddon:venomous_breathe: 859 (init) -> 1060 (map).
[20Sep2026 21:12:31.795] [Render thread/DEBUG] [net.minecraftforge.registries.ForgeRegistry/REGISTRIES]: Registry mineminenomi:abilities: Fixed mineminenomi:abilities id mismatch cartaddon:vicious_roar: 954 (init) -> 1158 (map).
[20Sep2026 21:12:31.795] [Render thread/DEBUG] [net.minecraftforge.registries.ForgeRegistry/REGISTRIES]: Registry mineminenomi:abilities: Fixed mineminenomi:abilities id mismatch cartaddon:void_ascender: 1167 (init) -> 1371 (map).
[20Sep2026 21:12:31.795] [Render thread/DEBUG] [net.minecraftforge.registries.ForgeRegistry/REGISTRIES]: Registry mineminenomi:abilities: Fixed mineminenomi:abilities id mismatch cartaddon:void_shattering_slash: 1170 (init) -> 1374 (map).
[20Sep2026 21:12:31.795] [Render thread/DEBUG] [net.minecraftforge.registries.ForgeRegistry/REGISTRIES]: Registry mineminenomi:abilities: Fixed mineminenomi:abilities id mismatch cartaddon:warp: 679 (init) -> 880 (map).
[20Sep2026 21:12:31.795] [Render thread/DEBUG] [net.minecraftforge.registries.ForgeRegistry/REGISTRIES]: Registry mineminenomi:abilities: Fixed mineminenomi:abilities id mismatch cartaddon:warriors_spirit: 995 (init) -> 1199 (map).
[20Sep2026 21:12:31.795] [Render thread/DEBUG] [net.minecraftforge.registries.ForgeRegistry/REGISTRIES]: Registry mineminenomi:abilities: Fixed mineminenomi:abilities id mismatch cartaddon:weapons_left: 1014 (init) -> 1218 (map).
[20Sep2026 21:12:31.795] [Render thread/DEBUG] [net.minecraftforge.registries.ForgeRegistry/REGISTRIES]: Registry mineminenomi:abilities: Fixed mineminenomi:abilities id mismatch cartaddon:weather_egg: 1164 (init) -> 1368 (map).
[20Sep2026 21:12:31.795] [Render thread/DEBUG] [net.minecraftforge.registries.ForgeRegistry/REGISTRIES]: Registry mineminenomi:abilities: Fixed mineminenomi:abilities id mismatch cartaddon:whirling_fang: 1127 (init) -> 1331 (map).
[20Sep2026 21:12:31.795] [Render thread/DEBUG] [net.minecraftforge.registries.ForgeRegistry/REGISTRIES]: Registry mineminenomi:abilities: Fixed mineminenomi:abilities id mismatch cartaddon:whirling_mace: 1048 (init) -> 1252 (map).
[20Sep2026 21:12:31.795] [Render thread/DEBUG] [net.minecraftforge.registries.ForgeRegistry/REGISTRIES]: Registry mineminenomi:abilities: Fixed mineminenomi:abilities id mismatch cartaddon:whirling_stance: 1204 (init) -> 1408 (map).
[20Sep2026 21:12:31.795] [Render thread/DEBUG] [net.minecraftforge.registries.ForgeRegistry/REGISTRIES]: Registry mineminenomi:abilities: Fixed mineminenomi:abilities id mismatch cartaddon:wide_slash: 1176 (init) -> 1380 (map).
[20Sep2026 21:12:31.795] [Render thread/DEBUG] [net.minecraftforge.registries.ForgeRegistry/REGISTRIES]: Registry mineminenomi:abilities: Fixed mineminenomi:abilities id mismatch cartaddon:wild_fury: 1154 (init) -> 1358 (map).
[20Sep2026 21:12:31.795] [Render thread/DEBUG] [net.minecraftforge.registries.ForgeRegistry/REGISTRIES]: Registry mineminenomi:abilities: Fixed mineminenomi:abilities id mismatch cartaddon:wild_gambit: 1153 (init) -> 1357 (map).
[20Sep2026 21:12:31.795] [Render thread/DEBUG] [net.minecraftforge.registries.ForgeRegistry/REGISTRIES]: Registry mineminenomi:abilities: Fixed mineminenomi:abilities id mismatch cartaddon:will_o_wisp: 723 (init) -> 924 (map).
[20Sep2026 21:12:31.795] [Render thread/DEBUG] [net.minecraftforge.registries.ForgeRegistry/REGISTRIES]: Registry mineminenomi:abilities: Fixed mineminenomi:abilities id mismatch cartaddon:winch_bash: 986 (init) -> 1190 (map).
[20Sep2026 21:12:31.795] [Render thread/DEBUG] [net.minecraftforge.registries.ForgeRegistry/REGISTRIES]: Registry mineminenomi:abilities: Fixed mineminenomi:abilities id mismatch cartaddon:winch_danton: 988 (init) -> 1192 (map).
[20Sep2026 21:12:31.795] [Render thread/DEBUG] [net.minecraftforge.registries.ForgeRegistry/REGISTRIES]: Registry mineminenomi:abilities: Fixed mineminenomi:abilities id mismatch cartaddon:winch_grab: 985 (init) -> 1189 (map).
[20Sep2026 21:12:31.795] [Render thread/DEBUG] [net.minecraftforge.registries.ForgeRegistry/REGISTRIES]: Registry mineminenomi:abilities: Fixed mineminenomi:abilities id mismatch cartaddon:winch_slam: 989 (init) -> 1193 (map).
[20Sep2026 21:12:31.795] [Render thread/DEBUG] [net.minecraftforge.registries.ForgeRegistry/REGISTRIES]: Registry mineminenomi:abilities: Fixed mineminenomi:abilities id mismatch cartaddon:winch_strike: 987 (init) -> 1191 (map).
[20Sep2026 21:12:31.795] [Render thread/DEBUG] [net.minecraftforge.registries.ForgeRegistry/REGISTRIES]: Registry mineminenomi:abilities: Fixed mineminenomi:abilities id mismatch cartaddon:wing_spin: 742 (init) -> 943 (map).
[20Sep2026 21:12:31.795] [Render thread/DEBUG] [net.minecraftforge.registries.ForgeRegistry/REGISTRIES]: Registry mineminenomi:abilities: Fixed mineminenomi:abilities id mismatch cartaddon:winged_burst: 991 (init) -> 1195 (map).
[20Sep2026 21:12:31.795] [Render thread/DEBUG] [net.minecraftforge.registries.ForgeRegistry/REGISTRIES]: Registry mineminenomi:abilities: Fixed mineminenomi:abilities id mismatch cartaddon:wolf_heavy_point: 661 (init) -> 862 (map).
[20Sep2026 21:12:31.795] [Render thread/DEBUG] [net.minecraftforge.registries.ForgeRegistry/REGISTRIES]: Registry mineminenomi:abilities: Fixed mineminenomi:abilities id mismatch cartaddon:wolf_hunt: 663 (init) -> 864 (map).
[20Sep2026 21:12:31.795] [Render thread/DEBUG] [net.minecraftforge.registries.ForgeRegistry/REGISTRIES]: Registry mineminenomi:abilities: Fixed mineminenomi:abilities id mismatch cartaddon:wolf_walk_point: 660 (init) -> 861 (map).
[20Sep2026 21:12:31.795] [Render thread/DEBUG] [net.minecraftforge.registries.ForgeRegistry/REGISTRIES]: Registry mineminenomi:abilities: Fixed mineminenomi:abilities id mismatch cartaddon:world_boss_unconscious_immunities: 1239 (init) -> 1443 (map).
[20Sep2026 21:12:31.795] [Render thread/DEBUG] [net.minecraftforge.registries.ForgeRegistry/REGISTRIES]: Registry mineminenomi:abilities: Fixed mineminenomi:abilities id mismatch cartaddon:world_of_endless_song: 931 (init) -> 1135 (map).
[20Sep2026 21:12:31.795] [Render thread/DEBUG] [net.minecraftforge.registries.ForgeRegistry/REGISTRIES]: Registry mineminenomi:abilities: Fixed mineminenomi:abilities id mismatch cartaddon:yaki_mochi: 649 (init) -> 850 (map).
[20Sep2026 21:12:31.795] [Render thread/DEBUG] [net.minecraftforge.registries.ForgeRegistry/REGISTRIES]: Registry mineminenomi:abilities: Fixed mineminenomi:abilities id mismatch cartaddon:yakkodori: 1082 (init) -> 1286 (map).
[20Sep2026 21:12:31.795] [Render thread/DEBUG] [net.minecraftforge.registries.ForgeRegistry/REGISTRIES]: Registry mineminenomi:abilities: Fixed mineminenomi:abilities id mismatch cartaddon:yamata_snare: 858 (init) -> 1059 (map).
[20Sep2026 21:12:31.795] [Render thread/DEBUG] [net.minecraftforge.registries.ForgeRegistry/REGISTRIES]: Registry mineminenomi:abilities: Fixed mineminenomi:abilities id mismatch cartaddon:yarinami: 1027 (init) -> 1231 (map).
[20Sep2026 21:12:31.795] [Render thread/DEBUG] [net.minecraftforge.registries.ForgeRegistry/REGISTRIES]: Registry mineminenomi:abilities: Fixed mineminenomi:abilities id mismatch cartaddon:yasotakeru: 1149 (init) -> 1353 (map).
[20Sep2026 21:12:31.795] [Render thread/DEBUG] [net.minecraftforge.registries.ForgeRegistry/REGISTRIES]: Registry mineminenomi:abilities: Fixed mineminenomi:abilities id mismatch cartaddon:zan_giri_mochi: 646 (init) -> 847 (map).
[20Sep2026 21:12:31.795] [Render thread/DEBUG] [net.minecraftforge.registries.ForgeRegistry/REGISTRIES]: Registry mineminenomi:abilities: Fixed mineminenomi:abilities id mismatch cartaddon:zombie_bite: 1029 (init) -> 1233 (map).
[20Sep2026 21:12:31.795] [Render thread/DEBUG] [net.minecraftforge.registries.ForgeRegistry/REGISTRIES]: Registry mineminenomi:abilities: Fixed mineminenomi:abilities id mismatch cartaddon:zombie_passive: 1033 (init) -> 1237 (map).
[20Sep2026 21:12:31.795] [Render thread/DEBUG] [net.minecraftforge.registries.ForgeRegistry/REGISTRIES]: Registry mineminenomi:abilities: Fixed mineminenomi:abilities id mismatch cartaddon:zombie_scratch: 1028 (init) -> 1232 (map).
[20Sep2026 21:12:31.795] [Render thread/DEBUG] [net.minecraftforge.registries.ForgeRegistry/REGISTRIES]: Registry mineminenomi:abilities: Fixed mineminenomi:abilities id mismatch kazimod:absolute_pierce: 1376 (init) -> 681 (map).
[20Sep2026 21:12:31.795] [Render thread/DEBUG] [net.minecraftforge.registries.ForgeRegistry/REGISTRIES]: Registry mineminenomi:abilities: Fixed mineminenomi:abilities id mismatch kazimod:age_acceleration: 1360 (init) -> 667 (map).
[20Sep2026 21:12:31.795] [Render thread/DEBUG] [net.minecraftforge.registries.ForgeRegistry/REGISTRIES]: Registry mineminenomi:abilities: Fixed mineminenomi:abilities id mismatch kazimod:antidote_shot: 1352 (init) -> 659 (map).
[20Sep2026 21:12:31.795] [Render thread/DEBUG] [net.minecraftforge.registries.ForgeRegistry/REGISTRIES]: Registry mineminenomi:abilities: Fixed mineminenomi:abilities id mismatch kazimod:antimanner_kick_course: 1451 (init) -> 743 (map).
[20Sep2026 21:12:31.795] [Render thread/DEBUG] [net.minecraftforge.registries.ForgeRegistry/REGISTRIES]: Registry mineminenomi:abilities: Fixed mineminenomi:abilities id mismatch kazimod:barrier_guard: 1431 (init) -> 729 (map).
[20Sep2026 21:12:31.795] [Render thread/DEBUG] [net.minecraftforge.registries.ForgeRegistry/REGISTRIES]: Registry mineminenomi:abilities: Fixed mineminenomi:abilities id mismatch kazimod:berserk: 1291 (init) -> 612 (map).
[20Sep2026 21:12:31.795] [Render thread/DEBUG] [net.minecraftforge.registries.ForgeRegistry/REGISTRIES]: Registry mineminenomi:abilities: Fixed mineminenomi:abilities id mismatch kazimod:black_hole: 1295 (init) -> 616 (map).
[20Sep2026 21:12:31.795] [Render thread/DEBUG] [net.minecraftforge.registries.ForgeRegistry/REGISTRIES]: Registry mineminenomi:abilities: Fixed mineminenomi:abilities id mismatch kazimod:blood_river: 1470 (init) -> 762 (map).
[20Sep2026 21:12:31.795] [Render thread/DEBUG] [net.minecraftforge.registries.ForgeRegistry/REGISTRIES]: Registry mineminenomi:abilities: Fixed mineminenomi:abilities id mismatch kazimod:blood_step: 1473 (init) -> 1093 (map).
[20Sep2026 21:12:31.795] [Render thread/DEBUG] [net.minecraftforge.registries.ForgeRegistry/REGISTRIES]: Registry mineminenomi:abilities: Fixed mineminenomi:abilities id mismatch kazimod:bolo_breath: 1336 (init) -> 1483 (map).
[20Sep2026 21:12:31.795] [Render thread/DEBUG] [net.minecraftforge.registries.ForgeRegistry/REGISTRIES]: Registry mineminenomi:abilities: Fixed mineminenomi:abilities id mismatch kazimod:boot_boost: 1456 (init) -> 748 (map).
[20Sep2026 21:12:31.795] [Render thread/DEBUG] [net.minecraftforge.registries.ForgeRegistry/REGISTRIES]: Registry mineminenomi:abilities: Fixed mineminenomi:abilities id mismatch kazimod:boss_dismantle: 1421 (init) -> 719 (map).
[20Sep2026 21:12:31.795] [Render thread/DEBUG] [net.minecraftforge.registries.ForgeRegistry/REGISTRIES]: Registry mineminenomi:abilities: Fixed mineminenomi:abilities id mismatch kazimod:boss_domain_expansion_malevolent_shrine: 1423 (init) -> 721 (map).
[20Sep2026 21:12:31.795] [Render thread/DEBUG] [net.minecraftforge.registries.ForgeRegistry/REGISTRIES]: Registry mineminenomi:abilities: Fixed mineminenomi:abilities id mismatch kazimod:boss_fuga: 1422 (init) -> 720 (map).
[20Sep2026 21:12:31.795] [Render thread/DEBUG] [net.minecraftforge.registries.ForgeRegistry/REGISTRIES]: Registry mineminenomi:abilities: Fixed mineminenomi:abilities id mismatch kazimod:boss_hollow_purple: 1424 (init) -> 722 (map).
[20Sep2026 21:12:31.795] [Render thread/DEBUG] [net.minecraftforge.registries.ForgeRegistry/REGISTRIES]: Registry mineminenomi:abilities: Fixed mineminenomi:abilities id mismatch kazimod:boss_lapse_blue: 1425 (init) -> 723 (map).
[20Sep2026 21:12:31.795] [Render thread/DEBUG] [net.minecraftforge.registries.ForgeRegistry/REGISTRIES]: Registry mineminenomi:abilities: Fixed mineminenomi:abilities id mismatch kazimod:boss_max_output_lapse_blue: 1426 (init) -> 724 (map).
[20Sep2026 21:12:31.795] [Render thread/DEBUG] [net.minecraftforge.registries.ForgeRegistry/REGISTRIES]: Registry mineminenomi:abilities: Fixed mineminenomi:abilities id mismatch kazimod:boss_red: 1427 (init) -> 725 (map).
[20Sep2026 21:12:31.795] [Render thread/DEBUG] [net.minecraftforge.registries.ForgeRegistry/REGISTRIES]: Registry mineminenomi:abilities: Fixed mineminenomi:abilities id mismatch kazimod:busoshoku_haki_full_body_hardening: 1453 (init) -> 745 (map).
[20Sep2026 21:12:31.795] [Render thread/DEBUG] [net.minecraftforge.registries.ForgeRegistry/REGISTRIES]: Registry mineminenomi:abilities: Fixed mineminenomi:abilities id mismatch kazimod:casino_roll: 1415 (init) -> 716 (map).
[20Sep2026 21:12:31.795] [Render thread/DEBUG] [net.minecraftforge.registries.ForgeRegistry/REGISTRIES]: Registry mineminenomi:abilities: Fixed mineminenomi:abilities id mismatch kazimod:chiyupopo: 1305 (init) -> 626 (map).
[20Sep2026 21:12:31.795] [Render thread/DEBUG] [net.minecraftforge.registries.ForgeRegistry/REGISTRIES]: Registry mineminenomi:abilities: Fixed mineminenomi:abilities id mismatch kazimod:chloro_ball: 1326 (init) -> 1476 (map).
[20Sep2026 21:12:31.795] [Render thread/DEBUG] [net.minecraftforge.registries.ForgeRegistry/REGISTRIES]: Registry mineminenomi:abilities: Fixed mineminenomi:abilities id mismatch kazimod:chronostasis: 1388 (init) -> 689 (map).
[20Sep2026 21:12:31.795] [Render thread/DEBUG] [net.minecraftforge.registries.ForgeRegistry/REGISTRIES]: Registry mineminenomi:abilities: Fixed mineminenomi:abilities id mismatch kazimod:chronostasis_grigora: 1389 (init) -> 690 (map).
[20Sep2026 21:12:31.795] [Render thread/DEBUG] [net.minecraftforge.registries.ForgeRegistry/REGISTRIES]: Registry mineminenomi:abilities: Fixed mineminenomi:abilities id mismatch kazimod:cleave: 1341 (init) -> 648 (map).
[20Sep2026 21:12:31.795] [Render thread/DEBUG] [net.minecraftforge.registries.ForgeRegistry/REGISTRIES]: Registry mineminenomi:abilities: Fixed mineminenomi:abilities id mismatch kazimod:cloudy_day: 1395 (init) -> 696 (map).
[20Sep2026 21:12:31.795] [Render thread/DEBUG] [net.minecraftforge.registries.ForgeRegistry/REGISTRIES]: Registry mineminenomi:abilities: Fixed mineminenomi:abilities id mismatch kazimod:cluster_bomb: 1349 (init) -> 656 (map).
[20Sep2026 21:12:31.795] [Render thread/DEBUG] [net.minecraftforge.registries.ForgeRegistry/REGISTRIES]: Registry mineminenomi:abilities: Fixed mineminenomi:abilities id mismatch kazimod:concasse: 1280 (init) -> 610 (map).
[20Sep2026 21:12:31.795] [Render thread/DEBUG] [net.minecraftforge.registries.ForgeRegistry/REGISTRIES]: Registry mineminenomi:abilities: Fixed mineminenomi:abilities id mismatch kazimod:conqueror_of_three_worlds_ragnaraku: 1287 (init) -> 1450 (map).
[20Sep2026 21:12:31.795] [Render thread/DEBUG] [net.minecraftforge.registries.ForgeRegistry/REGISTRIES]: Registry mineminenomi:abilities: Fixed mineminenomi:abilities id mismatch kazimod:cruel_sun: 1411 (init) -> 712 (map).
[20Sep2026 21:12:31.795] [Render thread/DEBUG] [net.minecraftforge.registries.ForgeRegistry/REGISTRIES]: Registry mineminenomi:abilities: Fixed mineminenomi:abilities id mismatch kazimod:dai_enkai_entei: 1445 (init) -> 1487 (map).
[20Sep2026 21:12:31.795] [Render thread/DEBUG] [net.minecraftforge.registries.ForgeRegistry/REGISTRIES]: Registry mineminenomi:abilities: Fixed mineminenomi:abilities id mismatch kazimod:daibutsu_point: 1412 (init) -> 713 (map).
[20Sep2026 21:12:31.795] [Render thread/DEBUG] [net.minecraftforge.registries.ForgeRegistry/REGISTRIES]: Registry mineminenomi:abilities: Fixed mineminenomi:abilities id mismatch kazimod:damned_punk: 1398 (init) -> 699 (map).
[20Sep2026 21:12:31.795] [Render thread/DEBUG] [net.minecraftforge.registries.ForgeRegistry/REGISTRIES]: Registry mineminenomi:abilities: Fixed mineminenomi:abilities id mismatch kazimod:de_aged: 1358 (init) -> 665 (map).
[20Sep2026 21:12:31.795] [Render thread/DEBUG] [net.minecraftforge.registries.ForgeRegistry/REGISTRIES]: Registry mineminenomi:abilities: Fixed mineminenomi:abilities id mismatch kazimod:deka_deka: 1307 (init) -> 628 (map).
[20Sep2026 21:12:31.795] [Render thread/DEBUG] [net.minecraftforge.registries.ForgeRegistry/REGISTRIES]: Registry mineminenomi:abilities: Fixed mineminenomi:abilities id mismatch kazimod:demon_transformation: 1481 (init) -> 768 (map).
[20Sep2026 21:12:31.795] [Render thread/DEBUG] [net.minecraftforge.registries.ForgeRegistry/REGISTRIES]: Registry mineminenomi:abilities: Fixed mineminenomi:abilities id mismatch kazimod:destroyer_of_death_thunder_bagua: 1288 (init) -> 1451 (map).
[20Sep2026 21:12:31.795] [Render thread/DEBUG] [net.minecraftforge.registries.ForgeRegistry/REGISTRIES]: Registry mineminenomi:abilities: Fixed mineminenomi:abilities id mismatch kazimod:diamond_awaken: 1432 (init) -> 730 (map).
[20Sep2026 21:12:31.795] [Render thread/DEBUG] [net.minecraftforge.registries.ForgeRegistry/REGISTRIES]: Registry mineminenomi:abilities: Fixed mineminenomi:abilities id mismatch kazimod:dismantle: 1302 (init) -> 623 (map).
[20Sep2026 21:12:31.795] [Render thread/DEBUG] [net.minecraftforge.registries.ForgeRegistry/REGISTRIES]: Registry mineminenomi:abilities: Fixed mineminenomi:abilities id mismatch kazimod:divine_departure: 1250 (init) -> 1469 (map).
[20Sep2026 21:12:31.795] [Render thread/DEBUG] [net.minecraftforge.registries.ForgeRegistry/REGISTRIES]: Registry mineminenomi:abilities: Fixed mineminenomi:abilities id mismatch kazimod:divine_slayer: 1479 (init) -> 766 (map).
[20Sep2026 21:12:31.795] [Render thread/DEBUG] [net.minecraftforge.registries.ForgeRegistry/REGISTRIES]: Registry mineminenomi:abilities: Fixed mineminenomi:abilities id mismatch kazimod:doku_fugu: 1327 (init) -> 1477 (map).
[20Sep2026 21:12:31.795] [Render thread/DEBUG] [net.minecraftforge.registries.ForgeRegistry/REGISTRIES]: Registry mineminenomi:abilities: Fixed mineminenomi:abilities id mismatch kazimod:doku_gumo: 1328 (init) -> 1478 (map).
[20Sep2026 21:12:31.795] [Render thread/DEBUG] [net.minecraftforge.registries.ForgeRegistry/REGISTRIES]: Registry mineminenomi:abilities: Fixed mineminenomi:abilities id mismatch kazimod:domain_expansion_infinite_void: 1406 (init) -> 707 (map).
[20Sep2026 21:12:31.795] [Render thread/DEBUG] [net.minecraftforge.registries.ForgeRegistry/REGISTRIES]: Registry mineminenomi:abilities: Fixed mineminenomi:abilities id mismatch kazimod:domain_expansion_malevolent_shrine: 1345 (init) -> 652 (map).
[20Sep2026 21:12:31.795] [Render thread/DEBUG] [net.minecraftforge.registries.ForgeRegistry/REGISTRIES]: Registry mineminenomi:abilities: Fixed mineminenomi:abilities id mismatch kazimod:doping: 1353 (init) -> 660 (map).
[20Sep2026 21:12:31.795] [Render thread/DEBUG] [net.minecraftforge.registries.ForgeRegistry/REGISTRIES]: Registry mineminenomi:abilities: Fixed mineminenomi:abilities id mismatch kazimod:doppelman: 1430 (init) -> 728 (map).
[20Sep2026 21:12:31.795] [Render thread/DEBUG] [net.minecraftforge.registries.ForgeRegistry/REGISTRIES]: Registry mineminenomi:abilities: Fixed mineminenomi:abilities id mismatch kazimod:dragon_whirlwind: 1325 (init) -> 639 (map).
[20Sep2026 21:12:31.795] [Render thread/DEBUG] [net.minecraftforge.registries.ForgeRegistry/REGISTRIES]: Registry mineminenomi:abilities: Fixed mineminenomi:abilities id mismatch kazimod:dreamwave_pulse: 1273 (init) -> 603 (map).
[20Sep2026 21:12:31.795] [Render thread/DEBUG] [net.minecraftforge.registries.ForgeRegistry/REGISTRIES]: Registry mineminenomi:abilities: Fixed mineminenomi:abilities id mismatch kazimod:drill_jab: 1377 (init) -> 682 (map).
[20Sep2026 21:12:31.795] [Render thread/DEBUG] [net.minecraftforge.registries.ForgeRegistry/REGISTRIES]: Registry mineminenomi:abilities: Fixed mineminenomi:abilities id mismatch kazimod:el_thor: 1312 (init) -> 425 (map).
[20Sep2026 21:12:31.795] [Render thread/DEBUG] [net.minecraftforge.registries.ForgeRegistry/REGISTRIES]: Registry mineminenomi:abilities: Fixed mineminenomi:abilities id mismatch kazimod:electrical_burst: 1368 (init) -> 675 (map).
[20Sep2026 21:12:31.796] [Render thread/DEBUG] [net.minecraftforge.registries.ForgeRegistry/REGISTRIES]: Registry mineminenomi:abilities: Fixed mineminenomi:abilities id mismatch kazimod:electrical_missile: 1366 (init) -> 673 (map).
[20Sep2026 21:12:31.796] [Render thread/DEBUG] [net.minecraftforge.registries.ForgeRegistry/REGISTRIES]: Registry mineminenomi:abilities: Fixed mineminenomi:abilities id mismatch kazimod:electrical_shower: 1367 (init) -> 674 (map).
[20Sep2026 21:12:31.796] [Render thread/DEBUG] [net.minecraftforge.registries.ForgeRegistry/REGISTRIES]: Registry mineminenomi:abilities: Fixed mineminenomi:abilities id mismatch kazimod:electrical_tempesta: 1369 (init) -> 676 (map).
[20Sep2026 21:12:31.796] [Render thread/DEBUG] [net.minecraftforge.registries.ForgeRegistry/REGISTRIES]: Registry mineminenomi:abilities: Fixed mineminenomi:abilities id mismatch kazimod:enhancement: 1383 (init) -> 1475 (map).
[20Sep2026 21:12:31.796] [Render thread/DEBUG] [net.minecraftforge.registries.ForgeRegistry/REGISTRIES]: Registry mineminenomi:abilities: Fixed mineminenomi:abilities id mismatch kazimod:exploding_karma: 1278 (init) -> 608 (map).
[20Sep2026 21:12:31.796] [Render thread/DEBUG] [net.minecraftforge.registries.ForgeRegistry/REGISTRIES]: Registry mineminenomi:abilities: Fixed mineminenomi:abilities id mismatch kazimod:explosive_hold: 1350 (init) -> 657 (map).
[20Sep2026 21:12:31.796] [Render thread/DEBUG] [net.minecraftforge.registries.ForgeRegistry/REGISTRIES]: Registry mineminenomi:abilities: Fixed mineminenomi:abilities id mismatch kazimod:explosive_punch: 1338 (init) -> 643 (map).
[20Sep2026 21:12:31.796] [Render thread/DEBUG] [net.minecraftforge.registries.ForgeRegistry/REGISTRIES]: Registry mineminenomi:abilities: Fixed mineminenomi:abilities id mismatch kazimod:extra_hachis: 1281 (init) -> 1445 (map).
[20Sep2026 21:12:31.796] [Render thread/DEBUG] [net.minecraftforge.registries.ForgeRegistry/REGISTRIES]: Registry mineminenomi:abilities: Fixed mineminenomi:abilities id mismatch kazimod:failed_experiment: 1354 (init) -> 661 (map).
[20Sep2026 21:12:31.796] [Render thread/DEBUG] [net.minecraftforge.registries.ForgeRegistry/REGISTRIES]: Registry mineminenomi:abilities: Fixed mineminenomi:abilities id mismatch kazimod:feast: 1409 (init) -> 710 (map).
[20Sep2026 21:12:31.796] [Render thread/DEBUG] [net.minecraftforge.registries.ForgeRegistry/REGISTRIES]: Registry mineminenomi:abilities: Fixed mineminenomi:abilities id mismatch kazimod:first_aid: 1355 (init) -> 662 (map).
[20Sep2026 21:12:31.796] [Render thread/DEBUG] [net.minecraftforge.registries.ForgeRegistry/REGISTRIES]: Registry mineminenomi:abilities: Fixed mineminenomi:abilities id mismatch kazimod:fists_of_love_barrage: 1343 (init) -> 650 (map).
[20Sep2026 21:12:31.796] [Render thread/DEBUG] [net.minecraftforge.registries.ForgeRegistry/REGISTRIES]: Registry mineminenomi:abilities: Fixed mineminenomi:abilities id mismatch kazimod:flame_blessing: 1262 (init) -> 591 (map).
[20Sep2026 21:12:31.796] [Render thread/DEBUG] [net.minecraftforge.registries.ForgeRegistry/REGISTRIES]: Registry mineminenomi:abilities: Fixed mineminenomi:abilities id mismatch kazimod:fox_assault: 1267 (init) -> 597 (map).
[20Sep2026 21:12:31.796] [Render thread/DEBUG] [net.minecraftforge.registries.ForgeRegistry/REGISTRIES]: Registry mineminenomi:abilities: Fixed mineminenomi:abilities id mismatch kazimod:foxfire_ball: 1275 (init) -> 605 (map).
[20Sep2026 21:12:31.796] [Render thread/DEBUG] [net.minecraftforge.registries.ForgeRegistry/REGISTRIES]: Registry mineminenomi:abilities: Fixed mineminenomi:abilities id mismatch kazimod:foxfire_explosion: 1266 (init) -> 596 (map).
[20Sep2026 21:12:31.796] [Render thread/DEBUG] [net.minecraftforge.registries.ForgeRegistry/REGISTRIES]: Registry mineminenomi:abilities: Fixed mineminenomi:abilities id mismatch kazimod:foxfire_style: 1347 (init) -> 654 (map).
[20Sep2026 21:12:31.796] [Render thread/DEBUG] [net.minecraftforge.registries.ForgeRegistry/REGISTRIES]: Registry mineminenomi:abilities: Fixed mineminenomi:abilities id mismatch kazimod:fuga: 1346 (init) -> 653 (map).
[20Sep2026 21:12:31.796] [Render thread/DEBUG] [net.minecraftforge.registries.ForgeRegistry/REGISTRIES]: Registry mineminenomi:abilities: Fixed mineminenomi:abilities id mismatch kazimod:full_counter: 1467 (init) -> 759 (map).
[20Sep2026 21:12:31.796] [Render thread/DEBUG] [net.minecraftforge.registries.ForgeRegistry/REGISTRIES]: Registry mineminenomi:abilities: Fixed mineminenomi:abilities id mismatch kazimod:futenraku: 1292 (init) -> 613 (map).
[20Sep2026 21:12:31.796] [Render thread/DEBUG] [net.minecraftforge.registries.ForgeRegistry/REGISTRIES]: Registry mineminenomi:abilities: Fixed mineminenomi:abilities id mismatch kazimod:future_of_freedom: 1359 (init) -> 666 (map).
[20Sep2026 21:12:31.796] [Render thread/DEBUG] [net.minecraftforge.registries.ForgeRegistry/REGISTRIES]: Registry mineminenomi:abilities: Fixed mineminenomi:abilities id mismatch kazimod:galaxy_impact: 1344 (init) -> 651 (map).
[20Sep2026 21:12:31.796] [Render thread/DEBUG] [net.minecraftforge.registries.ForgeRegistry/REGISTRIES]: Registry mineminenomi:abilities: Fixed mineminenomi:abilities id mismatch kazimod:gale_storm: 1397 (init) -> 698 (map).
[20Sep2026 21:12:31.796] [Render thread/DEBUG] [net.minecraftforge.registries.ForgeRegistry/REGISTRIES]: Registry mineminenomi:abilities: Fixed mineminenomi:abilities id mismatch kazimod:gastille: 1340 (init) -> 645 (map).
[20Sep2026 21:12:31.796] [Render thread/DEBUG] [net.minecraftforge.registries.ForgeRegistry/REGISTRIES]: Registry mineminenomi:abilities: Fixed mineminenomi:abilities id mismatch kazimod:gear_fifth: 1308 (init) -> 629 (map).
[20Sep2026 21:12:31.796] [Render thread/DEBUG] [net.minecraftforge.registries.ForgeRegistry/REGISTRIES]: Registry mineminenomi:abilities: Fixed mineminenomi:abilities id mismatch kazimod:gear_second: 1429 (init) -> 727 (map).
[20Sep2026 21:12:31.796] [Render thread/DEBUG] [net.minecraftforge.registries.ForgeRegistry/REGISTRIES]: Registry mineminenomi:abilities: Fixed mineminenomi:abilities id mismatch kazimod:genocide_raid: 1399 (init) -> 700 (map).
[20Sep2026 21:12:31.796] [Render thread/DEBUG] [net.minecraftforge.registries.ForgeRegistry/REGISTRIES]: Registry mineminenomi:abilities: Fixed mineminenomi:abilities id mismatch kazimod:giant_future: 1361 (init) -> 668 (map).
[20Sep2026 21:12:31.796] [Render thread/DEBUG] [net.minecraftforge.registries.ForgeRegistry/REGISTRIES]: Registry mineminenomi:abilities: Fixed mineminenomi:abilities id mismatch kazimod:giant_punch: 1362 (init) -> 669 (map).
[20Sep2026 21:12:31.796] [Render thread/DEBUG] [net.minecraftforge.registries.ForgeRegistry/REGISTRIES]: Registry mineminenomi:abilities: Fixed mineminenomi:abilities id mismatch kazimod:god_thread: 1296 (init) -> 617 (map).
[20Sep2026 21:12:31.796] [Render thread/DEBUG] [net.minecraftforge.registries.ForgeRegistry/REGISTRIES]: Registry mineminenomi:abilities: Fixed mineminenomi:abilities id mismatch kazimod:gokei: 1464 (init) -> 756 (map).
[20Sep2026 21:12:31.796] [Render thread/DEBUG] [net.minecraftforge.registries.ForgeRegistry/REGISTRIES]: Registry mineminenomi:abilities: Fixed mineminenomi:abilities id mismatch kazimod:gokuro: 1241 (init) -> 1460 (map).
[20Sep2026 21:12:31.796] [Render thread/DEBUG] [net.minecraftforge.registries.ForgeRegistry/REGISTRIES]: Registry mineminenomi:abilities: Fixed mineminenomi:abilities id mismatch kazimod:golden_hour: 1256 (init) -> 585 (map).
[20Sep2026 21:12:31.796] [Render thread/DEBUG] [net.minecraftforge.registries.ForgeRegistry/REGISTRIES]: Registry mineminenomi:abilities: Fixed mineminenomi:abilities id mismatch kazimod:gomu_gomu_no_bazooka: 1298 (init) -> 619 (map).
[20Sep2026 21:12:31.796] [Render thread/DEBUG] [net.minecraftforge.registries.ForgeRegistry/REGISTRIES]: Registry mineminenomi:abilities: Fixed mineminenomi:abilities id mismatch kazimod:gomu_gomu_no_dawn_whip: 1310 (init) -> 631 (map).
[20Sep2026 21:12:31.796] [Render thread/DEBUG] [net.minecraftforge.registries.ForgeRegistry/REGISTRIES]: Registry mineminenomi:abilities: Fixed mineminenomi:abilities id mismatch kazimod:gomu_gomu_no_gatling: 1299 (init) -> 620 (map).
[20Sep2026 21:12:31.796] [Render thread/DEBUG] [net.minecraftforge.registries.ForgeRegistry/REGISTRIES]: Registry mineminenomi:abilities: Fixed mineminenomi:abilities id mismatch kazimod:gomu_gomu_no_gigant: 1309 (init) -> 630 (map).
[20Sep2026 21:12:31.796] [Render thread/DEBUG] [net.minecraftforge.registries.ForgeRegistry/REGISTRIES]: Registry mineminenomi:abilities: Fixed mineminenomi:abilities id mismatch kazimod:gomu_gomu_no_kaminari: 1311 (init) -> 632 (map).
[20Sep2026 21:12:31.796] [Render thread/DEBUG] [net.minecraftforge.registries.ForgeRegistry/REGISTRIES]: Registry mineminenomi:abilities: Fixed mineminenomi:abilities id mismatch kazimod:gomu_gomu_no_pistol: 1301 (init) -> 622 (map).
[20Sep2026 21:12:31.797] [Render thread/DEBUG] [net.minecraftforge.registries.ForgeRegistry/REGISTRIES]: Registry mineminenomi:abilities: Fixed mineminenomi:abilities id mismatch kazimod:gomu_gomu_no_red_roc: 1297 (init) -> 618 (map).
[20Sep2026 21:12:31.797] [Render thread/DEBUG] [net.minecraftforge.registries.ForgeRegistry/REGISTRIES]: Registry mineminenomi:abilities: Fixed mineminenomi:abilities id mismatch kazimod:gomu_gomu_no_rocket: 1300 (init) -> 621 (map).
[20Sep2026 21:12:31.797] [Render thread/DEBUG] [net.minecraftforge.registries.ForgeRegistry/REGISTRIES]: Registry mineminenomi:abilities: Fixed mineminenomi:abilities id mismatch kazimod:hado_90_kurohitsugi: 1488 (init) -> 775 (map).
[20Sep2026 21:12:31.797] [Render thread/DEBUG] [net.minecraftforge.registries.ForgeRegistry/REGISTRIES]: Registry mineminenomi:abilities: Fixed mineminenomi:abilities id mismatch kazimod:hado_99_goryutenmetsu: 1489 (init) -> 776 (map).
[20Sep2026 21:12:31.797] [Render thread/DEBUG] [net.minecraftforge.registries.ForgeRegistry/REGISTRIES]: Registry mineminenomi:abilities: Fixed mineminenomi:abilities id mismatch kazimod:haki_sense: 1455 (init) -> 747 (map).
[20Sep2026 21:12:31.797] [Render thread/DEBUG] [net.minecraftforge.registries.ForgeRegistry/REGISTRIES]: Registry mineminenomi:abilities: Fixed mineminenomi:abilities id mismatch kazimod:hellblaze: 1477 (init) -> 764 (map).
[20Sep2026 21:12:31.797] [Render thread/DEBUG] [net.minecraftforge.registries.ForgeRegistry/REGISTRIES]: Registry mineminenomi:abilities: Fixed mineminenomi:abilities id mismatch kazimod:hellfire_bird: 1373 (init) -> 677 (map).
[20Sep2026 21:12:31.797] [Render thread/DEBUG] [net.minecraftforge.registries.ForgeRegistry/REGISTRIES]: Registry mineminenomi:abilities: Fixed mineminenomi:abilities id mismatch kazimod:hibashira: 1444 (init) -> 1474 (map).
[20Sep2026 21:12:31.797] [Render thread/DEBUG] [net.minecraftforge.registries.ForgeRegistry/REGISTRIES]: Registry mineminenomi:abilities: Fixed mineminenomi:abilities id mismatch kazimod:hijonna_kukuu: 1242 (init) -> 1461 (map).
[20Sep2026 21:12:31.797] [Render thread/DEBUG] [net.minecraftforge.registries.ForgeRegistry/REGISTRIES]: Registry mineminenomi:abilities: Fixed mineminenomi:abilities id mismatch kazimod:hiryu_kaen: 1251 (init) -> 580 (map).
[20Sep2026 21:12:31.797] [Render thread/DEBUG] [net.minecraftforge.registries.ForgeRegistry/REGISTRIES]: Registry mineminenomi:abilities: Fixed mineminenomi:abilities id mismatch kazimod:hollow_purple: 1404 (init) -> 705 (map).
[20Sep2026 21:12:31.797] [Render thread/DEBUG] [net.minecraftforge.registries.ForgeRegistry/REGISTRIES]: Registry mineminenomi:abilities: Fixed mineminenomi:abilities id mismatch kazimod:hydra: 1329 (init) -> 1479 (map).
[20Sep2026 21:12:31.797] [Render thread/DEBUG] [net.minecraftforge.registries.ForgeRegistry/REGISTRIES]: Registry mineminenomi:abilities: Fixed mineminenomi:abilities id mismatch kazimod:ice_age: 1443 (init) -> 741 (map).
[20Sep2026 21:12:31.797] [Render thread/DEBUG] [net.minecraftforge.registries.ForgeRegistry/REGISTRIES]: Registry mineminenomi:abilities: Fixed mineminenomi:abilities id mismatch kazimod:illusion_clone_barrage: 1490 (init) -> 777 (map).
[20Sep2026 21:12:31.798] [Render thread/DEBUG] [net.minecraftforge.registries.ForgeRegistry/REGISTRIES]: Registry mineminenomi:abilities: Fixed mineminenomi:abilities id mismatch kazimod:illusion_counter: 1492 (init) -> 779 (map).
[20Sep2026 21:12:31.798] [Render thread/DEBUG] [net.minecraftforge.registries.ForgeRegistry/REGISTRIES]: Registry mineminenomi:abilities: Fixed mineminenomi:abilities id mismatch kazimod:imperial_flame_ring_commandment: 1263 (init) -> 592 (map).
[20Sep2026 21:12:31.798] [Render thread/DEBUG] [net.minecraftforge.registries.ForgeRegistry/REGISTRIES]: Registry mineminenomi:abilities: Fixed mineminenomi:abilities id mismatch kazimod:infernal_column: 1374 (init) -> 679 (map).
[20Sep2026 21:12:31.798] [Render thread/DEBUG] [net.minecraftforge.registries.ForgeRegistry/REGISTRIES]: Registry mineminenomi:abilities: Fixed mineminenomi:abilities id mismatch kazimod:infinity: 1405 (init) -> 706 (map).
[20Sep2026 21:12:31.798] [Render thread/DEBUG] [net.minecraftforge.registries.ForgeRegistry/REGISTRIES]: Registry mineminenomi:abilities: Fixed mineminenomi:abilities id mismatch kazimod:inga_zarashi: 1276 (init) -> 606 (map).
[20Sep2026 21:12:31.798] [Render thread/DEBUG] [net.minecraftforge.registries.ForgeRegistry/REGISTRIES]: Registry mineminenomi:abilities: Fixed mineminenomi:abilities id mismatch kazimod:invisible_execution: 1491 (init) -> 778 (map).
[20Sep2026 21:12:31.798] [Render thread/DEBUG] [net.minecraftforge.registries.ForgeRegistry/REGISTRIES]: Registry mineminenomi:abilities: Fixed mineminenomi:abilities id mismatch kazimod:item_kaiten: 1257 (init) -> 1792 (map).
[20Sep2026 21:12:31.798] [Render thread/DEBUG] [net.minecraftforge.registries.ForgeRegistry/REGISTRIES]: Registry mineminenomi:abilities: Fixed mineminenomi:abilities id mismatch kazimod:jishin_ho: 1450 (init) -> 742 (map).
[20Sep2026 21:12:31.798] [Render thread/DEBUG] [net.minecraftforge.registries.ForgeRegistry/REGISTRIES]: Registry mineminenomi:abilities: Fixed mineminenomi:abilities id mismatch kazimod:kame_guard_point: 1446 (init) -> 1488 (map).
[20Sep2026 21:12:31.798] [Render thread/DEBUG] [net.minecraftforge.registries.ForgeRegistry/REGISTRIES]: Registry mineminenomi:abilities: Fixed mineminenomi:abilities id mismatch kazimod:kami_chigiri: 1478 (init) -> 765 (map).
[20Sep2026 21:12:31.798] [Render thread/DEBUG] [net.minecraftforge.registries.ForgeRegistry/REGISTRIES]: Registry mineminenomi:abilities: Fixed mineminenomi:abilities id mismatch kazimod:kamie: 1440 (init) -> 738 (map).
[20Sep2026 21:12:31.798] [Render thread/DEBUG] [net.minecraftforge.registries.ForgeRegistry/REGISTRIES]: Registry mineminenomi:abilities: Fixed mineminenomi:abilities id mismatch kazimod:kanshou_and_bakuya: 1384 (init) -> 1473 (map).
[20Sep2026 21:12:31.798] [Render thread/DEBUG] [net.minecraftforge.registries.ForgeRegistry/REGISTRIES]: Registry mineminenomi:abilities: Fixed mineminenomi:abilities id mismatch kazimod:kanzen_saimin: 1487 (init) -> 774 (map).
[20Sep2026 21:12:31.798] [Render thread/DEBUG] [net.minecraftforge.registries.ForgeRegistry/REGISTRIES]: Registry mineminenomi:abilities: Fixed mineminenomi:abilities id mismatch kazimod:karakuni: 1271 (init) -> 601 (map).
[20Sep2026 21:12:31.798] [Render thread/DEBUG] [net.minecraftforge.registries.ForgeRegistry/REGISTRIES]: Registry mineminenomi:abilities: Fixed mineminenomi:abilities id mismatch kazimod:karasusu: 1243 (init) -> 1462 (map).
[20Sep2026 21:12:31.798] [Render thread/DEBUG] [net.minecraftforge.registries.ForgeRegistry/REGISTRIES]: Registry mineminenomi:abilities: Fixed mineminenomi:abilities id mismatch kazimod:kari: 1314 (init) -> 595 (map).
[20Sep2026 21:12:31.798] [Render thread/DEBUG] [net.minecraftforge.registries.ForgeRegistry/REGISTRIES]: Registry mineminenomi:abilities: Fixed mineminenomi:abilities id mismatch kazimod:kenbunshoku_haki_future_sight: 1454 (init) -> 746 (map).
[20Sep2026 21:12:31.798] [Render thread/DEBUG] [net.minecraftforge.registries.ForgeRegistry/REGISTRIES]: Registry mineminenomi:abilities: Fixed mineminenomi:abilities id mismatch kazimod:kick_bomb: 1339 (init) -> 644 (map).
[20Sep2026 21:12:31.798] [Render thread/DEBUG] [net.minecraftforge.registries.ForgeRegistry/REGISTRIES]: Registry mineminenomi:abilities: Fixed mineminenomi:abilities id mismatch kazimod:kirin_heavy_point: 1272 (init) -> 602 (map).
[20Sep2026 21:12:31.798] [Render thread/DEBUG] [net.minecraftforge.registries.ForgeRegistry/REGISTRIES]: Registry mineminenomi:abilities: Fixed mineminenomi:abilities id mismatch kazimod:kitsune_walk_point: 1321 (init) -> 635 (map).
[20Sep2026 21:12:31.798] [Render thread/DEBUG] [net.minecraftforge.registries.ForgeRegistry/REGISTRIES]: Registry mineminenomi:abilities: Fixed mineminenomi:abilities id mismatch kazimod:kroom: 1433 (init) -> 731 (map).
[20Sep2026 21:12:31.798] [Render thread/DEBUG] [net.minecraftforge.registries.ForgeRegistry/REGISTRIES]: Registry mineminenomi:abilities: Fixed mineminenomi:abilities id mismatch kazimod:kuchu_kirimomi_dai_circus: 1452 (init) -> 744 (map).
[20Sep2026 21:12:31.798] [Render thread/DEBUG] [net.minecraftforge.registries.ForgeRegistry/REGISTRIES]: Registry mineminenomi:abilities: Fixed mineminenomi:abilities id mismatch kazimod:kundali_dragon_swarm: 1283 (init) -> 1446 (map).
[20Sep2026 21:12:31.798] [Render thread/DEBUG] [net.minecraftforge.registries.ForgeRegistry/REGISTRIES]: Registry mineminenomi:abilities: Fixed mineminenomi:abilities id mismatch kazimod:kuri_mochi: 1371 (init) -> 1471 (map).
[20Sep2026 21:12:31.798] [Render thread/DEBUG] [net.minecraftforge.registries.ForgeRegistry/REGISTRIES]: Registry mineminenomi:abilities: Fixed mineminenomi:abilities id mismatch kazimod:lapse_blue: 1402 (init) -> 703 (map).
[20Sep2026 21:12:31.798] [Render thread/DEBUG] [net.minecraftforge.registries.ForgeRegistry/REGISTRIES]: Registry mineminenomi:abilities: Fixed mineminenomi:abilities id mismatch kazimod:lightning_jab: 1394 (init) -> 695 (map).
[20Sep2026 21:12:31.798] [Render thread/DEBUG] [net.minecraftforge.registries.ForgeRegistry/REGISTRIES]: Registry mineminenomi:abilities: Fixed mineminenomi:abilities id mismatch kazimod:logia_awakening: 1458 (init) -> 750 (map).
[20Sep2026 21:12:31.798] [Render thread/DEBUG] [net.minecraftforge.registries.ForgeRegistry/REGISTRIES]: Registry mineminenomi:abilities: Fixed mineminenomi:abilities id mismatch kazimod:logia_invulnerability_susu: 1249 (init) -> 1468 (map).
[20Sep2026 21:12:31.798] [Render thread/DEBUG] [net.minecraftforge.registries.ForgeRegistry/REGISTRIES]: Registry mineminenomi:abilities: Fixed mineminenomi:abilities id mismatch kazimod:lucky_slot: 1413 (init) -> 714 (map).
[20Sep2026 21:12:31.798] [Render thread/DEBUG] [net.minecraftforge.registries.ForgeRegistry/REGISTRIES]: Registry mineminenomi:abilities: Fixed mineminenomi:abilities id mismatch kazimod:max_acceleration: 1438 (init) -> 736 (map).
[20Sep2026 21:12:31.798] [Render thread/DEBUG] [net.minecraftforge.registries.ForgeRegistry/REGISTRIES]: Registry mineminenomi:abilities: Fixed mineminenomi:abilities id mismatch kazimod:maximum_output_lapse_blue: 1403 (init) -> 704 (map).
[20Sep2026 21:12:31.798] [Render thread/DEBUG] [net.minecraftforge.registries.ForgeRegistry/REGISTRIES]: Registry mineminenomi:abilities: Fixed mineminenomi:abilities id mismatch kazimod:medic_bag_explosion: 1356 (init) -> 663 (map).
[20Sep2026 21:12:31.798] [Render thread/DEBUG] [net.minecraftforge.registries.ForgeRegistry/REGISTRIES]: Registry mineminenomi:abilities: Fixed mineminenomi:abilities id mismatch kazimod:mini_hollow: 1363 (init) -> 670 (map).
[20Sep2026 21:12:31.798] [Render thread/DEBUG] [net.minecraftforge.registries.ForgeRegistry/REGISTRIES]: Registry mineminenomi:abilities: Fixed mineminenomi:abilities id mismatch kazimod:mochi_ginchaku: 1372 (init) -> 1472 (map).
[20Sep2026 21:12:31.798] [Render thread/DEBUG] [net.minecraftforge.registries.ForgeRegistry/REGISTRIES]: Registry mineminenomi:abilities: Fixed mineminenomi:abilities id mismatch kazimod:mountain_eater: 1258 (init) -> 586 (map).
[20Sep2026 21:12:31.798] [Render thread/DEBUG] [net.minecraftforge.registries.ForgeRegistry/REGISTRIES]: Registry mineminenomi:abilities: Fixed mineminenomi:abilities id mismatch kazimod:negative_hollow: 1364 (init) -> 671 (map).
[20Sep2026 21:12:31.798] [Render thread/DEBUG] [net.minecraftforge.registries.ForgeRegistry/REGISTRIES]: Registry mineminenomi:abilities: Fixed mineminenomi:abilities id mismatch kazimod:nitoryu_iai_rashomon: 1255 (init) -> 584 (map).
[20Sep2026 21:12:31.798] [Render thread/DEBUG] [net.minecraftforge.registries.ForgeRegistry/REGISTRIES]: Registry mineminenomi:abilities: Fixed mineminenomi:abilities id mismatch kazimod:noro_noro_beam: 1303 (init) -> 624 (map).
[20Sep2026 21:12:31.799] [Render thread/DEBUG] [net.minecraftforge.registries.ForgeRegistry/REGISTRIES]: Registry mineminenomi:abilities: Fixed mineminenomi:abilities id mismatch kazimod:noro_noro_beam_sword: 1304 (init) -> 625 (map).
[20Sep2026 21:12:31.799] [Render thread/DEBUG] [net.minecraftforge.registries.ForgeRegistry/REGISTRIES]: Registry mineminenomi:abilities: Fixed mineminenomi:abilities id mismatch kazimod:o_tatsumaki: 1319 (init) -> 633 (map).
[20Sep2026 21:12:31.799] [Render thread/DEBUG] [net.minecraftforge.registries.ForgeRegistry/REGISTRIES]: Registry mineminenomi:abilities: Fixed mineminenomi:abilities id mismatch kazimod:obelisusu: 1244 (init) -> 1463 (map).
[20Sep2026 21:12:31.799] [Render thread/DEBUG] [net.minecraftforge.registries.ForgeRegistry/REGISTRIES]: Registry mineminenomi:abilities: Fixed mineminenomi:abilities id mismatch kazimod:pad_ho: 1333 (init) -> 641 (map).
[20Sep2026 21:12:31.799] [Render thread/DEBUG] [net.minecraftforge.registries.ForgeRegistry/REGISTRIES]: Registry mineminenomi:abilities: Fixed mineminenomi:abilities id mismatch kazimod:pain_repel: 1335 (init) -> 1482 (map).
[20Sep2026 21:12:31.799] [Render thread/DEBUG] [net.minecraftforge.registries.ForgeRegistry/REGISTRIES]: Registry mineminenomi:abilities: Fixed mineminenomi:abilities id mismatch kazimod:paramecia_awakening: 1457 (init) -> 749 (map).
[20Sep2026 21:12:31.799] [Render thread/DEBUG] [net.minecraftforge.registries.ForgeRegistry/REGISTRIES]: Registry mineminenomi:abilities: Fixed mineminenomi:abilities id mismatch kazimod:partytable_kick_course: 1279 (init) -> 609 (map).
[20Sep2026 21:12:31.799] [Render thread/DEBUG] [net.minecraftforge.registries.ForgeRegistry/REGISTRIES]: Registry mineminenomi:abilities: Fixed mineminenomi:abilities id mismatch kazimod:phantom_cloak: 1474 (init) -> 1094 (map).
[20Sep2026 21:12:31.799] [Render thread/DEBUG] [net.minecraftforge.registries.ForgeRegistry/REGISTRIES]: Registry mineminenomi:abilities: Fixed mineminenomi:abilities id mismatch kazimod:phantom_veil: 1475 (init) -> 1454 (map).
[20Sep2026 21:12:31.799] [Render thread/DEBUG] [net.minecraftforge.registries.ForgeRegistry/REGISTRIES]: Registry mineminenomi:abilities: Fixed mineminenomi:abilities id mismatch kazimod:phoenix_dive: 1375 (init) -> 680 (map).
[20Sep2026 21:12:31.799] [Render thread/DEBUG] [net.minecraftforge.registries.ForgeRegistry/REGISTRIES]: Registry mineminenomi:abilities: Fixed mineminenomi:abilities id mismatch kazimod:poison_immunity: 1332 (init) -> 1481 (map).
[20Sep2026 21:12:31.799] [Render thread/DEBUG] [net.minecraftforge.registries.ForgeRegistry/REGISTRIES]: Registry mineminenomi:abilities: Fixed mineminenomi:abilities id mismatch kazimod:predators_throw: 1293 (init) -> 614 (map).
[20Sep2026 21:12:31.799] [Render thread/DEBUG] [net.minecraftforge.registries.ForgeRegistry/REGISTRIES]: Registry mineminenomi:abilities: Fixed mineminenomi:abilities id mismatch kazimod:projection: 1382 (init) -> 647 (map).
[20Sep2026 21:12:31.799] [Render thread/DEBUG] [net.minecraftforge.registries.ForgeRegistry/REGISTRIES]: Registry mineminenomi:abilities: Fixed mineminenomi:abilities id mismatch kazimod:propelling_blasts: 1348 (init) -> 655 (map).
[20Sep2026 21:12:31.799] [Render thread/DEBUG] [net.minecraftforge.registries.ForgeRegistry/REGISTRIES]: Registry mineminenomi:abilities: Fixed mineminenomi:abilities id mismatch kazimod:puncture_wille: 1436 (init) -> 734 (map).
[20Sep2026 21:12:31.799] [Render thread/DEBUG] [net.minecraftforge.registries.ForgeRegistry/REGISTRIES]: Registry mineminenomi:abilities: Fixed mineminenomi:abilities id mismatch kazimod:punk_cross: 1400 (init) -> 701 (map).
[20Sep2026 21:12:31.799] [Render thread/DEBUG] [net.minecraftforge.registries.ForgeRegistry/REGISTRIES]: Registry mineminenomi:abilities: Fixed mineminenomi:abilities id mismatch kazimod:radiant_slice: 1259 (init) -> 587 (map).
[20Sep2026 21:12:31.799] [Render thread/DEBUG] [net.minecraftforge.registries.ForgeRegistry/REGISTRIES]: Registry mineminenomi:abilities: Fixed mineminenomi:abilities id mismatch kazimod:radio_knife: 1439 (init) -> 737 (map).
[20Sep2026 21:12:31.799] [Render thread/DEBUG] [net.minecraftforge.registries.ForgeRegistry/REGISTRIES]: Registry mineminenomi:abilities: Fixed mineminenomi:abilities id mismatch kazimod:rage_rush: 1277 (init) -> 607 (map).
[20Sep2026 21:12:31.799] [Render thread/DEBUG] [net.minecraftforge.registries.ForgeRegistry/REGISTRIES]: Registry mineminenomi:abilities: Fixed mineminenomi:abilities id mismatch kazimod:raigo: 1316 (init) -> 1456 (map).
[20Sep2026 21:12:31.799] [Render thread/DEBUG] [net.minecraftforge.registries.ForgeRegistry/REGISTRIES]: Registry mineminenomi:abilities: Fixed mineminenomi:abilities id mismatch kazimod:rakuro: 1245 (init) -> 1464 (map).
[20Sep2026 21:12:31.799] [Render thread/DEBUG] [net.minecraftforge.registries.ForgeRegistry/REGISTRIES]: Registry mineminenomi:abilities: Fixed mineminenomi:abilities id mismatch kazimod:reality_marble: 1381 (init) -> 646 (map).
[20Sep2026 21:12:31.799] [Render thread/DEBUG] [net.minecraftforge.registries.ForgeRegistry/REGISTRIES]: Registry mineminenomi:abilities: Fixed mineminenomi:abilities id mismatch kazimod:red: 1401 (init) -> 702 (map).
[20Sep2026 21:12:31.799] [Render thread/DEBUG] [net.minecraftforge.registries.ForgeRegistry/REGISTRIES]: Registry mineminenomi:abilities: Fixed mineminenomi:abilities id mismatch kazimod:revenge_counter: 1469 (init) -> 761 (map).
[20Sep2026 21:12:31.799] [Render thread/DEBUG] [net.minecraftforge.registries.ForgeRegistry/REGISTRIES]: Registry mineminenomi:abilities: Fixed mineminenomi:abilities id mismatch kazimod:revenge_passive: 1468 (init) -> 760 (map).
[20Sep2026 21:12:31.799] [Render thread/DEBUG] [net.minecraftforge.registries.ForgeRegistry/REGISTRIES]: Registry mineminenomi:abilities: Fixed mineminenomi:abilities id mismatch kazimod:reversal: 1269 (init) -> 599 (map).
[20Sep2026 21:12:31.799] [Render thread/DEBUG] [net.minecraftforge.registries.ForgeRegistry/REGISTRIES]: Registry mineminenomi:abilities: Fixed mineminenomi:abilities id mismatch kazimod:ryu_no_ibuki: 1323 (init) -> 637 (map).
[20Sep2026 21:12:31.799] [Render thread/DEBUG] [net.minecraftforge.registries.ForgeRegistry/REGISTRIES]: Registry mineminenomi:abilities: Fixed mineminenomi:abilities id mismatch kazimod:ryu_no_kagizume: 1322 (init) -> 636 (map).
[20Sep2026 21:12:31.799] [Render thread/DEBUG] [net.minecraftforge.registries.ForgeRegistry/REGISTRIES]: Registry mineminenomi:abilities: Fixed mineminenomi:abilities id mismatch kazimod:sai_kuru: 1265 (init) -> 594 (map).
[20Sep2026 21:12:31.799] [Render thread/DEBUG] [net.minecraftforge.registries.ForgeRegistry/REGISTRIES]: Registry mineminenomi:abilities: Fixed mineminenomi:abilities id mismatch kazimod:sanbyakurokuju_pound_ho: 1252 (init) -> 581 (map).
[20Sep2026 21:12:31.799] [Render thread/DEBUG] [net.minecraftforge.registries.ForgeRegistry/REGISTRIES]: Registry mineminenomi:abilities: Fixed mineminenomi:abilities id mismatch kazimod:sango: 1315 (init) -> 1453 (map).
[20Sep2026 21:12:31.799] [Render thread/DEBUG] [net.minecraftforge.registries.ForgeRegistry/REGISTRIES]: Registry mineminenomi:abilities: Fixed mineminenomi:abilities id mismatch kazimod:seiryu_heavy_point: 1264 (init) -> 593 (map).
[20Sep2026 21:12:31.799] [Render thread/DEBUG] [net.minecraftforge.registries.ForgeRegistry/REGISTRIES]: Registry mineminenomi:abilities: Fixed mineminenomi:abilities id mismatch kazimod:senbonzakura: 1462 (init) -> 754 (map).
[20Sep2026 21:12:31.799] [Render thread/DEBUG] [net.minecraftforge.registries.ForgeRegistry/REGISTRIES]: Registry mineminenomi:abilities: Fixed mineminenomi:abilities id mismatch kazimod:senbonzakura_kageyoshi: 1463 (init) -> 755 (map).
[20Sep2026 21:12:31.799] [Render thread/DEBUG] [net.minecraftforge.registries.ForgeRegistry/REGISTRIES]: Registry mineminenomi:abilities: Fixed mineminenomi:abilities id mismatch kazimod:senkei: 1465 (init) -> 757 (map).
[20Sep2026 21:12:31.799] [Render thread/DEBUG] [net.minecraftforge.registries.ForgeRegistry/REGISTRIES]: Registry mineminenomi:abilities: Fixed mineminenomi:abilities id mismatch kazimod:severance: 1460 (init) -> 752 (map).
[20Sep2026 21:12:31.799] [Render thread/DEBUG] [net.minecraftforge.registries.ForgeRegistry/REGISTRIES]: Registry mineminenomi:abilities: Fixed mineminenomi:abilities id mismatch kazimod:shambles: 1437 (init) -> 735 (map).
[20Sep2026 21:12:31.800] [Render thread/DEBUG] [net.minecraftforge.registries.ForgeRegistry/REGISTRIES]: Registry mineminenomi:abilities: Fixed mineminenomi:abilities id mismatch kazimod:shi_shishi_sonson: 1320 (init) -> 634 (map).
[20Sep2026 21:12:31.800] [Render thread/DEBUG] [net.minecraftforge.registries.ForgeRegistry/REGISTRIES]: Registry mineminenomi:abilities: Fixed mineminenomi:abilities id mismatch kazimod:shinsoku_hakujaku: 1289 (init) -> 1452 (map).
[20Sep2026 21:12:31.800] [Render thread/DEBUG] [net.minecraftforge.registries.ForgeRegistry/REGISTRIES]: Registry mineminenomi:abilities: Fixed mineminenomi:abilities id mismatch kazimod:shock_wille: 1435 (init) -> 733 (map).
[20Sep2026 21:12:31.800] [Render thread/DEBUG] [net.minecraftforge.registries.ForgeRegistry/REGISTRIES]: Registry mineminenomi:abilities: Fixed mineminenomi:abilities id mismatch kazimod:shokuro: 1246 (init) -> 1465 (map).
[20Sep2026 21:12:31.800] [Render thread/DEBUG] [net.minecraftforge.registries.ForgeRegistry/REGISTRIES]: Registry mineminenomi:abilities: Fixed mineminenomi:abilities id mismatch kazimod:shourei: 1391 (init) -> 692 (map).
[20Sep2026 21:12:31.800] [Render thread/DEBUG] [net.minecraftforge.registries.ForgeRegistry/REGISTRIES]: Registry mineminenomi:abilities: Fixed mineminenomi:abilities id mismatch kazimod:shukei_hakuteiken: 1466 (init) -> 758 (map).
[20Sep2026 21:12:31.800] [Render thread/DEBUG] [net.minecraftforge.registries.ForgeRegistry/REGISTRIES]: Registry mineminenomi:abilities: Fixed mineminenomi:abilities id mismatch kazimod:silent_box: 1485 (init) -> 772 (map).
[20Sep2026 21:12:31.800] [Render thread/DEBUG] [net.minecraftforge.registries.ForgeRegistry/REGISTRIES]: Registry mineminenomi:abilities: Fixed mineminenomi:abilities id mismatch kazimod:silent_death: 1486 (init) -> 773 (map).
[20Sep2026 21:12:31.800] [Render thread/DEBUG] [net.minecraftforge.registries.ForgeRegistry/REGISTRIES]: Registry mineminenomi:abilities: Fixed mineminenomi:abilities id mismatch kazimod:silent_slice: 1483 (init) -> 770 (map).
[20Sep2026 21:12:31.800] [Render thread/DEBUG] [net.minecraftforge.registries.ForgeRegistry/REGISTRIES]: Registry mineminenomi:abilities: Fixed mineminenomi:abilities id mismatch kazimod:silent_step: 1484 (init) -> 771 (map).
[20Sep2026 21:12:31.800] [Render thread/DEBUG] [net.minecraftforge.registries.ForgeRegistry/REGISTRIES]: Registry mineminenomi:abilities: Fixed mineminenomi:abilities id mismatch kazimod:silent_stride: 1482 (init) -> 769 (map).
[20Sep2026 21:12:31.800] [Render thread/DEBUG] [net.minecraftforge.registries.ForgeRegistry/REGISTRIES]: Registry mineminenomi:abilities: Fixed mineminenomi:abilities id mismatch kazimod:skill_book_creation: 1428 (init) -> 726 (map).
[20Sep2026 21:12:31.800] [Render thread/DEBUG] [net.minecraftforge.registries.ForgeRegistry/REGISTRIES]: Registry mineminenomi:abilities: Fixed mineminenomi:abilities id mismatch kazimod:skill_hunter: 1416 (init) -> 717 (map).
[20Sep2026 21:12:31.800] [Render thread/DEBUG] [net.minecraftforge.registries.ForgeRegistry/REGISTRIES]: Registry mineminenomi:abilities: Fixed mineminenomi:abilities id mismatch kazimod:skill_hunter_ex: 1419 (init) -> 1459 (map).
[20Sep2026 21:12:31.800] [Render thread/DEBUG] [net.minecraftforge.registries.ForgeRegistry/REGISTRIES]: Registry mineminenomi:abilities: Fixed mineminenomi:abilities id mismatch kazimod:skill_remover: 1420 (init) -> 718 (map).
[20Sep2026 21:12:31.800] [Render thread/DEBUG] [net.minecraftforge.registries.ForgeRegistry/REGISTRIES]: Registry mineminenomi:abilities: Fixed mineminenomi:abilities id mismatch kazimod:skull_basher: 1254 (init) -> 583 (map).
[20Sep2026 21:12:31.800] [Render thread/DEBUG] [net.minecraftforge.registries.ForgeRegistry/REGISTRIES]: Registry mineminenomi:abilities: Fixed mineminenomi:abilities id mismatch kazimod:sky_splitter: 1268 (init) -> 598 (map).
[20Sep2026 21:12:31.800] [Render thread/DEBUG] [net.minecraftforge.registries.ForgeRegistry/REGISTRIES]: Registry mineminenomi:abilities: Fixed mineminenomi:abilities id mismatch kazimod:sky_splitter_descent: 1378 (init) -> 683 (map).
[20Sep2026 21:12:31.800] [Render thread/DEBUG] [net.minecraftforge.registries.ForgeRegistry/REGISTRIES]: Registry mineminenomi:abilities: Fixed mineminenomi:abilities id mismatch kazimod:slot_spin: 1414 (init) -> 715 (map).
[20Sep2026 21:12:31.800] [Render thread/DEBUG] [net.minecraftforge.registries.ForgeRegistry/REGISTRIES]: Registry mineminenomi:abilities: Fixed mineminenomi:abilities id mismatch kazimod:slumber_field: 1274 (init) -> 604 (map).
[20Sep2026 21:12:31.800] [Render thread/DEBUG] [net.minecraftforge.registries.ForgeRegistry/REGISTRIES]: Registry mineminenomi:abilities: Fixed mineminenomi:abilities id mismatch kazimod:soru: 1441 (init) -> 739 (map).
[20Sep2026 21:12:31.800] [Render thread/DEBUG] [net.minecraftforge.registries.ForgeRegistry/REGISTRIES]: Registry mineminenomi:abilities: Fixed mineminenomi:abilities id mismatch kazimod:soul_recovery: 1380 (init) -> 685 (map).
[20Sep2026 21:12:31.800] [Render thread/DEBUG] [net.minecraftforge.registries.ForgeRegistry/REGISTRIES]: Registry mineminenomi:abilities: Fixed mineminenomi:abilities id mismatch kazimod:souls_passive: 1471 (init) -> 763 (map).
[20Sep2026 21:12:31.800] [Render thread/DEBUG] [net.minecraftforge.registries.ForgeRegistry/REGISTRIES]: Registry mineminenomi:abilities: Fixed mineminenomi:abilities id mismatch kazimod:sparkling_daisy: 1418 (init) -> 1486 (map).
[20Sep2026 21:12:31.800] [Render thread/DEBUG] [net.minecraftforge.registries.ForgeRegistry/REGISTRIES]: Registry mineminenomi:abilities: Fixed mineminenomi:abilities id mismatch kazimod:spider: 1417 (init) -> 1485 (map).
[20Sep2026 21:12:31.800] [Render thread/DEBUG] [net.minecraftforge.registries.ForgeRegistry/REGISTRIES]: Registry mineminenomi:abilities: Fixed mineminenomi:abilities id mismatch kazimod:spiderweb_cleave: 1342 (init) -> 649 (map).
[20Sep2026 21:12:31.800] [Render thread/DEBUG] [net.minecraftforge.registries.ForgeRegistry/REGISTRIES]: Registry mineminenomi:abilities: Fixed mineminenomi:abilities id mismatch kazimod:spinning_brawl: 1407 (init) -> 708 (map).
[20Sep2026 21:12:31.800] [Render thread/DEBUG] [net.minecraftforge.registries.ForgeRegistry/REGISTRIES]: Registry mineminenomi:abilities: Fixed mineminenomi:abilities id mismatch kazimod:spring_snipe: 1306 (init) -> 627 (map).
[20Sep2026 21:12:31.800] [Render thread/DEBUG] [net.minecraftforge.registries.ForgeRegistry/REGISTRIES]: Registry mineminenomi:abilities: Fixed mineminenomi:abilities id mismatch kazimod:striking_swing: 1285 (init) -> 1448 (map).
[20Sep2026 21:12:31.800] [Render thread/DEBUG] [net.minecraftforge.registries.ForgeRegistry/REGISTRIES]: Registry mineminenomi:abilities: Fixed mineminenomi:abilities id mismatch kazimod:stun_grenade: 1351 (init) -> 658 (map).
[20Sep2026 21:12:31.800] [Render thread/DEBUG] [net.minecraftforge.registries.ForgeRegistry/REGISTRIES]: Registry mineminenomi:abilities: Fixed mineminenomi:abilities id mismatch kazimod:sunshine: 1410 (init) -> 711 (map).
[20Sep2026 21:12:31.800] [Render thread/DEBUG] [net.minecraftforge.registries.ForgeRegistry/REGISTRIES]: Registry mineminenomi:abilities: Fixed mineminenomi:abilities id mismatch kazimod:suplex: 1408 (init) -> 709 (map).
[20Sep2026 21:12:31.800] [Render thread/DEBUG] [net.minecraftforge.registries.ForgeRegistry/REGISTRIES]: Registry mineminenomi:abilities: Fixed mineminenomi:abilities id mismatch kazimod:susu_immunities: 1248 (init) -> 1467 (map).
[20Sep2026 21:12:31.800] [Render thread/DEBUG] [net.minecraftforge.registries.ForgeRegistry/REGISTRIES]: Registry mineminenomi:abilities: Fixed mineminenomi:abilities id mismatch kazimod:susu_special_fly: 1247 (init) -> 1466 (map).
[20Sep2026 21:12:31.800] [Render thread/DEBUG] [net.minecraftforge.registries.ForgeRegistry/REGISTRIES]: Registry mineminenomi:abilities: Fixed mineminenomi:abilities id mismatch kazimod:taka_nami: 1261 (init) -> 589 (map).
[20Sep2026 21:12:31.800] [Render thread/DEBUG] [net.minecraftforge.registries.ForgeRegistry/REGISTRIES]: Registry mineminenomi:abilities: Fixed mineminenomi:abilities id mismatch kazimod:takt: 1434 (init) -> 732 (map).
[20Sep2026 21:12:31.800] [Render thread/DEBUG] [net.minecraftforge.registries.ForgeRegistry/REGISTRIES]: Registry mineminenomi:abilities: Fixed mineminenomi:abilities id mismatch kazimod:talon_rush: 1324 (init) -> 638 (map).
[20Sep2026 21:12:31.800] [Render thread/DEBUG] [net.minecraftforge.registries.ForgeRegistry/REGISTRIES]: Registry mineminenomi:abilities: Fixed mineminenomi:abilities id mismatch kazimod:tatsumaki: 1337 (init) -> 1484 (map).
[20Sep2026 21:12:31.800] [Render thread/DEBUG] [net.minecraftforge.registries.ForgeRegistry/REGISTRIES]: Registry mineminenomi:abilities: Fixed mineminenomi:abilities id mismatch kazimod:tekkai: 1442 (init) -> 740 (map).
[20Sep2026 21:12:31.800] [Render thread/DEBUG] [net.minecraftforge.registries.ForgeRegistry/REGISTRIES]: Registry mineminenomi:abilities: Fixed mineminenomi:abilities id mismatch kazimod:thunder_bagua: 1282 (init) -> 678 (map).
[20Sep2026 21:12:31.800] [Render thread/DEBUG] [net.minecraftforge.registries.ForgeRegistry/REGISTRIES]: Registry mineminenomi:abilities: Fixed mineminenomi:abilities id mismatch kazimod:thunderstorm: 1396 (init) -> 697 (map).
[20Sep2026 21:12:31.800] [Render thread/DEBUG] [net.minecraftforge.registries.ForgeRegistry/REGISTRIES]: Registry mineminenomi:abilities: Fixed mineminenomi:abilities id mismatch kazimod:time_acceleration: 1387 (init) -> 688 (map).
[20Sep2026 21:12:31.800] [Render thread/DEBUG] [net.minecraftforge.registries.ForgeRegistry/REGISTRIES]: Registry mineminenomi:abilities: Fixed mineminenomi:abilities id mismatch kazimod:time_bar: 1390 (init) -> 691 (map).
[20Sep2026 21:12:31.800] [Render thread/DEBUG] [net.minecraftforge.registries.ForgeRegistry/REGISTRIES]: Registry mineminenomi:abilities: Fixed mineminenomi:abilities id mismatch kazimod:time_reversal: 1386 (init) -> 687 (map).
[20Sep2026 21:12:31.800] [Render thread/DEBUG] [net.minecraftforge.registries.ForgeRegistry/REGISTRIES]: Registry mineminenomi:abilities: Fixed mineminenomi:abilities id mismatch kazimod:time_theft: 1385 (init) -> 686 (map).
[20Sep2026 21:12:31.800] [Render thread/DEBUG] [net.minecraftforge.registries.ForgeRegistry/REGISTRIES]: Registry mineminenomi:abilities: Fixed mineminenomi:abilities id mismatch kazimod:toku_hollow: 1365 (init) -> 672 (map).
[20Sep2026 21:12:31.800] [Render thread/DEBUG] [net.minecraftforge.registries.ForgeRegistry/REGISTRIES]: Registry mineminenomi:abilities: Fixed mineminenomi:abilities id mismatch kazimod:tornado_wrath: 1393 (init) -> 694 (map).
[20Sep2026 21:12:31.801] [Render thread/DEBUG] [net.minecraftforge.registries.ForgeRegistry/REGISTRIES]: Registry mineminenomi:abilities: Fixed mineminenomi:abilities id mismatch kazimod:trillion_dark: 1480 (init) -> 767 (map).
[20Sep2026 21:12:31.801] [Render thread/DEBUG] [net.minecraftforge.registries.ForgeRegistry/REGISTRIES]: Registry mineminenomi:abilities: Fixed mineminenomi:abilities id mismatch kazimod:tsuppari_pad_ho: 1334 (init) -> 642 (map).
[20Sep2026 21:12:31.801] [Render thread/DEBUG] [net.minecraftforge.registries.ForgeRegistry/REGISTRIES]: Registry mineminenomi:abilities: Fixed mineminenomi:abilities id mismatch kazimod:tyrant_cleave: 1290 (init) -> 611 (map).
[20Sep2026 21:12:31.801] [Render thread/DEBUG] [net.minecraftforge.registries.ForgeRegistry/REGISTRIES]: Registry mineminenomi:abilities: Fixed mineminenomi:abilities id mismatch kazimod:ursus_shock: 1270 (init) -> 600 (map).
[20Sep2026 21:12:31.801] [Render thread/DEBUG] [net.minecraftforge.registries.ForgeRegistry/REGISTRIES]: Registry mineminenomi:abilities: Fixed mineminenomi:abilities id mismatch kazimod:vajra_arrow: 1286 (init) -> 1449 (map).
[20Sep2026 21:12:31.801] [Render thread/DEBUG] [net.minecraftforge.registries.ForgeRegistry/REGISTRIES]: Registry mineminenomi:abilities: Fixed mineminenomi:abilities id mismatch kazimod:vampire_awakening_passive: 1472 (init) -> 1092 (map).
[20Sep2026 21:12:31.801] [Render thread/DEBUG] [net.minecraftforge.registries.ForgeRegistry/REGISTRIES]: Registry mineminenomi:abilities: Fixed mineminenomi:abilities id mismatch kazimod:vampire_passive: 1476 (init) -> 1455 (map).
[20Sep2026 21:12:31.801] [Render thread/DEBUG] [net.minecraftforge.registries.ForgeRegistry/REGISTRIES]: Registry mineminenomi:abilities: Fixed mineminenomi:abilities id mismatch kazimod:vari: 1313 (init) -> 590 (map).
[20Sep2026 21:12:31.801] [Render thread/DEBUG] [net.minecraftforge.registries.ForgeRegistry/REGISTRIES]: Registry mineminenomi:abilities: Fixed mineminenomi:abilities id mismatch kazimod:vault: 1379 (init) -> 684 (map).
[20Sep2026 21:12:31.801] [Render thread/DEBUG] [net.minecraftforge.registries.ForgeRegistry/REGISTRIES]: Registry mineminenomi:abilities: Fixed mineminenomi:abilities id mismatch kazimod:venom_demon: 1330 (init) -> 1480 (map).
[20Sep2026 21:12:31.801] [Render thread/DEBUG] [net.minecraftforge.registries.ForgeRegistry/REGISTRIES]: Registry mineminenomi:abilities: Fixed mineminenomi:abilities id mismatch kazimod:venom_road: 1331 (init) -> 640 (map).
[20Sep2026 21:12:31.801] [Render thread/DEBUG] [net.minecraftforge.registries.ForgeRegistry/REGISTRIES]: Registry mineminenomi:abilities: Fixed mineminenomi:abilities id mismatch kazimod:vicious_roar: 1260 (init) -> 588 (map).
[20Sep2026 21:12:31.801] [Render thread/DEBUG] [net.minecraftforge.registries.ForgeRegistry/REGISTRIES]: Registry mineminenomi:abilities: Fixed mineminenomi:abilities id mismatch kazimod:virus_zone: 1357 (init) -> 664 (map).
[20Sep2026 21:12:31.801] [Render thread/DEBUG] [net.minecraftforge.registries.ForgeRegistry/REGISTRIES]: Registry mineminenomi:abilities: Fixed mineminenomi:abilities id mismatch kazimod:volt_amaru: 1317 (init) -> 1457 (map).
[20Sep2026 21:12:31.801] [Render thread/DEBUG] [net.minecraftforge.registries.ForgeRegistry/REGISTRIES]: Registry mineminenomi:abilities: Fixed mineminenomi:abilities id mismatch kazimod:volt_amaru_flight: 1318 (init) -> 1458 (map).
[20Sep2026 21:12:31.801] [Render thread/DEBUG] [net.minecraftforge.registries.ForgeRegistry/REGISTRIES]: Registry mineminenomi:abilities: Fixed mineminenomi:abilities id mismatch kazimod:whirling_mace: 1284 (init) -> 1447 (map).
[20Sep2026 21:12:31.801] [Render thread/DEBUG] [net.minecraftforge.registries.ForgeRegistry/REGISTRIES]: Registry mineminenomi:abilities: Fixed mineminenomi:abilities id mismatch kazimod:wind_gust: 1392 (init) -> 693 (map).
[20Sep2026 21:12:31.801] [Render thread/DEBUG] [net.minecraftforge.registries.ForgeRegistry/REGISTRIES]: Registry mineminenomi:abilities: Fixed mineminenomi:abilities id mismatch kazimod:yakkodori: 1253 (init) -> 582 (map).
[20Sep2026 21:12:31.801] [Render thread/DEBUG] [net.minecraftforge.registries.ForgeRegistry/REGISTRIES]: Registry mineminenomi:abilities: Fixed mineminenomi:abilities id mismatch kazimod:yasotakeru: 1294 (init) -> 615 (map).
[20Sep2026 21:12:31.801] [Render thread/DEBUG] [net.minecraftforge.registries.ForgeRegistry/REGISTRIES]: Registry mineminenomi:abilities: Fixed mineminenomi:abilities id mismatch kazimod:zan_giri_mochi: 1370 (init) -> 1470 (map).
[20Sep2026 21:12:31.801] [Render thread/DEBUG] [net.minecraftforge.registries.ForgeRegistry/REGISTRIES]: Registry mineminenomi:abilities: Fixed mineminenomi:abilities id mismatch kazimod:zanshi: 1461 (init) -> 753 (map).
[20Sep2026 21:12:31.801] [Render thread/DEBUG] [net.minecraftforge.registries.ForgeRegistry/REGISTRIES]: Registry mineminenomi:abilities: Fixed mineminenomi:abilities id mismatch kazimod:zoan_awakening: 1459 (init) -> 751 (map).
[20Sep2026 21:12:31.801] [Render thread/DEBUG] [net.minecraftforge.registries.ForgeRegistry/REGISTRIES]: Registry mineminenomi:abilities: Fixed mineminenomi:abilities id mismatch mineminenomi:10000_kilo_press: 299 (init) -> 212 (map).
[20Sep2026 21:12:31.801] [Render thread/DEBUG] [net.minecraftforge.registries.ForgeRegistry/REGISTRIES]: Registry mineminenomi:abilities: Fixed mineminenomi:abilities id mismatch mineminenomi:1_kilo_press: 298 (init) -> 211 (map).
[20Sep2026 21:12:31.801] [Render thread/DEBUG] [net.minecraftforge.registries.ForgeRegistry/REGISTRIES]: Registry mineminenomi:abilities: Fixed mineminenomi:abilities id mismatch mineminenomi:5000_kilo_punch: 300 (init) -> 213 (map).
[20Sep2026 21:12:31.801] [Render thread/DEBUG] [net.minecraftforge.registries.ForgeRegistry/REGISTRIES]: Registry mineminenomi:abilities: Fixed mineminenomi:abilities id mismatch mineminenomi:abare_himatsuri: 320 (init) -> 245 (map).
[20Sep2026 21:12:31.801] [Render thread/DEBUG] [net.minecraftforge.registries.ForgeRegistry/REGISTRIES]: Registry mineminenomi:abilities: Fixed mineminenomi:abilities id mismatch mineminenomi:abare_himatsuri_reworked: 434 (init) -> 435 (map).
[20Sep2026 21:12:31.801] [Render thread/DEBUG] [net.minecraftforge.registries.ForgeRegistry/REGISTRIES]: Registry mineminenomi:abilities: Fixed mineminenomi:abilities id mismatch mineminenomi:absorbed_blocks: 424 (init) -> 418 (map).
[20Sep2026 21:12:31.801] [Render thread/DEBUG] [net.minecraftforge.registries.ForgeRegistry/REGISTRIES]: Registry mineminenomi:abilities: Fixed mineminenomi:abilities id mismatch mineminenomi:air_door: 237 (init) -> 194 (map).
[20Sep2026 21:12:31.801] [Render thread/DEBUG] [net.minecraftforge.registries.ForgeRegistry/REGISTRIES]: Registry mineminenomi:abilities: Fixed mineminenomi:abilities id mismatch mineminenomi:allosaurus_heavy_point: 383 (init) -> 405 (map).
[20Sep2026 21:12:31.801] [Render thread/DEBUG] [net.minecraftforge.registries.ForgeRegistry/REGISTRIES]: Registry mineminenomi:abilities: Fixed mineminenomi:abilities id mismatch mineminenomi:allosaurus_rideable: 384 (init) -> 406 (map).
[20Sep2026 21:12:31.801] [Render thread/DEBUG] [net.minecraftforge.registries.ForgeRegistry/REGISTRIES]: Registry mineminenomi:abilities: Fixed mineminenomi:abilities id mismatch mineminenomi:allosaurus_walk_point: 382 (init) -> 404 (map).
[20Sep2026 21:12:31.801] [Render thread/DEBUG] [net.minecraftforge.registries.ForgeRegistry/REGISTRIES]: Registry mineminenomi:abilities: Fixed mineminenomi:abilities id mismatch mineminenomi:amputate: 248 (init) -> 292 (map).
[20Sep2026 21:12:31.801] [Render thread/DEBUG] [net.minecraftforge.registries.ForgeRegistry/REGISTRIES]: Registry mineminenomi:abilities: Fixed mineminenomi:abilities id mismatch mineminenomi:ancient_bite: 385 (init) -> 407 (map).
[20Sep2026 21:12:31.801] [Render thread/DEBUG] [net.minecraftforge.registries.ForgeRegistry/REGISTRIES]: Registry mineminenomi:abilities: Fixed mineminenomi:abilities id mismatch mineminenomi:ancient_stomp: 59 (init) -> 50 (map).
[20Sep2026 21:12:31.801] [Render thread/DEBUG] [net.minecraftforge.registries.ForgeRegistry/REGISTRIES]: Registry mineminenomi:abilities: Fixed mineminenomi:abilities id mismatch mineminenomi:ancient_sweep: 60 (init) -> 51 (map).
[20Sep2026 21:12:31.801] [Render thread/DEBUG] [net.minecraftforge.registries.ForgeRegistry/REGISTRIES]: Registry mineminenomi:abilities: Fixed mineminenomi:abilities id mismatch mineminenomi:ancient_tail_spin: 386 (init) -> 408 (map).
[20Sep2026 21:12:31.801] [Render thread/DEBUG] [net.minecraftforge.registries.ForgeRegistry/REGISTRIES]: Registry mineminenomi:abilities: Fixed mineminenomi:abilities id mismatch mineminenomi:ancient_trunk_shot: 61 (init) -> 52 (map).
[20Sep2026 21:12:31.801] [Render thread/DEBUG] [net.minecraftforge.registries.ForgeRegistry/REGISTRIES]: Registry mineminenomi:abilities: Fixed mineminenomi:abilities id mismatch mineminenomi:animal_forewarning: 143 (init) -> 130 (map).
[20Sep2026 21:12:31.801] [Render thread/DEBUG] [net.minecraftforge.registries.ForgeRegistry/REGISTRIES]: Registry mineminenomi:abilities: Fixed mineminenomi:abilities id mismatch mineminenomi:animal_friend: 145 (init) -> 132 (map).
[20Sep2026 21:12:31.801] [Render thread/DEBUG] [net.minecraftforge.registries.ForgeRegistry/REGISTRIES]: Registry mineminenomi:abilities: Fixed mineminenomi:abilities id mismatch mineminenomi:animal_lookout: 144 (init) -> 131 (map).
[20Sep2026 21:12:31.801] [Render thread/DEBUG] [net.minecraftforge.registries.ForgeRegistry/REGISTRIES]: Registry mineminenomi:abilities: Fixed mineminenomi:abilities id mismatch mineminenomi:antidote_shot: 485 (init) -> 486 (map).
[20Sep2026 21:12:31.801] [Render thread/DEBUG] [net.minecraftforge.registries.ForgeRegistry/REGISTRIES]: Registry mineminenomi:abilities: Fixed mineminenomi:abilities id mismatch mineminenomi:antimanner_kick_course: 503 (init) -> 504 (map).
[20Sep2026 21:12:31.801] [Render thread/DEBUG] [net.minecraftforge.registries.ForgeRegistry/REGISTRIES]: Registry mineminenomi:abilities: Fixed mineminenomi:abilities id mismatch mineminenomi:atomic_rush: 548 (init) -> 549 (map).
[20Sep2026 21:12:31.801] [Render thread/DEBUG] [net.minecraftforge.registries.ForgeRegistry/REGISTRIES]: Registry mineminenomi:abilities: Fixed mineminenomi:abilities id mismatch mineminenomi:atomic_spurt: 312 (init) -> 225 (map).
[20Sep2026 21:12:31.801] [Render thread/DEBUG] [net.minecraftforge.registries.ForgeRegistry/REGISTRIES]: Registry mineminenomi:abilities: Fixed mineminenomi:abilities id mismatch mineminenomi:attract: 191 (init) -> 254 (map).
[20Sep2026 21:12:31.801] [Render thread/DEBUG] [net.minecraftforge.registries.ForgeRegistry/REGISTRIES]: Registry mineminenomi:abilities: Fixed mineminenomi:abilities id mismatch mineminenomi:awase_baori: 307 (init) -> 220 (map).
[20Sep2026 21:12:31.801] [Render thread/DEBUG] [net.minecraftforge.registries.ForgeRegistry/REGISTRIES]: Registry mineminenomi:abilities: Fixed mineminenomi:abilities id mismatch mineminenomi:axolotl_heal: 226 (init) -> 282 (map).
[20Sep2026 21:12:31.801] [Render thread/DEBUG] [net.minecraftforge.registries.ForgeRegistry/REGISTRIES]: Registry mineminenomi:abilities: Fixed mineminenomi:abilities id mismatch mineminenomi:axolotl_heavy_point: 223 (init) -> 279 (map).
[20Sep2026 21:12:31.801] [Render thread/DEBUG] [net.minecraftforge.registries.ForgeRegistry/REGISTRIES]: Registry mineminenomi:abilities: Fixed mineminenomi:abilities id mismatch mineminenomi:axolotl_walk_point: 224 (init) -> 280 (map).
[20Sep2026 21:12:31.801] [Render thread/DEBUG] [net.minecraftforge.registries.ForgeRegistry/REGISTRIES]: Registry mineminenomi:abilities: Fixed mineminenomi:abilities id mismatch mineminenomi:baku_factory: 270 (init) -> 205 (map).
[20Sep2026 21:12:31.801] [Render thread/DEBUG] [net.minecraftforge.registries.ForgeRegistry/REGISTRIES]: Registry mineminenomi:abilities: Fixed mineminenomi:abilities id mismatch mineminenomi:baku_munch: 267 (init) -> 202 (map).
[20Sep2026 21:12:31.801] [Render thread/DEBUG] [net.minecraftforge.registries.ForgeRegistry/REGISTRIES]: Registry mineminenomi:abilities: Fixed mineminenomi:abilities id mismatch mineminenomi:baku_tsuiho: 269 (init) -> 204 (map).
[20Sep2026 21:12:31.801] [Render thread/DEBUG] [net.minecraftforge.registries.ForgeRegistry/REGISTRIES]: Registry mineminenomi:abilities: Fixed mineminenomi:abilities id mismatch mineminenomi:bakudan: 565 (init) -> 566 (map).
[20Sep2026 21:12:31.802] [Render thread/DEBUG] [net.minecraftforge.registries.ForgeRegistry/REGISTRIES]: Registry mineminenomi:abilities: Fixed mineminenomi:abilities id mismatch mineminenomi:bakuretsu_kazan: 50 (init) -> 64 (map).
[20Sep2026 21:12:31.802] [Render thread/DEBUG] [net.minecraftforge.registries.ForgeRegistry/REGISTRIES]: Registry mineminenomi:abilities: Fixed mineminenomi:abilities id mismatch mineminenomi:bari_bari_no_pistol: 336 (init) -> 251 (map).
[20Sep2026 21:12:31.802] [Render thread/DEBUG] [net.minecraftforge.registries.ForgeRegistry/REGISTRIES]: Registry mineminenomi:abilities: Fixed mineminenomi:abilities id mismatch mineminenomi:barizodon: 209 (init) -> 272 (map).
[20Sep2026 21:12:31.802] [Render thread/DEBUG] [net.minecraftforge.registries.ForgeRegistry/REGISTRIES]: Registry mineminenomi:abilities: Fixed mineminenomi:abilities id mismatch mineminenomi:barjan: 183 (init) -> 234 (map).
[20Sep2026 21:12:31.802] [Render thread/DEBUG] [net.minecraftforge.registries.ForgeRegistry/REGISTRIES]: Registry mineminenomi:abilities: Fixed mineminenomi:abilities id mismatch mineminenomi:barrier: 333 (init) -> 248 (map).
[20Sep2026 21:12:31.802] [Render thread/DEBUG] [net.minecraftforge.registries.ForgeRegistry/REGISTRIES]: Registry mineminenomi:abilities: Fixed mineminenomi:abilities id mismatch mineminenomi:barrier_ball: 334 (init) -> 249 (map).
[20Sep2026 21:12:31.802] [Render thread/DEBUG] [net.minecraftforge.registries.ForgeRegistry/REGISTRIES]: Registry mineminenomi:abilities: Fixed mineminenomi:abilities id mismatch mineminenomi:barrier_crash: 335 (init) -> 250 (map).
[20Sep2026 21:12:31.802] [Render thread/DEBUG] [net.minecraftforge.registries.ForgeRegistry/REGISTRIES]: Registry mineminenomi:abilities: Fixed mineminenomi:abilities id mismatch mineminenomi:barrierbility_bat: 338 (init) -> 253 (map).
[20Sep2026 21:12:31.802] [Render thread/DEBUG] [net.minecraftforge.registries.ForgeRegistry/REGISTRIES]: Registry mineminenomi:abilities: Fixed mineminenomi:abilities id mismatch mineminenomi:barrierbility_stairs: 337 (init) -> 252 (map).
[20Sep2026 21:12:31.802] [Render thread/DEBUG] [net.minecraftforge.registries.ForgeRegistry/REGISTRIES]: Registry mineminenomi:abilities: Fixed mineminenomi:abilities id mismatch mineminenomi:batto_strike: 575 (init) -> 576 (map).
[20Sep2026 21:12:31.802] [Render thread/DEBUG] [net.minecraftforge.registries.ForgeRegistry/REGISTRIES]: Registry mineminenomi:abilities: Fixed mineminenomi:abilities id mismatch mineminenomi:beak_grab: 208 (init) -> 271 (map).
[20Sep2026 21:12:31.802] [Render thread/DEBUG] [net.minecraftforge.registries.ForgeRegistry/REGISTRIES]: Registry mineminenomi:abilities: Fixed mineminenomi:abilities id mismatch mineminenomi:belly_flop: 554 (init) -> 555 (map).
[20Sep2026 21:12:31.802] [Render thread/DEBUG] [net.minecraftforge.registries.ForgeRegistry/REGISTRIES]: Registry mineminenomi:abilities: Fixed mineminenomi:abilities id mismatch mineminenomi:bero_cannon: 268 (init) -> 203 (map).
[20Sep2026 21:12:31.802] [Render thread/DEBUG] [net.minecraftforge.registries.ForgeRegistry/REGISTRIES]: Registry mineminenomi:abilities: Fixed mineminenomi:abilities id mismatch mineminenomi:beta_beta_chain: 152 (init) -> 139 (map).
[20Sep2026 21:12:31.802] [Render thread/DEBUG] [net.minecraftforge.registries.ForgeRegistry/REGISTRIES]: Registry mineminenomi:abilities: Fixed mineminenomi:abilities id mismatch mineminenomi:beta_coating: 149 (init) -> 136 (map).
[20Sep2026 21:12:31.802] [Render thread/DEBUG] [net.minecraftforge.registries.ForgeRegistry/REGISTRIES]: Registry mineminenomi:abilities: Fixed mineminenomi:abilities id mismatch mineminenomi:beta_immunities: 153 (init) -> 140 (map).
[20Sep2026 21:12:31.802] [Render thread/DEBUG] [net.minecraftforge.registries.ForgeRegistry/REGISTRIES]: Registry mineminenomi:abilities: Fixed mineminenomi:abilities id mismatch mineminenomi:beta_launcher: 150 (init) -> 137 (map).
[20Sep2026 21:12:31.802] [Render thread/DEBUG] [net.minecraftforge.registries.ForgeRegistry/REGISTRIES]: Registry mineminenomi:abilities: Fixed mineminenomi:abilities id mismatch mineminenomi:bien_cuit_grill_shot: 507 (init) -> 508 (map).
[20Sep2026 21:12:31.802] [Render thread/DEBUG] [net.minecraftforge.registries.ForgeRegistry/REGISTRIES]: Registry mineminenomi:abilities: Fixed mineminenomi:abilities id mismatch mineminenomi:bigan: 72 (init) -> 56 (map).
[20Sep2026 21:12:31.802] [Render thread/DEBUG] [net.minecraftforge.registries.ForgeRegistry/REGISTRIES]: Registry mineminenomi:abilities: Fixed mineminenomi:abilities id mismatch mineminenomi:bind: 305 (init) -> 218 (map).
[20Sep2026 21:12:31.802] [Render thread/DEBUG] [net.minecraftforge.registries.ForgeRegistry/REGISTRIES]: Registry mineminenomi:abilities: Fixed mineminenomi:abilities id mismatch mineminenomi:bison_heavy_point: 77 (init) -> 70 (map).
[20Sep2026 21:12:31.802] [Render thread/DEBUG] [net.minecraftforge.registries.ForgeRegistry/REGISTRIES]: Registry mineminenomi:abilities: Fixed mineminenomi:abilities id mismatch mineminenomi:bison_rideable: 82 (init) -> 75 (map).
[20Sep2026 21:12:31.803] [Render thread/DEBUG] [net.minecraftforge.registries.ForgeRegistry/REGISTRIES]: Registry mineminenomi:abilities: Fixed mineminenomi:abilities id mismatch mineminenomi:bison_smash: 81 (init) -> 74 (map).
[20Sep2026 21:12:31.803] [Render thread/DEBUG] [net.minecraftforge.registries.ForgeRegistry/REGISTRIES]: Registry mineminenomi:abilities: Fixed mineminenomi:abilities id mismatch mineminenomi:bison_walk_point: 78 (init) -> 71 (map).
[20Sep2026 21:12:31.803] [Render thread/DEBUG] [net.minecraftforge.registries.ForgeRegistry/REGISTRIES]: Registry mineminenomi:abilities: Fixed mineminenomi:abilities id mismatch mineminenomi:black_box: 342 (init) -> 370 (map).
[20Sep2026 21:12:31.803] [Render thread/DEBUG] [net.minecraftforge.registries.ForgeRegistry/REGISTRIES]: Registry mineminenomi:abilities: Fixed mineminenomi:abilities id mismatch mineminenomi:black_hand: 423 (init) -> 422 (map).
[20Sep2026 21:12:31.803] [Render thread/DEBUG] [net.minecraftforge.registries.ForgeRegistry/REGISTRIES]: Registry mineminenomi:abilities: Fixed mineminenomi:abilities id mismatch mineminenomi:black_hole: 418 (init) -> 419 (map).
[20Sep2026 21:12:31.803] [Render thread/DEBUG] [net.minecraftforge.registries.ForgeRegistry/REGISTRIES]: Registry mineminenomi:abilities: Fixed mineminenomi:abilities id mismatch mineminenomi:black_knight: 356 (init) -> 384 (map).
[20Sep2026 21:12:31.803] [Render thread/DEBUG] [net.minecraftforge.registries.ForgeRegistry/REGISTRIES]: Registry mineminenomi:abilities: Fixed mineminenomi:abilities id mismatch mineminenomi:black_leg_passive_bonuses: 508 (init) -> 509 (map).
[20Sep2026 21:12:31.803] [Render thread/DEBUG] [net.minecraftforge.registries.ForgeRegistry/REGISTRIES]: Registry mineminenomi:abilities: Fixed mineminenomi:abilities id mismatch mineminenomi:black_road: 420 (init) -> 424 (map).
[20Sep2026 21:12:31.803] [Render thread/DEBUG] [net.minecraftforge.registries.ForgeRegistry/REGISTRIES]: Registry mineminenomi:abilities: Fixed mineminenomi:abilities id mismatch mineminenomi:blue_sword: 326 (init) -> 360 (map).
[20Sep2026 21:12:31.803] [Render thread/DEBUG] [net.minecraftforge.registries.ForgeRegistry/REGISTRIES]: Registry mineminenomi:abilities: Fixed mineminenomi:abilities id mismatch mineminenomi:bomb_throw: 572 (init) -> 573 (map).
[20Sep2026 21:12:31.803] [Render thread/DEBUG] [net.minecraftforge.registries.ForgeRegistry/REGISTRIES]: Registry mineminenomi:abilities: Fixed mineminenomi:abilities id mismatch mineminenomi:bon: 213 (init) -> 276 (map).
[20Sep2026 21:12:31.803] [Render thread/DEBUG] [net.minecraftforge.registries.ForgeRegistry/REGISTRIES]: Registry mineminenomi:abilities: Fixed mineminenomi:abilities id mismatch mineminenomi:bouncy: 410 (init) -> 327 (map).
[20Sep2026 21:12:31.803] [Render thread/DEBUG] [net.minecraftforge.registries.ForgeRegistry/REGISTRIES]: Registry mineminenomi:abilities: Fixed mineminenomi:abilities id mismatch mineminenomi:brachio_bomber: 260 (init) -> 304 (map).
[20Sep2026 21:12:31.803] [Render thread/DEBUG] [net.minecraftforge.registries.ForgeRegistry/REGISTRIES]: Registry mineminenomi:abilities: Fixed mineminenomi:abilities id mismatch mineminenomi:brachio_grab: 261 (init) -> 305 (map).
[20Sep2026 21:12:31.803] [Render thread/DEBUG] [net.minecraftforge.registries.ForgeRegistry/REGISTRIES]: Registry mineminenomi:abilities: Fixed mineminenomi:abilities id mismatch mineminenomi:brachiosaurus_guard_point: 258 (init) -> 302 (map).
[20Sep2026 21:12:31.803] [Render thread/DEBUG] [net.minecraftforge.registries.ForgeRegistry/REGISTRIES]: Registry mineminenomi:abilities: Fixed mineminenomi:abilities id mismatch mineminenomi:brachiosaurus_heavy_point: 259 (init) -> 303 (map).
[20Sep2026 21:12:31.803] [Render thread/DEBUG] [net.minecraftforge.registries.ForgeRegistry/REGISTRIES]: Registry mineminenomi:abilities: Fixed mineminenomi:abilities id mismatch mineminenomi:brachiosaurus_rideable: 262 (init) -> 306 (map).
[20Sep2026 21:12:31.803] [Render thread/DEBUG] [net.minecraftforge.registries.ForgeRegistry/REGISTRIES]: Registry mineminenomi:abilities: Fixed mineminenomi:abilities id mismatch mineminenomi:brawler_passive_bonuses: 517 (init) -> 518 (map).
[20Sep2026 21:12:31.803] [Render thread/DEBUG] [net.minecraftforge.registries.ForgeRegistry/REGISTRIES]: Registry mineminenomi:abilities: Fixed mineminenomi:abilities id mismatch mineminenomi:break_white: 358 (init) -> 386 (map).
[20Sep2026 21:12:31.803] [Render thread/DEBUG] [net.minecraftforge.registries.ForgeRegistry/REGISTRIES]: Registry mineminenomi:abilities: Fixed mineminenomi:abilities id mismatch mineminenomi:breeze_breath_bomb: 370 (init) -> 311 (map).
[20Sep2026 21:12:31.804] [Render thread/DEBUG] [net.minecraftforge.registries.ForgeRegistry/REGISTRIES]: Registry mineminenomi:abilities: Fixed mineminenomi:abilities id mismatch mineminenomi:brick_bat: 429 (init) -> 430 (map).
[20Sep2026 21:12:31.804] [Render thread/DEBUG] [net.minecraftforge.registries.ForgeRegistry/REGISTRIES]: Registry mineminenomi:abilities: Fixed mineminenomi:abilities id mismatch mineminenomi:busoshoku_haki_emission: 530 (init) -> 531 (map).
[20Sep2026 21:12:31.804] [Render thread/DEBUG] [net.minecraftforge.registries.ForgeRegistry/REGISTRIES]: Registry mineminenomi:abilities: Fixed mineminenomi:abilities id mismatch mineminenomi:busoshoku_haki_full_body_hardening: 529 (init) -> 530 (map).
[20Sep2026 21:12:31.804] [Render thread/DEBUG] [net.minecraftforge.registries.ForgeRegistry/REGISTRIES]: Registry mineminenomi:abilities: Fixed mineminenomi:abilities id mismatch mineminenomi:busoshoku_haki_hardening: 528 (init) -> 529 (map).
[20Sep2026 21:12:31.804] [Render thread/DEBUG] [net.minecraftforge.registries.ForgeRegistry/REGISTRIES]: Registry mineminenomi:abilities: Fixed mineminenomi:abilities id mismatch mineminenomi:busoshoku_haki_imbuing: 532 (init) -> 533 (map).
[20Sep2026 21:12:31.804] [Render thread/DEBUG] [net.minecraftforge.registries.ForgeRegistry/REGISTRIES]: Registry mineminenomi:abilities: Fixed mineminenomi:abilities id mismatch mineminenomi:busoshoku_haki_internal_destruction: 531 (init) -> 532 (map).
[20Sep2026 21:12:31.804] [Render thread/DEBUG] [net.minecraftforge.registries.ForgeRegistry/REGISTRIES]: Registry mineminenomi:abilities: Fixed mineminenomi:abilities id mismatch mineminenomi:campo_de_flores: 141 (init) -> 128 (map).
[20Sep2026 21:12:31.804] [Render thread/DEBUG] [net.minecraftforge.registries.ForgeRegistry/REGISTRIES]: Registry mineminenomi:abilities: Fixed mineminenomi:abilities id mismatch mineminenomi:candle_champion: 432 (init) -> 433 (map).
[20Sep2026 21:12:31.804] [Render thread/DEBUG] [net.minecraftforge.registries.ForgeRegistry/REGISTRIES]: Registry mineminenomi:abilities: Fixed mineminenomi:abilities id mismatch mineminenomi:candle_champion_reworked: 395 (init) -> 417 (map).
[20Sep2026 21:12:31.804] [Render thread/DEBUG] [net.minecraftforge.registries.ForgeRegistry/REGISTRIES]: Registry mineminenomi:abilities: Fixed mineminenomi:abilities id mismatch mineminenomi:candle_house: 388 (init) -> 410 (map).
[20Sep2026 21:12:31.804] [Render thread/DEBUG] [net.minecraftforge.registries.ForgeRegistry/REGISTRIES]: Registry mineminenomi:abilities: Fixed mineminenomi:abilities id mismatch mineminenomi:candle_lock: 391 (init) -> 413 (map).
[20Sep2026 21:12:31.804] [Render thread/DEBUG] [net.minecraftforge.registries.ForgeRegistry/REGISTRIES]: Registry mineminenomi:abilities: Fixed mineminenomi:abilities id mismatch mineminenomi:candle_wall: 387 (init) -> 409 (map).
[20Sep2026 21:12:31.804] [Render thread/DEBUG] [net.minecraftforge.registries.ForgeRegistry/REGISTRIES]: Registry mineminenomi:abilities: Fixed mineminenomi:abilities id mismatch mineminenomi:candy_armor: 172 (init) -> 159 (map).
[20Sep2026 21:12:31.805] [Render thread/DEBUG] [net.minecraftforge.registries.ForgeRegistry/REGISTRIES]: Registry mineminenomi:abilities: Fixed mineminenomi:abilities id mismatch mineminenomi:candy_escalator: 170 (init) -> 157 (map).
[20Sep2026 21:12:31.805] [Render thread/DEBUG] [net.minecraftforge.registries.ForgeRegistry/REGISTRIES]: Registry mineminenomi:abilities: Fixed mineminenomi:abilities id mismatch mineminenomi:candy_man: 168 (init) -> 155 (map).
[20Sep2026 21:12:31.805] [Render thread/DEBUG] [net.minecraftforge.registries.ForgeRegistry/REGISTRIES]: Registry mineminenomi:abilities: Fixed mineminenomi:abilities id mismatch mineminenomi:candy_wall: 169 (init) -> 156 (map).
[20Sep2026 21:12:31.805] [Render thread/DEBUG] [net.minecraftforge.registries.ForgeRegistry/REGISTRIES]: Registry mineminenomi:abilities: Fixed mineminenomi:abilities id mismatch mineminenomi:candy_wave: 171 (init) -> 158 (map).
[20Sep2026 21:12:31.805] [Render thread/DEBUG] [net.minecraftforge.registries.ForgeRegistry/REGISTRIES]: Registry mineminenomi:abilities: Fixed mineminenomi:abilities id mismatch mineminenomi:charged_cleave: 547 (init) -> 548 (map).
[20Sep2026 21:12:31.805] [Render thread/DEBUG] [net.minecraftforge.registries.ForgeRegistry/REGISTRIES]: Registry mineminenomi:abilities: Fixed mineminenomi:abilities id mismatch mineminenomi:charged_punch: 546 (init) -> 547 (map).
[20Sep2026 21:12:31.805] [Render thread/DEBUG] [net.minecraftforge.registries.ForgeRegistry/REGISTRIES]: Registry mineminenomi:abilities: Fixed mineminenomi:abilities id mismatch mineminenomi:chiyu_hormone: 272 (init) -> 207 (map).
[20Sep2026 21:12:31.805] [Render thread/DEBUG] [net.minecraftforge.registries.ForgeRegistry/REGISTRIES]: Registry mineminenomi:abilities: Fixed mineminenomi:abilities id mismatch mineminenomi:chiyupopo: 158 (init) -> 173 (map).
[20Sep2026 21:12:31.805] [Render thread/DEBUG] [net.minecraftforge.registries.ForgeRegistry/REGISTRIES]: Registry mineminenomi:abilities: Fixed mineminenomi:abilities id mismatch mineminenomi:chloro_ball: 64 (init) -> 84 (map).
[20Sep2026 21:12:31.805] [Render thread/DEBUG] [net.minecraftforge.registries.ForgeRegistry/REGISTRIES]: Registry mineminenomi:abilities: Fixed mineminenomi:abilities id mismatch mineminenomi:cien_fleur_stomp: 140 (init) -> 127 (map).
[20Sep2026 21:12:31.805] [Render thread/DEBUG] [net.minecraftforge.registries.ForgeRegistry/REGISTRIES]: Registry mineminenomi:abilities: Fixed mineminenomi:abilities id mismatch mineminenomi:cien_fleur_wing: 139 (init) -> 126 (map).
[20Sep2026 21:12:31.805] [Render thread/DEBUG] [net.minecraftforge.registries.ForgeRegistry/REGISTRIES]: Registry mineminenomi:abilities: Fixed mineminenomi:abilities id mismatch mineminenomi:cola_backpack_bonus: 544 (init) -> 545 (map).
[20Sep2026 21:12:31.805] [Render thread/DEBUG] [net.minecraftforge.registries.ForgeRegistry/REGISTRIES]: Registry mineminenomi:abilities: Fixed mineminenomi:abilities id mismatch mineminenomi:cola_fuel: 458 (init) -> 459 (map).
[20Sep2026 21:12:31.805] [Render thread/DEBUG] [net.minecraftforge.registries.ForgeRegistry/REGISTRIES]: Registry mineminenomi:abilities: Fixed mineminenomi:abilities id mismatch mineminenomi:cola_overdrive: 456 (init) -> 457 (map).
[20Sep2026 21:12:31.805] [Render thread/DEBUG] [net.minecraftforge.registries.ForgeRegistry/REGISTRIES]: Registry mineminenomi:abilities: Fixed mineminenomi:abilities id mismatch mineminenomi:command: 539 (init) -> 540 (map).
[20Sep2026 21:12:31.805] [Render thread/DEBUG] [net.minecraftforge.registries.ForgeRegistry/REGISTRIES]: Registry mineminenomi:abilities: Fixed mineminenomi:abilities id mismatch mineminenomi:concasse: 506 (init) -> 507 (map).
[20Sep2026 21:12:31.805] [Render thread/DEBUG] [net.minecraftforge.registries.ForgeRegistry/REGISTRIES]: Registry mineminenomi:abilities: Fixed mineminenomi:abilities id mismatch mineminenomi:cool_ball: 488 (init) -> 489 (map).
[20Sep2026 21:12:31.806] [Render thread/DEBUG] [net.minecraftforge.registries.ForgeRegistry/REGISTRIES]: Registry mineminenomi:abilities: Fixed mineminenomi:abilities id mismatch mineminenomi:counter_shock: 245 (init) -> 289 (map).
[20Sep2026 21:12:31.806] [Render thread/DEBUG] [net.minecraftforge.registries.ForgeRegistry/REGISTRIES]: Registry mineminenomi:abilities: Fixed mineminenomi:abilities id mismatch mineminenomi:coup_de_boo: 454 (init) -> 455 (map).
[20Sep2026 21:12:31.806] [Render thread/DEBUG] [net.minecraftforge.registries.ForgeRegistry/REGISTRIES]: Registry mineminenomi:abilities: Fixed mineminenomi:abilities id mismatch mineminenomi:coup_de_vent: 455 (init) -> 456 (map).
[20Sep2026 21:12:31.806] [Render thread/DEBUG] [net.minecraftforge.registries.ForgeRegistry/REGISTRIES]: Registry mineminenomi:abilities: Fixed mineminenomi:abilities id mismatch mineminenomi:curtain: 252 (init) -> 296 (map).
[20Sep2026 21:12:31.806] [Render thread/DEBUG] [net.minecraftforge.registries.ForgeRegistry/REGISTRIES]: Registry mineminenomi:abilities: Fixed mineminenomi:abilities id mismatch mineminenomi:cyborg_passive_bonuses: 459 (init) -> 460 (map).
[20Sep2026 21:12:31.806] [Render thread/DEBUG] [net.minecraftforge.registries.ForgeRegistry/REGISTRIES]: Registry mineminenomi:abilities: Fixed mineminenomi:abilities id mismatch mineminenomi:cyclone_tempo: 500 (init) -> 501 (map).
[20Sep2026 21:12:31.806] [Render thread/DEBUG] [net.minecraftforge.registries.ForgeRegistry/REGISTRIES]: Registry mineminenomi:abilities: Fixed mineminenomi:abilities id mismatch mineminenomi:dai_enkai_entei: 376 (init) -> 398 (map).
[20Sep2026 21:12:31.806] [Render thread/DEBUG] [net.minecraftforge.registries.ForgeRegistry/REGISTRIES]: Registry mineminenomi:abilities: Fixed mineminenomi:abilities id mismatch mineminenomi:dai_funka: 47 (init) -> 61 (map).
[20Sep2026 21:12:31.806] [Render thread/DEBUG] [net.minecraftforge.registries.ForgeRegistry/REGISTRIES]: Registry mineminenomi:abilities: Fixed mineminenomi:abilities id mismatch mineminenomi:damage_absorption: 552 (init) -> 553 (map).
[20Sep2026 21:12:31.806] [Render thread/DEBUG] [net.minecraftforge.registries.ForgeRegistry/REGISTRIES]: Registry mineminenomi:abilities: Fixed mineminenomi:abilities id mismatch mineminenomi:damned_punk: 196 (init) -> 259 (map).
[20Sep2026 21:12:31.806] [Render thread/DEBUG] [net.minecraftforge.registries.ForgeRegistry/REGISTRIES]: Registry mineminenomi:abilities: Fixed mineminenomi:abilities id mismatch mineminenomi:dark_matter: 421 (init) -> 423 (map).
[20Sep2026 21:12:31.806] [Render thread/DEBUG] [net.minecraftforge.registries.ForgeRegistry/REGISTRIES]: Registry mineminenomi:abilities: Fixed mineminenomi:abilities id mismatch mineminenomi:death_wink: 275 (init) -> 210 (map).
[20Sep2026 21:12:31.806] [Render thread/DEBUG] [net.minecraftforge.registries.ForgeRegistry/REGISTRIES]: Registry mineminenomi:abilities: Fixed mineminenomi:abilities id mismatch mineminenomi:deka_deka: 364 (init) -> 392 (map).
[20Sep2026 21:12:31.806] [Render thread/DEBUG] [net.minecraftforge.registries.ForgeRegistry/REGISTRIES]: Registry mineminenomi:abilities: Fixed mineminenomi:abilities id mismatch mineminenomi:deka_trample: 365 (init) -> 393 (map).
[20Sep2026 21:12:31.806] [Render thread/DEBUG] [net.minecraftforge.registries.ForgeRegistry/REGISTRIES]: Registry mineminenomi:abilities: Fixed mineminenomi:abilities id mismatch mineminenomi:demonic_dance: 522 (init) -> 523 (map).
[20Sep2026 21:12:31.806] [Render thread/DEBUG] [net.minecraftforge.registries.ForgeRegistry/REGISTRIES]: Registry mineminenomi:abilities: Fixed mineminenomi:abilities id mismatch mineminenomi:demonic_dash: 524 (init) -> 525 (map).
[20Sep2026 21:12:31.806] [Render thread/DEBUG] [net.minecraftforge.registries.ForgeRegistry/REGISTRIES]: Registry mineminenomi:abilities: Fixed mineminenomi:abilities id mismatch mineminenomi:demonic_smash: 523 (init) -> 524 (map).
[20Sep2026 21:12:31.806] [Render thread/DEBUG] [net.minecraftforge.registries.ForgeRegistry/REGISTRIES]: Registry mineminenomi:abilities: Fixed mineminenomi:abilities id mismatch mineminenomi:desert_encierro: 426 (init) -> 427 (map).
[20Sep2026 21:12:31.806] [Render thread/DEBUG] [net.minecraftforge.registries.ForgeRegistry/REGISTRIES]: Registry mineminenomi:abilities: Fixed mineminenomi:abilities id mismatch mineminenomi:desert_encierro_reworked: 184 (init) -> 235 (map).
[20Sep2026 21:12:31.806] [Render thread/DEBUG] [net.minecraftforge.registries.ForgeRegistry/REGISTRIES]: Registry mineminenomi:abilities: Fixed mineminenomi:abilities id mismatch mineminenomi:desert_girasole: 186 (init) -> 237 (map).
[20Sep2026 21:12:31.806] [Render thread/DEBUG] [net.minecraftforge.registries.ForgeRegistry/REGISTRIES]: Registry mineminenomi:abilities: Fixed mineminenomi:abilities id mismatch mineminenomi:desert_grande_espada: 427 (init) -> 428 (map).
[20Sep2026 21:12:31.806] [Render thread/DEBUG] [net.minecraftforge.registries.ForgeRegistry/REGISTRIES]: Registry mineminenomi:abilities: Fixed mineminenomi:abilities id mismatch mineminenomi:desert_grande_espada_reworked: 180 (init) -> 231 (map).
[20Sep2026 21:12:31.806] [Render thread/DEBUG] [net.minecraftforge.registries.ForgeRegistry/REGISTRIES]: Registry mineminenomi:abilities: Fixed mineminenomi:abilities id mismatch mineminenomi:desert_spada: 179 (init) -> 230 (map).
[20Sep2026 21:12:31.806] [Render thread/DEBUG] [net.minecraftforge.registries.ForgeRegistry/REGISTRIES]: Registry mineminenomi:abilities: Fixed mineminenomi:abilities id mismatch mineminenomi:diable_jambe: 501 (init) -> 502 (map).
[20Sep2026 21:12:31.806] [Render thread/DEBUG] [net.minecraftforge.registries.ForgeRegistry/REGISTRIES]: Registry mineminenomi:abilities: Fixed mineminenomi:abilities id mismatch mineminenomi:doku_fugu: 65 (init) -> 85 (map).
[20Sep2026 21:12:31.806] [Render thread/DEBUG] [net.minecraftforge.registries.ForgeRegistry/REGISTRIES]: Registry mineminenomi:abilities: Fixed mineminenomi:abilities id mismatch mineminenomi:doku_gumo: 67 (init) -> 87 (map).
[20Sep2026 21:12:31.806] [Render thread/DEBUG] [net.minecraftforge.registries.ForgeRegistry/REGISTRIES]: Registry mineminenomi:abilities: Fixed mineminenomi:abilities id mismatch mineminenomi:don: 214 (init) -> 277 (map).
[20Sep2026 21:12:31.806] [Render thread/DEBUG] [net.minecraftforge.registries.ForgeRegistry/REGISTRIES]: Registry mineminenomi:abilities: Fixed mineminenomi:abilities id mismatch mineminenomi:door_door: 235 (init) -> 192 (map).
[20Sep2026 21:12:31.806] [Render thread/DEBUG] [net.minecraftforge.registries.ForgeRegistry/REGISTRIES]: Registry mineminenomi:abilities: Fixed mineminenomi:abilities id mismatch mineminenomi:doping: 484 (init) -> 485 (map).
[20Sep2026 21:12:31.806] [Render thread/DEBUG] [net.minecraftforge.registries.ForgeRegistry/REGISTRIES]: Registry mineminenomi:abilities: Fixed mineminenomi:abilities id mismatch mineminenomi:doppelman: 339 (init) -> 367 (map).
[20Sep2026 21:12:31.806] [Render thread/DEBUG] [net.minecraftforge.registries.ForgeRegistry/REGISTRIES]: Registry mineminenomi:abilities: Fixed mineminenomi:abilities id mismatch mineminenomi:doru_doru_arts_ken: 390 (init) -> 412 (map).
[20Sep2026 21:12:31.806] [Render thread/DEBUG] [net.minecraftforge.registries.ForgeRegistry/REGISTRIES]: Registry mineminenomi:abilities: Fixed mineminenomi:abilities id mismatch mineminenomi:doru_doru_arts_mori: 433 (init) -> 434 (map).
[20Sep2026 21:12:31.807] [Render thread/DEBUG] [net.minecraftforge.registries.ForgeRegistry/REGISTRIES]: Registry mineminenomi:abilities: Fixed mineminenomi:abilities id mismatch mineminenomi:doru_doru_arts_mori_reworked: 389 (init) -> 411 (map).
[20Sep2026 21:12:31.807] [Render thread/DEBUG] [net.minecraftforge.registries.ForgeRegistry/REGISTRIES]: Registry mineminenomi:abilities: Fixed mineminenomi:abilities id mismatch mineminenomi:doru_doru_arts_pickaxe: 392 (init) -> 414 (map).
[20Sep2026 21:12:31.807] [Render thread/DEBUG] [net.minecraftforge.registries.ForgeRegistry/REGISTRIES]: Registry mineminenomi:abilities: Fixed mineminenomi:abilities id mismatch mineminenomi:doru_doru_ball: 393 (init) -> 415 (map).
[20Sep2026 21:12:31.807] [Render thread/DEBUG] [net.minecraftforge.registries.ForgeRegistry/REGISTRIES]: Registry mineminenomi:abilities: Fixed mineminenomi:abilities id mismatch mineminenomi:doru_doru_no_yakata: 394 (init) -> 416 (map).
[20Sep2026 21:12:31.807] [Render thread/DEBUG] [net.minecraftforge.registries.ForgeRegistry/REGISTRIES]: Registry mineminenomi:abilities: Fixed mineminenomi:abilities id mismatch mineminenomi:dos_fleur_clutch: 135 (init) -> 122 (map).
[20Sep2026 21:12:31.807] [Render thread/DEBUG] [net.minecraftforge.registries.ForgeRegistry/REGISTRIES]: Registry mineminenomi:abilities: Fixed mineminenomi:abilities id mismatch mineminenomi:dragons_roar: 425 (init) -> 426 (map).
[20Sep2026 21:12:31.807] [Render thread/DEBUG] [net.minecraftforge.registries.ForgeRegistry/REGISTRIES]: Registry mineminenomi:abilities: Fixed mineminenomi:abilities id mismatch mineminenomi:dragons_roar_reworked: 156 (init) -> 171 (map).
[20Sep2026 21:12:31.807] [Render thread/DEBUG] [net.minecraftforge.registries.ForgeRegistry/REGISTRIES]: Registry mineminenomi:abilities: Fixed mineminenomi:abilities id mismatch mineminenomi:el_thor_reworked: 123 (init) -> 143 (map).
[20Sep2026 21:12:31.807] [Render thread/DEBUG] [net.minecraftforge.registries.ForgeRegistry/REGISTRIES]: Registry mineminenomi:abilities: Fixed mineminenomi:abilities id mismatch mineminenomi:eleclaw: 460 (init) -> 461 (map).
[20Sep2026 21:12:31.807] [Render thread/DEBUG] [net.minecraftforge.registries.ForgeRegistry/REGISTRIES]: Registry mineminenomi:abilities: Fixed mineminenomi:abilities id mismatch mineminenomi:electrical_luna: 464 (init) -> 465 (map).
[20Sep2026 21:12:31.807] [Render thread/DEBUG] [net.minecraftforge.registries.ForgeRegistry/REGISTRIES]: Registry mineminenomi:abilities: Fixed mineminenomi:abilities id mismatch mineminenomi:electrical_missile: 461 (init) -> 462 (map).
[20Sep2026 21:12:31.807] [Render thread/DEBUG] [net.minecraftforge.registries.ForgeRegistry/REGISTRIES]: Registry mineminenomi:abilities: Fixed mineminenomi:abilities id mismatch mineminenomi:electrical_shower: 463 (init) -> 464 (map).
[20Sep2026 21:12:31.807] [Render thread/DEBUG] [net.minecraftforge.registries.ForgeRegistry/REGISTRIES]: Registry mineminenomi:abilities: Fixed mineminenomi:abilities id mismatch mineminenomi:electrical_tempesta: 462 (init) -> 463 (map).
[20Sep2026 21:12:31.807] [Render thread/DEBUG] [net.minecraftforge.registries.ForgeRegistry/REGISTRIES]: Registry mineminenomi:abilities: Fixed mineminenomi:abilities id mismatch mineminenomi:empty_hands: 541 (init) -> 542 (map).
[20Sep2026 21:12:31.807] [Render thread/DEBUG] [net.minecraftforge.registries.ForgeRegistry/REGISTRIES]: Registry mineminenomi:abilities: Fixed mineminenomi:abilities id mismatch mineminenomi:evaporate: 232 (init) -> 189 (map).
[20Sep2026 21:12:31.807] [Render thread/DEBUG] [net.minecraftforge.registries.ForgeRegistry/REGISTRIES]: Registry mineminenomi:abilities: Fixed mineminenomi:abilities id mismatch mineminenomi:ever_white: 359 (init) -> 387 (map).
[20Sep2026 21:12:31.807] [Render thread/DEBUG] [net.minecraftforge.registries.ForgeRegistry/REGISTRIES]: Registry mineminenomi:abilities: Fixed mineminenomi:abilities id mismatch mineminenomi:explosion_immunity: 371 (init) -> 312 (map).
[20Sep2026 21:12:31.807] [Render thread/DEBUG] [net.minecraftforge.registries.ForgeRegistry/REGISTRIES]: Registry mineminenomi:abilities: Fixed mineminenomi:abilities id mismatch mineminenomi:explosive_punch: 369 (init) -> 310 (map).
[20Sep2026 21:12:31.807] [Render thread/DEBUG] [net.minecraftforge.registries.ForgeRegistry/REGISTRIES]: Registry mineminenomi:abilities: Fixed mineminenomi:abilities id mismatch mineminenomi:extra_hachis: 504 (init) -> 505 (map).
[20Sep2026 21:12:31.807] [Render thread/DEBUG] [net.minecraftforge.registries.ForgeRegistry/REGISTRIES]: Registry mineminenomi:abilities: Fixed mineminenomi:abilities id mismatch mineminenomi:failed_experiment: 483 (init) -> 484 (map).
[20Sep2026 21:12:31.807] [Render thread/DEBUG] [net.minecraftforge.registries.ForgeRegistry/REGISTRIES]: Registry mineminenomi:abilities: Fixed mineminenomi:abilities id mismatch mineminenomi:fiddle_banff: 79 (init) -> 72 (map).
[20Sep2026 21:12:31.807] [Render thread/DEBUG] [net.minecraftforge.registries.ForgeRegistry/REGISTRIES]: Registry mineminenomi:abilities: Fixed mineminenomi:abilities id mismatch mineminenomi:first_aid: 481 (init) -> 482 (map).
[20Sep2026 21:12:31.807] [Render thread/DEBUG] [net.minecraftforge.registries.ForgeRegistry/REGISTRIES]: Registry mineminenomi:abilities: Fixed mineminenomi:abilities id mismatch mineminenomi:fishman_passive_bonuses: 450 (init) -> 451 (map).
[20Sep2026 21:12:31.807] [Render thread/DEBUG] [net.minecraftforge.registries.ForgeRegistry/REGISTRIES]: Registry mineminenomi:abilities: Fixed mineminenomi:abilities id mismatch mineminenomi:flap_thread: 360 (init) -> 388 (map).
[20Sep2026 21:12:31.807] [Render thread/DEBUG] [net.minecraftforge.registries.ForgeRegistry/REGISTRIES]: Registry mineminenomi:abilities: Fixed mineminenomi:abilities id mismatch mineminenomi:fog_tempo: 494 (init) -> 495 (map).
[20Sep2026 21:12:31.807] [Render thread/DEBUG] [net.minecraftforge.registries.ForgeRegistry/REGISTRIES]: Registry mineminenomi:abilities: Fixed mineminenomi:abilities id mismatch mineminenomi:free_swimming: 216 (init) -> 166 (map).
[20Sep2026 21:12:31.807] [Render thread/DEBUG] [net.minecraftforge.registries.ForgeRegistry/REGISTRIES]: Registry mineminenomi:abilities: Fixed mineminenomi:abilities id mismatch mineminenomi:fresh_fire: 453 (init) -> 454 (map).
[20Sep2026 21:12:31.807] [Render thread/DEBUG] [net.minecraftforge.registries.ForgeRegistry/REGISTRIES]: Registry mineminenomi:abilities: Fixed mineminenomi:abilities id mismatch mineminenomi:frost_walker: 285 (init) -> 344 (map).
[20Sep2026 21:12:31.807] [Render thread/DEBUG] [net.minecraftforge.registries.ForgeRegistry/REGISTRIES]: Registry mineminenomi:abilities: Fixed mineminenomi:abilities id mismatch mineminenomi:fubuki: 293 (init) -> 352 (map).
[20Sep2026 21:12:31.807] [Render thread/DEBUG] [net.minecraftforge.registries.ForgeRegistry/REGISTRIES]: Registry mineminenomi:abilities: Fixed mineminenomi:abilities id mismatch mineminenomi:fullbright: 430 (init) -> 431 (map).
[20Sep2026 21:12:31.807] [Render thread/DEBUG] [net.minecraftforge.registries.ForgeRegistry/REGISTRIES]: Registry mineminenomi:abilities: Fixed mineminenomi:abilities id mismatch mineminenomi:gamma_knife: 247 (init) -> 291 (map).
[20Sep2026 21:12:31.807] [Render thread/DEBUG] [net.minecraftforge.registries.ForgeRegistry/REGISTRIES]: Registry mineminenomi:abilities: Fixed mineminenomi:abilities id mismatch mineminenomi:ganmen_seicho_hormone: 274 (init) -> 209 (map).
[20Sep2026 21:12:31.807] [Render thread/DEBUG] [net.minecraftforge.registries.ForgeRegistry/REGISTRIES]: Registry mineminenomi:abilities: Fixed mineminenomi:abilities id mismatch mineminenomi:gas_robe: 323 (init) -> 357 (map).
[20Sep2026 21:12:31.807] [Render thread/DEBUG] [net.minecraftforge.registries.ForgeRegistry/REGISTRIES]: Registry mineminenomi:abilities: Fixed mineminenomi:abilities id mismatch mineminenomi:gastanet: 324 (init) -> 358 (map).
[20Sep2026 21:12:31.807] [Render thread/DEBUG] [net.minecraftforge.registries.ForgeRegistry/REGISTRIES]: Registry mineminenomi:abilities: Fixed mineminenomi:abilities id mismatch mineminenomi:gastille: 325 (init) -> 359 (map).
[20Sep2026 21:12:31.807] [Render thread/DEBUG] [net.minecraftforge.registries.ForgeRegistry/REGISTRIES]: Registry mineminenomi:abilities: Fixed mineminenomi:abilities id mismatch mineminenomi:gastronomorph: 147 (init) -> 134 (map).
[20Sep2026 21:12:31.808] [Render thread/DEBUG] [net.minecraftforge.registries.ForgeRegistry/REGISTRIES]: Registry mineminenomi:abilities: Fixed mineminenomi:abilities id mismatch mineminenomi:gasu_immunities: 331 (init) -> 365 (map).
[20Sep2026 21:12:31.808] [Render thread/DEBUG] [net.minecraftforge.registries.ForgeRegistry/REGISTRIES]: Registry mineminenomi:abilities: Fixed mineminenomi:abilities id mismatch mineminenomi:gasu_special_fly: 330 (init) -> 364 (map).
[20Sep2026 21:12:31.808] [Render thread/DEBUG] [net.minecraftforge.registries.ForgeRegistry/REGISTRIES]: Registry mineminenomi:abilities: Fixed mineminenomi:abilities id mismatch mineminenomi:gear_fifth: 411 (init) -> 328 (map).
[20Sep2026 21:12:31.808] [Render thread/DEBUG] [net.minecraftforge.registries.ForgeRegistry/REGISTRIES]: Registry mineminenomi:abilities: Fixed mineminenomi:abilities id mismatch mineminenomi:gear_fourth: 408 (init) -> 325 (map).
[20Sep2026 21:12:31.808] [Render thread/DEBUG] [net.minecraftforge.registries.ForgeRegistry/REGISTRIES]: Registry mineminenomi:abilities: Fixed mineminenomi:abilities id mismatch mineminenomi:gear_fourth_flight: 409 (init) -> 326 (map).
[20Sep2026 21:12:31.808] [Render thread/DEBUG] [net.minecraftforge.registries.ForgeRegistry/REGISTRIES]: Registry mineminenomi:abilities: Fixed mineminenomi:abilities id mismatch mineminenomi:gear_second: 406 (init) -> 323 (map).
[20Sep2026 21:12:31.808] [Render thread/DEBUG] [net.minecraftforge.registries.ForgeRegistry/REGISTRIES]: Registry mineminenomi:abilities: Fixed mineminenomi:abilities id mismatch mineminenomi:gear_third: 407 (init) -> 324 (map).
[20Sep2026 21:12:31.808] [Render thread/DEBUG] [net.minecraftforge.registries.ForgeRegistry/REGISTRIES]: Registry mineminenomi:abilities: Fixed mineminenomi:abilities id mismatch mineminenomi:gekishin: 90 (init) -> 93 (map).
[20Sep2026 21:12:31.808] [Render thread/DEBUG] [net.minecraftforge.registries.ForgeRegistry/REGISTRIES]: Registry mineminenomi:abilities: Fixed mineminenomi:abilities id mismatch mineminenomi:genkotsu_meteor: 509 (init) -> 510 (map).
[20Sep2026 21:12:31.808] [Render thread/DEBUG] [net.minecraftforge.registries.ForgeRegistry/REGISTRIES]: Registry mineminenomi:abilities: Fixed mineminenomi:abilities id mismatch mineminenomi:genocide_raid: 198 (init) -> 261 (map).
[20Sep2026 21:12:31.808] [Render thread/DEBUG] [net.minecraftforge.registries.ForgeRegistry/REGISTRIES]: Registry mineminenomi:abilities: Fixed mineminenomi:abilities id mismatch mineminenomi:geppo: 441 (init) -> 442 (map).
[20Sep2026 21:12:31.808] [Render thread/DEBUG] [net.minecraftforge.registries.ForgeRegistry/REGISTRIES]: Registry mineminenomi:abilities: Fixed mineminenomi:abilities id mismatch mineminenomi:giraffe_heavy_point: 70 (init) -> 54 (map).
[20Sep2026 21:12:31.808] [Render thread/DEBUG] [net.minecraftforge.registries.ForgeRegistry/REGISTRIES]: Registry mineminenomi:abilities: Fixed mineminenomi:abilities id mismatch mineminenomi:giraffe_rideable: 73 (init) -> 57 (map).
[20Sep2026 21:12:31.808] [Render thread/DEBUG] [net.minecraftforge.registries.ForgeRegistry/REGISTRIES]: Registry mineminenomi:abilities: Fixed mineminenomi:abilities id mismatch mineminenomi:giraffe_walk_point: 71 (init) -> 55 (map).
[20Sep2026 21:12:31.808] [Render thread/DEBUG] [net.minecraftforge.registries.ForgeRegistry/REGISTRIES]: Registry mineminenomi:abilities: Fixed mineminenomi:abilities id mismatch mineminenomi:glacial_coating: 283 (init) -> 342 (map).
[20Sep2026 21:12:31.808] [Render thread/DEBUG] [net.minecraftforge.registries.ForgeRegistry/REGISTRIES]: Registry mineminenomi:abilities: Fixed mineminenomi:abilities id mismatch mineminenomi:gloam_paddling: 131 (init) -> 151 (map).
[20Sep2026 21:12:31.808] [Render thread/DEBUG] [net.minecraftforge.registries.ForgeRegistry/REGISTRIES]: Registry mineminenomi:abilities: Fixed mineminenomi:abilities id mismatch mineminenomi:god_thread: 361 (init) -> 389 (map).
[20Sep2026 21:12:31.808] [Render thread/DEBUG] [net.minecraftforge.registries.ForgeRegistry/REGISTRIES]: Registry mineminenomi:abilities: Fixed mineminenomi:abilities id mismatch mineminenomi:golden_hour: 220 (init) -> 183 (map).
[20Sep2026 21:12:31.808] [Render thread/DEBUG] [net.minecraftforge.registries.ForgeRegistry/REGISTRIES]: Registry mineminenomi:abilities: Fixed mineminenomi:abilities id mismatch mineminenomi:gomu_gomu_no_bazooka: 404 (init) -> 321 (map).
[20Sep2026 21:12:31.808] [Render thread/DEBUG] [net.minecraftforge.registries.ForgeRegistry/REGISTRIES]: Registry mineminenomi:abilities: Fixed mineminenomi:abilities id mismatch mineminenomi:gomu_gomu_no_dawn_whip: 413 (init) -> 330 (map).
[20Sep2026 21:12:31.808] [Render thread/DEBUG] [net.minecraftforge.registries.ForgeRegistry/REGISTRIES]: Registry mineminenomi:abilities: Fixed mineminenomi:abilities id mismatch mineminenomi:gomu_gomu_no_gatling: 403 (init) -> 320 (map).
[20Sep2026 21:12:31.808] [Render thread/DEBUG] [net.minecraftforge.registries.ForgeRegistry/REGISTRIES]: Registry mineminenomi:abilities: Fixed mineminenomi:abilities id mismatch mineminenomi:gomu_gomu_no_gigant: 412 (init) -> 329 (map).
[20Sep2026 21:12:31.808] [Render thread/DEBUG] [net.minecraftforge.registries.ForgeRegistry/REGISTRIES]: Registry mineminenomi:abilities: Fixed mineminenomi:abilities id mismatch mineminenomi:gomu_gomu_no_pistol: 402 (init) -> 319 (map).
[20Sep2026 21:12:31.808] [Render thread/DEBUG] [net.minecraftforge.registries.ForgeRegistry/REGISTRIES]: Registry mineminenomi:abilities: Fixed mineminenomi:abilities id mismatch mineminenomi:gomu_gomu_no_rocket: 405 (init) -> 322 (map).
[20Sep2026 21:12:31.808] [Render thread/DEBUG] [net.minecraftforge.registries.ForgeRegistry/REGISTRIES]: Registry mineminenomi:abilities: Fixed mineminenomi:abilities id mismatch mineminenomi:goro_block_bypassing: 134 (init) -> 154 (map).
[20Sep2026 21:12:31.808] [Render thread/DEBUG] [net.minecraftforge.registries.ForgeRegistry/REGISTRIES]: Registry mineminenomi:abilities: Fixed mineminenomi:abilities id mismatch mineminenomi:goshikito: 362 (init) -> 390 (map).
[20Sep2026 21:12:31.808] [Render thread/DEBUG] [net.minecraftforge.registries.ForgeRegistry/REGISTRIES]: Registry mineminenomi:abilities: Fixed mineminenomi:abilities id mismatch mineminenomi:gourmet_snipe: 148 (init) -> 135 (map).
[20Sep2026 21:12:31.808] [Render thread/DEBUG] [net.minecraftforge.registries.ForgeRegistry/REGISTRIES]: Registry mineminenomi:abilities: Fixed mineminenomi:abilities id mismatch mineminenomi:gourmetamorphosis: 146 (init) -> 133 (map).
[20Sep2026 21:12:31.808] [Render thread/DEBUG] [net.minecraftforge.registries.ForgeRegistry/REGISTRIES]: Registry mineminenomi:abilities: Fixed mineminenomi:abilities id mismatch mineminenomi:grab_lock: 570 (init) -> 571 (map).
[20Sep2026 21:12:31.808] [Render thread/DEBUG] [net.minecraftforge.registries.ForgeRegistry/REGISTRIES]: Registry mineminenomi:abilities: Fixed mineminenomi:abilities id mismatch mineminenomi:grande_sables: 182 (init) -> 233 (map).
[20Sep2026 21:12:31.808] [Render thread/DEBUG] [net.minecraftforge.registries.ForgeRegistry/REGISTRIES]: Registry mineminenomi:abilities: Fixed mineminenomi:abilities id mismatch mineminenomi:gravi_pull: 322 (init) -> 247 (map).
[20Sep2026 21:12:31.808] [Render thread/DEBUG] [net.minecraftforge.registries.ForgeRegistry/REGISTRIES]: Registry mineminenomi:abilities: Fixed mineminenomi:abilities id mismatch mineminenomi:gravi_zone: 321 (init) -> 246 (map).
[20Sep2026 21:12:31.808] [Render thread/DEBUG] [net.minecraftforge.registries.ForgeRegistry/REGISTRIES]: Registry mineminenomi:abilities: Fixed mineminenomi:abilities id mismatch mineminenomi:great_cage: 306 (init) -> 219 (map).
[20Sep2026 21:12:31.808] [Render thread/DEBUG] [net.minecraftforge.registries.ForgeRegistry/REGISTRIES]: Registry mineminenomi:abilities: Fixed mineminenomi:abilities id mismatch mineminenomi:great_stomp: 86 (init) -> 79 (map).
[20Sep2026 21:12:31.808] [Render thread/DEBUG] [net.minecraftforge.registries.ForgeRegistry/REGISTRIES]: Registry mineminenomi:abilities: Fixed mineminenomi:abilities id mismatch mineminenomi:ground_death: 185 (init) -> 236 (map).
[20Sep2026 21:12:31.808] [Render thread/DEBUG] [net.minecraftforge.registries.ForgeRegistry/REGISTRIES]: Registry mineminenomi:abilities: Fixed mineminenomi:abilities id mismatch mineminenomi:ground_secco: 569 (init) -> 570 (map).
[20Sep2026 21:12:31.808] [Render thread/DEBUG] [net.minecraftforge.registries.ForgeRegistry/REGISTRIES]: Registry mineminenomi:abilities: Fixed mineminenomi:abilities id mismatch mineminenomi:gun_array: 543 (init) -> 544 (map).
[20Sep2026 21:12:31.809] [Render thread/DEBUG] [net.minecraftforge.registries.ForgeRegistry/REGISTRIES]: Registry mineminenomi:abilities: Fixed mineminenomi:abilities id mismatch mineminenomi:gura_immunities: 96 (init) -> 99 (map).
[20Sep2026 21:12:31.809] [Render thread/DEBUG] [net.minecraftforge.registries.ForgeRegistry/REGISTRIES]: Registry mineminenomi:abilities: Fixed mineminenomi:abilities id mismatch mineminenomi:gust_sword: 498 (init) -> 499 (map).
[20Sep2026 21:12:31.809] [Render thread/DEBUG] [net.minecraftforge.registries.ForgeRegistry/REGISTRIES]: Registry mineminenomi:abilities: Fixed mineminenomi:abilities id mismatch mineminenomi:hakai_ho: 511 (init) -> 512 (map).
[20Sep2026 21:12:31.809] [Render thread/DEBUG] [net.minecraftforge.registries.ForgeRegistry/REGISTRIES]: Registry mineminenomi:abilities: Fixed mineminenomi:abilities id mismatch mineminenomi:hakua: 94 (init) -> 97 (map).
[20Sep2026 21:12:31.809] [Render thread/DEBUG] [net.minecraftforge.registries.ForgeRegistry/REGISTRIES]: Registry mineminenomi:abilities: Fixed mineminenomi:abilities id mismatch mineminenomi:hanamizu_shinken_shirahadori: 151 (init) -> 138 (map).
[20Sep2026 21:12:31.809] [Render thread/DEBUG] [net.minecraftforge.registries.ForgeRegistry/REGISTRIES]: Registry mineminenomi:abilities: Fixed mineminenomi:abilities id mismatch mineminenomi:hanpatsu: 162 (init) -> 177 (map).
[20Sep2026 21:12:31.809] [Render thread/DEBUG] [net.minecraftforge.registries.ForgeRegistry/REGISTRIES]: Registry mineminenomi:abilities: Fixed mineminenomi:abilities id mismatch mineminenomi:haoshoku_haki: 535 (init) -> 536 (map).
[20Sep2026 21:12:31.809] [Render thread/DEBUG] [net.minecraftforge.registries.ForgeRegistry/REGISTRIES]: Registry mineminenomi:abilities: Fixed mineminenomi:abilities id mismatch mineminenomi:haoshoku_haki_infusion: 536 (init) -> 537 (map).
[20Sep2026 21:12:31.809] [Render thread/DEBUG] [net.minecraftforge.registries.ForgeRegistry/REGISTRIES]: Registry mineminenomi:abilities: Fixed mineminenomi:abilities id mismatch mineminenomi:healing_touch: 157 (init) -> 172 (map).
[20Sep2026 21:12:31.809] [Render thread/DEBUG] [net.minecraftforge.registries.ForgeRegistry/REGISTRIES]: Registry mineminenomi:abilities: Fixed mineminenomi:abilities id mismatch mineminenomi:heart_regen: 228 (init) -> 284 (map).
[20Sep2026 21:12:31.809] [Render thread/DEBUG] [net.minecraftforge.registries.ForgeRegistry/REGISTRIES]: Registry mineminenomi:abilities: Fixed mineminenomi:abilities id mismatch mineminenomi:heat_ball: 487 (init) -> 488 (map).
[20Sep2026 21:12:31.809] [Render thread/DEBUG] [net.minecraftforge.registries.ForgeRegistry/REGISTRIES]: Registry mineminenomi:abilities: Fixed mineminenomi:abilities id mismatch mineminenomi:heat_dash: 379 (init) -> 401 (map).
[20Sep2026 21:12:31.809] [Render thread/DEBUG] [net.minecraftforge.registries.ForgeRegistry/REGISTRIES]: Registry mineminenomi:abilities: Fixed mineminenomi:abilities id mismatch mineminenomi:heat_denasshi: 177 (init) -> 164 (map).
[20Sep2026 21:12:31.809] [Render thread/DEBUG] [net.minecraftforge.registries.ForgeRegistry/REGISTRIES]: Registry mineminenomi:abilities: Fixed mineminenomi:abilities id mismatch mineminenomi:heat_egg_tempo: 499 (init) -> 500 (map).
[20Sep2026 21:12:31.809] [Render thread/DEBUG] [net.minecraftforge.registries.ForgeRegistry/REGISTRIES]: Registry mineminenomi:abilities: Fixed mineminenomi:abilities id mismatch mineminenomi:heat_immunities: 178 (init) -> 165 (map).
[20Sep2026 21:12:31.809] [Render thread/DEBUG] [net.minecraftforge.registries.ForgeRegistry/REGISTRIES]: Registry mineminenomi:abilities: Fixed mineminenomi:abilities id mismatch mineminenomi:heat_logia_immunities: 55 (init) -> 69 (map).
[20Sep2026 21:12:31.809] [Render thread/DEBUG] [net.minecraftforge.registries.ForgeRegistry/REGISTRIES]: Registry mineminenomi:abilities: Fixed mineminenomi:abilities id mismatch mineminenomi:hi_no_tori_boshi: 473 (init) -> 474 (map).
[20Sep2026 21:12:31.809] [Render thread/DEBUG] [net.minecraftforge.registries.ForgeRegistry/REGISTRIES]: Registry mineminenomi:abilities: Fixed mineminenomi:abilities id mismatch mineminenomi:hibashira: 374 (init) -> 396 (map).
[20Sep2026 21:12:31.809] [Render thread/DEBUG] [net.minecraftforge.registries.ForgeRegistry/REGISTRIES]: Registry mineminenomi:abilities: Fixed mineminenomi:abilities id mismatch mineminenomi:hidaruma: 372 (init) -> 394 (map).
[20Sep2026 21:12:31.809] [Render thread/DEBUG] [net.minecraftforge.registries.ForgeRegistry/REGISTRIES]: Registry mineminenomi:abilities: Fixed mineminenomi:abilities id mismatch mineminenomi:hie_block_bypassing: 287 (init) -> 346 (map).
[20Sep2026 21:12:31.809] [Render thread/DEBUG] [net.minecraftforge.registries.ForgeRegistry/REGISTRIES]: Registry mineminenomi:abilities: Fixed mineminenomi:abilities id mismatch mineminenomi:hie_immunities: 286 (init) -> 345 (map).
[20Sep2026 21:12:31.809] [Render thread/DEBUG] [net.minecraftforge.registries.ForgeRegistry/REGISTRIES]: Registry mineminenomi:abilities: Fixed mineminenomi:abilities id mismatch mineminenomi:higan: 377 (init) -> 399 (map).
[20Sep2026 21:12:31.809] [Render thread/DEBUG] [net.minecraftforge.registries.ForgeRegistry/REGISTRIES]: Registry mineminenomi:abilities: Fixed mineminenomi:abilities id mismatch mineminenomi:hiken: 373 (init) -> 395 (map).
[20Sep2026 21:12:31.809] [Render thread/DEBUG] [net.minecraftforge.registries.ForgeRegistry/REGISTRIES]: Registry mineminenomi:abilities: Fixed mineminenomi:abilities id mismatch mineminenomi:hiryu_kaen: 472 (init) -> 473 (map).
[20Sep2026 21:12:31.809] [Render thread/DEBUG] [net.minecraftforge.registries.ForgeRegistry/REGISTRIES]: Registry mineminenomi:abilities: Fixed mineminenomi:abilities id mismatch mineminenomi:hissatsu: 480 (init) -> 481 (map).
[20Sep2026 21:12:31.809] [Render thread/DEBUG] [net.minecraftforge.registries.ForgeRegistry/REGISTRIES]: Registry mineminenomi:abilities: Fixed mineminenomi:abilities id mismatch mineminenomi:honk: 573 (init) -> 574 (map).
[20Sep2026 21:12:31.809] [Render thread/DEBUG] [net.minecraftforge.registries.ForgeRegistry/REGISTRIES]: Registry mineminenomi:abilities: Fixed mineminenomi:abilities id mismatch mineminenomi:hook_grab: 571 (init) -> 572 (map).
[20Sep2026 21:12:31.809] [Render thread/DEBUG] [net.minecraftforge.registries.ForgeRegistry/REGISTRIES]: Registry mineminenomi:abilities: Fixed mineminenomi:abilities id mismatch mineminenomi:hot_boiling_special: 233 (init) -> 190 (map).
[20Sep2026 21:12:31.809] [Render thread/DEBUG] [net.minecraftforge.registries.ForgeRegistry/REGISTRIES]: Registry mineminenomi:abilities: Fixed mineminenomi:abilities id mismatch mineminenomi:hydra: 63 (init) -> 83 (map).
[20Sep2026 21:12:31.809] [Render thread/DEBUG] [net.minecraftforge.registries.ForgeRegistry/REGISTRIES]: Registry mineminenomi:abilities: Fixed mineminenomi:abilities id mismatch mineminenomi:ice_age: 277 (init) -> 336 (map).
[20Sep2026 21:12:31.809] [Render thread/DEBUG] [net.minecraftforge.registries.ForgeRegistry/REGISTRIES]: Registry mineminenomi:abilities: Fixed mineminenomi:abilities id mismatch mineminenomi:ice_ball: 278 (init) -> 337 (map).
[20Sep2026 21:12:31.809] [Render thread/DEBUG] [net.minecraftforge.registries.ForgeRegistry/REGISTRIES]: Registry mineminenomi:abilities: Fixed mineminenomi:abilities id mismatch mineminenomi:ice_block_avalanche: 282 (init) -> 341 (map).
[20Sep2026 21:12:31.809] [Render thread/DEBUG] [net.minecraftforge.registries.ForgeRegistry/REGISTRIES]: Registry mineminenomi:abilities: Fixed mineminenomi:abilities id mismatch mineminenomi:ice_block_partisan: 276 (init) -> 335 (map).
[20Sep2026 21:12:31.809] [Render thread/DEBUG] [net.minecraftforge.registries.ForgeRegistry/REGISTRIES]: Registry mineminenomi:abilities: Fixed mineminenomi:abilities id mismatch mineminenomi:ice_block_pheasant: 281 (init) -> 340 (map).
[20Sep2026 21:12:31.809] [Render thread/DEBUG] [net.minecraftforge.registries.ForgeRegistry/REGISTRIES]: Registry mineminenomi:abilities: Fixed mineminenomi:abilities id mismatch mineminenomi:ice_saber: 279 (init) -> 338 (map).
[20Sep2026 21:12:31.809] [Render thread/DEBUG] [net.minecraftforge.registries.ForgeRegistry/REGISTRIES]: Registry mineminenomi:abilities: Fixed mineminenomi:abilities id mismatch mineminenomi:ice_time: 280 (init) -> 339 (map).
[20Sep2026 21:12:31.809] [Render thread/DEBUG] [net.minecraftforge.registries.ForgeRegistry/REGISTRIES]: Registry mineminenomi:abilities: Fixed mineminenomi:abilities id mismatch mineminenomi:ichirin_zashi: 525 (init) -> 526 (map).
[20Sep2026 21:12:31.809] [Render thread/DEBUG] [net.minecraftforge.registries.ForgeRegistry/REGISTRIES]: Registry mineminenomi:abilities: Fixed mineminenomi:abilities id mismatch mineminenomi:inga_zarashi: 100 (init) -> 91 (map).
[20Sep2026 21:12:31.809] [Render thread/DEBUG] [net.minecraftforge.registries.ForgeRegistry/REGISTRIES]: Registry mineminenomi:abilities: Fixed mineminenomi:abilities id mismatch mineminenomi:injection_shot: 244 (init) -> 288 (map).
[20Sep2026 21:12:31.809] [Render thread/DEBUG] [net.minecraftforge.registries.ForgeRegistry/REGISTRIES]: Registry mineminenomi:abilities: Fixed mineminenomi:abilities id mismatch mineminenomi:island_shattering_punch: 348 (init) -> 376 (map).
[20Sep2026 21:12:31.809] [Render thread/DEBUG] [net.minecraftforge.registries.ForgeRegistry/REGISTRIES]: Registry mineminenomi:abilities: Fixed mineminenomi:abilities id mismatch mineminenomi:ivory_dart: 87 (init) -> 80 (map).
[20Sep2026 21:12:31.809] [Render thread/DEBUG] [net.minecraftforge.registries.ForgeRegistry/REGISTRIES]: Registry mineminenomi:abilities: Fixed mineminenomi:abilities id mismatch mineminenomi:ivory_stomp: 88 (init) -> 81 (map).
[20Sep2026 21:12:31.809] [Render thread/DEBUG] [net.minecraftforge.registries.ForgeRegistry/REGISTRIES]: Registry mineminenomi:abilities: Fixed mineminenomi:abilities id mismatch mineminenomi:jigoku_tabi: 317 (init) -> 242 (map).
[20Sep2026 21:12:31.809] [Render thread/DEBUG] [net.minecraftforge.registries.ForgeRegistry/REGISTRIES]: Registry mineminenomi:abilities: Fixed mineminenomi:abilities id mismatch mineminenomi:jinkaku_ishoku_shujutsu: 254 (init) -> 298 (map).
[20Sep2026 21:12:31.809] [Render thread/DEBUG] [net.minecraftforge.registries.ForgeRegistry/REGISTRIES]: Registry mineminenomi:abilities: Fixed mineminenomi:abilities id mismatch mineminenomi:jishin_ho: 512 (init) -> 513 (map).
[20Sep2026 21:12:31.809] [Render thread/DEBUG] [net.minecraftforge.registries.ForgeRegistry/REGISTRIES]: Registry mineminenomi:abilities: Fixed mineminenomi:abilities id mismatch mineminenomi:jujika: 378 (init) -> 400 (map).
[20Sep2026 21:12:31.810] [Render thread/DEBUG] [net.minecraftforge.registries.ForgeRegistry/REGISTRIES]: Registry mineminenomi:abilities: Fixed mineminenomi:abilities id mismatch mineminenomi:kabutowari: 97 (init) -> 100 (map).
[20Sep2026 21:12:31.810] [Render thread/DEBUG] [net.minecraftforge.registries.ForgeRegistry/REGISTRIES]: Registry mineminenomi:abilities: Fixed mineminenomi:abilities id mismatch mineminenomi:kachiage_haisoku: 447 (init) -> 448 (map).
[20Sep2026 21:12:31.810] [Render thread/DEBUG] [net.minecraftforge.registries.ForgeRegistry/REGISTRIES]: Registry mineminenomi:abilities: Fixed mineminenomi:abilities id mismatch mineminenomi:kaen_boshi: 551 (init) -> 552 (map).
[20Sep2026 21:12:31.810] [Render thread/DEBUG] [net.minecraftforge.registries.ForgeRegistry/REGISTRIES]: Registry mineminenomi:abilities: Fixed mineminenomi:abilities id mismatch mineminenomi:kage_giri: 345 (init) -> 373 (map).
[20Sep2026 21:12:31.810] [Render thread/DEBUG] [net.minecraftforge.registries.ForgeRegistry/REGISTRIES]: Registry mineminenomi:abilities: Fixed mineminenomi:abilities id mismatch mineminenomi:kage_kakumei: 344 (init) -> 372 (map).
[20Sep2026 21:12:31.810] [Render thread/DEBUG] [net.minecraftforge.registries.ForgeRegistry/REGISTRIES]: Registry mineminenomi:abilities: Fixed mineminenomi:abilities id mismatch mineminenomi:kagemusha: 340 (init) -> 368 (map).
[20Sep2026 21:12:31.810] [Render thread/DEBUG] [net.minecraftforge.registries.ForgeRegistry/REGISTRIES]: Registry mineminenomi:abilities: Fixed mineminenomi:abilities id mismatch mineminenomi:kaiten_door: 236 (init) -> 193 (map).
[20Sep2026 21:12:31.810] [Render thread/DEBUG] [net.minecraftforge.registries.ForgeRegistry/REGISTRIES]: Registry mineminenomi:abilities: Fixed mineminenomi:abilities id mismatch mineminenomi:kaji_oyaji: 527 (init) -> 528 (map).
[20Sep2026 21:12:31.810] [Render thread/DEBUG] [net.minecraftforge.registries.ForgeRegistry/REGISTRIES]: Registry mineminenomi:abilities: Fixed mineminenomi:abilities id mismatch mineminenomi:kamakura: 288 (init) -> 347 (map).
[20Sep2026 21:12:31.810] [Render thread/DEBUG] [net.minecraftforge.registries.ForgeRegistry/REGISTRIES]: Registry mineminenomi:abilities: Fixed mineminenomi:abilities id mismatch mineminenomi:kamie: 440 (init) -> 441 (map).
[20Sep2026 21:12:31.810] [Render thread/DEBUG] [net.minecraftforge.registries.ForgeRegistry/REGISTRIES]: Registry mineminenomi:abilities: Fixed mineminenomi:abilities id mismatch mineminenomi:kamikaze_hyakkoma_gekijo: 526 (init) -> 527 (map).
[20Sep2026 21:12:31.810] [Render thread/DEBUG] [net.minecraftforge.registries.ForgeRegistry/REGISTRIES]: Registry mineminenomi:abilities: Fixed mineminenomi:abilities id mismatch mineminenomi:karakuni: 327 (init) -> 361 (map).
[20Sep2026 21:12:31.810] [Render thread/DEBUG] [net.minecraftforge.registries.ForgeRegistry/REGISTRIES]: Registry mineminenomi:abilities: Fixed mineminenomi:abilities id mismatch mineminenomi:karakusagawara_seiken: 446 (init) -> 447 (map).
[20Sep2026 21:12:31.810] [Render thread/DEBUG] [net.minecraftforge.registries.ForgeRegistry/REGISTRIES]: Registry mineminenomi:abilities: Fixed mineminenomi:abilities id mismatch mineminenomi:kari: 125 (init) -> 145 (map).
[20Sep2026 21:12:31.810] [Render thread/DEBUG] [net.minecraftforge.registries.ForgeRegistry/REGISTRIES]: Registry mineminenomi:abilities: Fixed mineminenomi:abilities id mismatch mineminenomi:karma: 101 (init) -> 92 (map).
[20Sep2026 21:12:31.810] [Render thread/DEBUG] [net.minecraftforge.registries.ForgeRegistry/REGISTRIES]: Registry mineminenomi:abilities: Fixed mineminenomi:abilities id mismatch mineminenomi:kasuriuta_fubuki_giri: 264 (init) -> 199 (map).
[20Sep2026 21:12:31.810] [Render thread/DEBUG] [net.minecraftforge.registries.ForgeRegistry/REGISTRIES]: Registry mineminenomi:abilities: Fixed mineminenomi:abilities id mismatch mineminenomi:kemuri_boshi: 474 (init) -> 475 (map).
[20Sep2026 21:12:31.810] [Render thread/DEBUG] [net.minecraftforge.registries.ForgeRegistry/REGISTRIES]: Registry mineminenomi:abilities: Fixed mineminenomi:abilities id mismatch mineminenomi:kenbunshoku_haki_aura: 533 (init) -> 534 (map).
[20Sep2026 21:12:31.810] [Render thread/DEBUG] [net.minecraftforge.registries.ForgeRegistry/REGISTRIES]: Registry mineminenomi:abilities: Fixed mineminenomi:abilities id mismatch mineminenomi:kenbunshoku_haki_future_sight: 534 (init) -> 535 (map).
[20Sep2026 21:12:31.810] [Render thread/DEBUG] [net.minecraftforge.registries.ForgeRegistry/REGISTRIES]: Registry mineminenomi:abilities: Fixed mineminenomi:abilities id mismatch mineminenomi:kenpopo: 159 (init) -> 174 (map).
[20Sep2026 21:12:31.810] [Render thread/DEBUG] [net.minecraftforge.registries.ForgeRegistry/REGISTRIES]: Registry mineminenomi:abilities: Fixed mineminenomi:abilities id mismatch mineminenomi:kick_bomb: 367 (init) -> 308 (map).
[20Sep2026 21:12:31.810] [Render thread/DEBUG] [net.minecraftforge.registries.ForgeRegistry/REGISTRIES]: Registry mineminenomi:abilities: Fixed mineminenomi:abilities id mismatch mineminenomi:king_punch: 510 (init) -> 511 (map).
[20Sep2026 21:12:31.810] [Render thread/DEBUG] [net.minecraftforge.registries.ForgeRegistry/REGISTRIES]: Registry mineminenomi:abilities: Fixed mineminenomi:abilities id mismatch mineminenomi:knockdown: 540 (init) -> 541 (map).
[20Sep2026 21:12:31.810] [Render thread/DEBUG] [net.minecraftforge.registries.ForgeRegistry/REGISTRIES]: Registry mineminenomi:abilities: Fixed mineminenomi:abilities id mismatch mineminenomi:kokutei_cross: 80 (init) -> 73 (map).
[20Sep2026 21:12:31.810] [Render thread/DEBUG] [net.minecraftforge.registries.ForgeRegistry/REGISTRIES]: Registry mineminenomi:abilities: Fixed mineminenomi:abilities id mismatch mineminenomi:koro: 329 (init) -> 363 (map).
[20Sep2026 21:12:31.810] [Render thread/DEBUG] [net.minecraftforge.registries.ForgeRegistry/REGISTRIES]: Registry mineminenomi:abilities: Fixed mineminenomi:abilities id mismatch mineminenomi:kroom: 255 (init) -> 299 (map).
[20Sep2026 21:12:31.810] [Render thread/DEBUG] [net.minecraftforge.registries.ForgeRegistry/REGISTRIES]: Registry mineminenomi:abilities: Fixed mineminenomi:abilities id mismatch mineminenomi:kumo_no_sugaki: 431 (init) -> 432 (map).
[20Sep2026 21:12:31.810] [Render thread/DEBUG] [net.minecraftforge.registries.ForgeRegistry/REGISTRIES]: Registry mineminenomi:abilities: Fixed mineminenomi:abilities id mismatch mineminenomi:kurouzu: 422 (init) -> 421 (map).
[20Sep2026 21:12:31.810] [Render thread/DEBUG] [net.minecraftforge.registries.ForgeRegistry/REGISTRIES]: Registry mineminenomi:abilities: Fixed mineminenomi:abilities id mismatch mineminenomi:kyokaen: 375 (init) -> 397 (map).
[20Sep2026 21:12:31.810] [Render thread/DEBUG] [net.minecraftforge.registries.ForgeRegistry/REGISTRIES]: Registry mineminenomi:abilities: Fixed mineminenomi:abilities id mismatch mineminenomi:kyubi_rush: 398 (init) -> 315 (map).
[20Sep2026 21:12:31.810] [Render thread/DEBUG] [net.minecraftforge.registries.ForgeRegistry/REGISTRIES]: Registry mineminenomi:abilities: Fixed mineminenomi:abilities id mismatch mineminenomi:lava_flow: 51 (init) -> 65 (map).
[20Sep2026 21:12:31.810] [Render thread/DEBUG] [net.minecraftforge.registries.ForgeRegistry/REGISTRIES]: Registry mineminenomi:abilities: Fixed mineminenomi:abilities id mismatch mineminenomi:leap: 557 (init) -> 558 (map).
[20Sep2026 21:12:31.810] [Render thread/DEBUG] [net.minecraftforge.registries.ForgeRegistry/REGISTRIES]: Registry mineminenomi:abilities: Fixed mineminenomi:abilities id mismatch mineminenomi:liberation: 419 (init) -> 420 (map).
[20Sep2026 21:12:31.810] [Render thread/DEBUG] [net.minecraftforge.registries.ForgeRegistry/REGISTRIES]: Registry mineminenomi:abilities: Fixed mineminenomi:abilities id mismatch mineminenomi:life_minus: 231 (init) -> 188 (map).
[20Sep2026 21:12:31.810] [Render thread/DEBUG] [net.minecraftforge.registries.ForgeRegistry/REGISTRIES]: Registry mineminenomi:abilities: Fixed mineminenomi:abilities id mismatch mineminenomi:logia_invulnerability_gasu: 332 (init) -> 366 (map).
[20Sep2026 21:12:31.810] [Render thread/DEBUG] [net.minecraftforge.registries.ForgeRegistry/REGISTRIES]: Registry mineminenomi:abilities: Fixed mineminenomi:abilities id mismatch mineminenomi:logia_invulnerability_goro: 133 (init) -> 153 (map).
[20Sep2026 21:12:31.810] [Render thread/DEBUG] [net.minecraftforge.registries.ForgeRegistry/REGISTRIES]: Registry mineminenomi:abilities: Fixed mineminenomi:abilities id mismatch mineminenomi:logia_invulnerability_hie: 284 (init) -> 343 (map).
[20Sep2026 21:12:31.810] [Render thread/DEBUG] [net.minecraftforge.registries.ForgeRegistry/REGISTRIES]: Registry mineminenomi:abilities: Fixed mineminenomi:abilities id mismatch mineminenomi:logia_invulnerability_magu: 54 (init) -> 68 (map).
[20Sep2026 21:12:31.810] [Render thread/DEBUG] [net.minecraftforge.registries.ForgeRegistry/REGISTRIES]: Registry mineminenomi:abilities: Fixed mineminenomi:abilities id mismatch mineminenomi:logia_invulnerability_mera: 380 (init) -> 402 (map).
[20Sep2026 21:12:31.810] [Render thread/DEBUG] [net.minecraftforge.registries.ForgeRegistry/REGISTRIES]: Registry mineminenomi:abilities: Fixed mineminenomi:abilities id mismatch mineminenomi:logia_invulnerability_suna: 189 (init) -> 240 (map).
[20Sep2026 21:12:31.810] [Render thread/DEBUG] [net.minecraftforge.registries.ForgeRegistry/REGISTRIES]: Registry mineminenomi:abilities: Fixed mineminenomi:abilities id mismatch mineminenomi:logia_invulnerability_yuki: 295 (init) -> 354 (map).
[20Sep2026 21:12:31.810] [Render thread/DEBUG] [net.minecraftforge.registries.ForgeRegistry/REGISTRIES]: Registry mineminenomi:abilities: Fixed mineminenomi:abilities id mismatch mineminenomi:magma_coating: 52 (init) -> 66 (map).
[20Sep2026 21:12:31.810] [Render thread/DEBUG] [net.minecraftforge.registries.ForgeRegistry/REGISTRIES]: Registry mineminenomi:abilities: Fixed mineminenomi:abilities id mismatch mineminenomi:magma_walker: 53 (init) -> 67 (map).
[20Sep2026 21:12:31.810] [Render thread/DEBUG] [net.minecraftforge.registries.ForgeRegistry/REGISTRIES]: Registry mineminenomi:abilities: Fixed mineminenomi:abilities id mismatch mineminenomi:magnetic_items: 197 (init) -> 260 (map).
[20Sep2026 21:12:31.810] [Render thread/DEBUG] [net.minecraftforge.registries.ForgeRegistry/REGISTRIES]: Registry mineminenomi:abilities: Fixed mineminenomi:abilities id mismatch mineminenomi:mammoth_guard_point: 56 (init) -> 47 (map).
[20Sep2026 21:12:31.810] [Render thread/DEBUG] [net.minecraftforge.registries.ForgeRegistry/REGISTRIES]: Registry mineminenomi:abilities: Fixed mineminenomi:abilities id mismatch mineminenomi:mammoth_heavy_point: 57 (init) -> 48 (map).
[20Sep2026 21:12:31.810] [Render thread/DEBUG] [net.minecraftforge.registries.ForgeRegistry/REGISTRIES]: Registry mineminenomi:abilities: Fixed mineminenomi:abilities id mismatch mineminenomi:mammoth_rideable: 62 (init) -> 53 (map).
[20Sep2026 21:12:31.810] [Render thread/DEBUG] [net.minecraftforge.registries.ForgeRegistry/REGISTRIES]: Registry mineminenomi:abilities: Fixed mineminenomi:abilities id mismatch mineminenomi:mane_mane_memory: 99 (init) -> 90 (map).
[20Sep2026 21:12:31.810] [Render thread/DEBUG] [net.minecraftforge.registries.ForgeRegistry/REGISTRIES]: Registry mineminenomi:abilities: Fixed mineminenomi:abilities id mismatch mineminenomi:mannen_yuki: 294 (init) -> 353 (map).
[20Sep2026 21:12:31.810] [Render thread/DEBUG] [net.minecraftforge.registries.ForgeRegistry/REGISTRIES]: Registry mineminenomi:abilities: Fixed mineminenomi:abilities id mismatch mineminenomi:medic_bag_explosion: 482 (init) -> 483 (map).
[20Sep2026 21:12:31.810] [Render thread/DEBUG] [net.minecraftforge.registries.ForgeRegistry/REGISTRIES]: Registry mineminenomi:abilities: Fixed mineminenomi:abilities id mismatch mineminenomi:meigo: 49 (init) -> 63 (map).
[20Sep2026 21:12:31.810] [Render thread/DEBUG] [net.minecraftforge.registries.ForgeRegistry/REGISTRIES]: Registry mineminenomi:abilities: Fixed mineminenomi:abilities id mismatch mineminenomi:mera_special_fly: 381 (init) -> 403 (map).
[20Sep2026 21:12:31.810] [Render thread/DEBUG] [net.minecraftforge.registries.ForgeRegistry/REGISTRIES]: Registry mineminenomi:abilities: Fixed mineminenomi:abilities id mismatch mineminenomi:mero_mero_mellow: 301 (init) -> 214 (map).
[20Sep2026 21:12:31.810] [Render thread/DEBUG] [net.minecraftforge.registries.ForgeRegistry/REGISTRIES]: Registry mineminenomi:abilities: Fixed mineminenomi:abilities id mismatch mineminenomi:mes: 246 (init) -> 290 (map).
[20Sep2026 21:12:31.810] [Render thread/DEBUG] [net.minecraftforge.registries.ForgeRegistry/REGISTRIES]: Registry mineminenomi:abilities: Fixed mineminenomi:abilities id mismatch mineminenomi:mh5: 566 (init) -> 567 (map).
[20Sep2026 21:12:31.810] [Render thread/DEBUG] [net.minecraftforge.registries.ForgeRegistry/REGISTRIES]: Registry mineminenomi:abilities: Fixed mineminenomi:abilities id mismatch mineminenomi:mil_fleur: 142 (init) -> 129 (map).
[20Sep2026 21:12:31.810] [Render thread/DEBUG] [net.minecraftforge.registries.ForgeRegistry/REGISTRIES]: Registry mineminenomi:abilities: Fixed mineminenomi:abilities id mismatch mineminenomi:mini_hollow: 314 (init) -> 227 (map).
[20Sep2026 21:12:31.810] [Render thread/DEBUG] [net.minecraftforge.registries.ForgeRegistry/REGISTRIES]: Registry mineminenomi:abilities: Fixed mineminenomi:abilities id mismatch mineminenomi:mini_mini: 211 (init) -> 274 (map).
[20Sep2026 21:12:31.810] [Render thread/DEBUG] [net.minecraftforge.registries.ForgeRegistry/REGISTRIES]: Registry mineminenomi:abilities: Fixed mineminenomi:abilities id mismatch mineminenomi:mink_passive_bonuses: 467 (init) -> 468 (map).
[20Sep2026 21:12:31.810] [Render thread/DEBUG] [net.minecraftforge.registries.ForgeRegistry/REGISTRIES]: Registry mineminenomi:abilities: Fixed mineminenomi:abilities id mismatch mineminenomi:mirage_tempo: 495 (init) -> 496 (map).
[20Sep2026 21:12:31.810] [Render thread/DEBUG] [net.minecraftforge.registries.ForgeRegistry/REGISTRIES]: Registry mineminenomi:abilities: Fixed mineminenomi:abilities id mismatch mineminenomi:mizu_osu: 520 (init) -> 521 (map).
[20Sep2026 21:12:31.810] [Render thread/DEBUG] [net.minecraftforge.registries.ForgeRegistry/REGISTRIES]: Registry mineminenomi:abilities: Fixed mineminenomi:abilities id mismatch mineminenomi:mizu_shuryudan: 521 (init) -> 522 (map).
[20Sep2026 21:12:31.810] [Render thread/DEBUG] [net.minecraftforge.registries.ForgeRegistry/REGISTRIES]: Registry mineminenomi:abilities: Fixed mineminenomi:abilities id mismatch mineminenomi:mizu_taiho: 519 (init) -> 520 (map).
[20Sep2026 21:12:31.810] [Render thread/DEBUG] [net.minecraftforge.registries.ForgeRegistry/REGISTRIES]: Registry mineminenomi:abilities: Fixed mineminenomi:abilities id mismatch mineminenomi:mogu_heavy_point: 74 (init) -> 58 (map).
[20Sep2026 21:12:31.810] [Render thread/DEBUG] [net.minecraftforge.registries.ForgeRegistry/REGISTRIES]: Registry mineminenomi:abilities: Fixed mineminenomi:abilities id mismatch mineminenomi:mogura_banana: 75 (init) -> 59 (map).
[20Sep2026 21:12:31.810] [Render thread/DEBUG] [net.minecraftforge.registries.ForgeRegistry/REGISTRIES]: Registry mineminenomi:abilities: Fixed mineminenomi:abilities id mismatch mineminenomi:mogura_tonpo: 76 (init) -> 60 (map).
[20Sep2026 21:12:31.810] [Render thread/DEBUG] [net.minecraftforge.registries.ForgeRegistry/REGISTRIES]: Registry mineminenomi:abilities: Fixed mineminenomi:abilities id mismatch mineminenomi:moko: 319 (init) -> 244 (map).
[20Sep2026 21:12:31.810] [Render thread/DEBUG] [net.minecraftforge.registries.ForgeRegistry/REGISTRIES]: Registry mineminenomi:abilities: Fixed mineminenomi:abilities id mismatch mineminenomi:morgans_shockwave: 549 (init) -> 550 (map).
[20Sep2026 21:12:31.810] [Render thread/DEBUG] [net.minecraftforge.registries.ForgeRegistry/REGISTRIES]: Registry mineminenomi:abilities: Fixed mineminenomi:abilities id mismatch mineminenomi:murasame: 445 (init) -> 446 (map).
[20Sep2026 21:12:31.810] [Render thread/DEBUG] [net.minecraftforge.registries.ForgeRegistry/REGISTRIES]: Registry mineminenomi:abilities: Fixed mineminenomi:abilities id mismatch mineminenomi:muster: 538 (init) -> 539 (map).
[20Sep2026 21:12:31.810] [Render thread/DEBUG] [net.minecraftforge.registries.ForgeRegistry/REGISTRIES]: Registry mineminenomi:abilities: Fixed mineminenomi:abilities id mismatch mineminenomi:nadare_yuki: 290 (init) -> 349 (map).
[20Sep2026 21:12:31.810] [Render thread/DEBUG] [net.minecraftforge.registries.ForgeRegistry/REGISTRIES]: Registry mineminenomi:abilities: Fixed mineminenomi:abilities id mismatch mineminenomi:negative_hollow: 313 (init) -> 226 (map).
[20Sep2026 21:12:31.810] [Render thread/DEBUG] [net.minecraftforge.registries.ForgeRegistry/REGISTRIES]: Registry mineminenomi:abilities: Fixed mineminenomi:abilities id mismatch mineminenomi:nekkai_gyorai: 176 (init) -> 163 (map).
[20Sep2026 21:12:31.810] [Render thread/DEBUG] [net.minecraftforge.registries.ForgeRegistry/REGISTRIES]: Registry mineminenomi:abilities: Fixed mineminenomi:abilities id mismatch mineminenomi:nekkai_jigoku: 175 (init) -> 162 (map).
[20Sep2026 21:12:31.810] [Render thread/DEBUG] [net.minecraftforge.registries.ForgeRegistry/REGISTRIES]: Registry mineminenomi:abilities: Fixed mineminenomi:abilities id mismatch mineminenomi:nekomimi_punch: 217 (init) -> 167 (map).
[20Sep2026 21:12:31.810] [Render thread/DEBUG] [net.minecraftforge.registries.ForgeRegistry/REGISTRIES]: Registry mineminenomi:abilities: Fixed mineminenomi:abilities id mismatch mineminenomi:nemuri_boshi: 479 (init) -> 480 (map).
[20Sep2026 21:12:31.810] [Render thread/DEBUG] [net.minecraftforge.registries.ForgeRegistry/REGISTRIES]: Registry mineminenomi:abilities: Fixed mineminenomi:abilities id mismatch mineminenomi:netsu_enhancement: 174 (init) -> 161 (map).
[20Sep2026 21:12:31.810] [Render thread/DEBUG] [net.minecraftforge.registries.ForgeRegistry/REGISTRIES]: Registry mineminenomi:abilities: Fixed mineminenomi:abilities id mismatch mineminenomi:nightmare_soldiers: 346 (init) -> 374 (map).
[20Sep2026 21:12:31.810] [Render thread/DEBUG] [net.minecraftforge.registries.ForgeRegistry/REGISTRIES]: Registry mineminenomi:abilities: Fixed mineminenomi:abilities id mismatch mineminenomi:nikyu_push: 166 (init) -> 181 (map).
[20Sep2026 21:12:31.810] [Render thread/DEBUG] [net.minecraftforge.registries.ForgeRegistry/REGISTRIES]: Registry mineminenomi:abilities: Fixed mineminenomi:abilities id mismatch mineminenomi:no_fall_damage: 417 (init) -> 334 (map).
[20Sep2026 21:12:31.810] [Render thread/DEBUG] [net.minecraftforge.registries.ForgeRegistry/REGISTRIES]: Registry mineminenomi:abilities: Fixed mineminenomi:abilities id mismatch mineminenomi:noro_noro_beam: 396 (init) -> 313 (map).
[20Sep2026 21:12:31.810] [Render thread/DEBUG] [net.minecraftforge.registries.ForgeRegistry/REGISTRIES]: Registry mineminenomi:abilities: Fixed mineminenomi:abilities id mismatch mineminenomi:noro_noro_beam_sword: 397 (init) -> 314 (map).
[20Sep2026 21:12:31.810] [Render thread/DEBUG] [net.minecraftforge.registries.ForgeRegistry/REGISTRIES]: Registry mineminenomi:abilities: Fixed mineminenomi:abilities id mismatch mineminenomi:nose_fancy_cannon: 366 (init) -> 307 (map).
[20Sep2026 21:12:31.810] [Render thread/DEBUG] [net.minecraftforge.registries.ForgeRegistry/REGISTRIES]: Registry mineminenomi:abilities: Fixed mineminenomi:abilities id mismatch mineminenomi:nyan_nyan_suplex: 218 (init) -> 168 (map).
[20Sep2026 21:12:31.810] [Render thread/DEBUG] [net.minecraftforge.registries.ForgeRegistry/REGISTRIES]: Registry mineminenomi:abilities: Fixed mineminenomi:abilities id mismatch mineminenomi:nyan_nyan_suplex_baby_buster: 219 (init) -> 169 (map).
[20Sep2026 21:12:31.810] [Render thread/DEBUG] [net.minecraftforge.registries.ForgeRegistry/REGISTRIES]: Registry mineminenomi:abilities: Fixed mineminenomi:abilities id mismatch mineminenomi:o_tatsumaki: 471 (init) -> 472 (map).
[20Sep2026 21:12:31.810] [Render thread/DEBUG] [net.minecraftforge.registries.ForgeRegistry/REGISTRIES]: Registry mineminenomi:abilities: Fixed mineminenomi:abilities id mismatch mineminenomi:off_white: 363 (init) -> 391 (map).
[20Sep2026 21:12:31.810] [Render thread/DEBUG] [net.minecraftforge.registries.ForgeRegistry/REGISTRIES]: Registry mineminenomi:abilities: Fixed mineminenomi:abilities id mismatch mineminenomi:one_two_jango: 574 (init) -> 575 (map).
[20Sep2026 21:12:31.810] [Render thread/DEBUG] [net.minecraftforge.registries.ForgeRegistry/REGISTRIES]: Registry mineminenomi:abilities: Fixed mineminenomi:abilities id mismatch mineminenomi:onna_hormone: 271 (init) -> 206 (map).
[20Sep2026 21:12:31.810] [Render thread/DEBUG] [net.minecraftforge.registries.ForgeRegistry/REGISTRIES]: Registry mineminenomi:abilities: Fixed mineminenomi:abilities id mismatch mineminenomi:overheat: 353 (init) -> 381 (map).
[20Sep2026 21:12:31.810] [Render thread/DEBUG] [net.minecraftforge.registries.ForgeRegistry/REGISTRIES]: Registry mineminenomi:abilities: Fixed mineminenomi:abilities id mismatch mineminenomi:pad_ho: 161 (init) -> 176 (map).
[20Sep2026 21:12:31.810] [Render thread/DEBUG] [net.minecraftforge.registries.ForgeRegistry/REGISTRIES]: Registry mineminenomi:abilities: Fixed mineminenomi:abilities id mismatch mineminenomi:pain_repel: 167 (init) -> 182 (map).
[20Sep2026 21:12:31.810] [Render thread/DEBUG] [net.minecraftforge.registries.ForgeRegistry/REGISTRIES]: Registry mineminenomi:abilities: Fixed mineminenomi:abilities id mismatch mineminenomi:paper_float: 212 (init) -> 275 (map).
[20Sep2026 21:12:31.810] [Render thread/DEBUG] [net.minecraftforge.registries.ForgeRegistry/REGISTRIES]: Registry mineminenomi:abilities: Fixed mineminenomi:abilities id mismatch mineminenomi:parasite: 349 (init) -> 377 (map).
[20Sep2026 21:12:31.810] [Render thread/DEBUG] [net.minecraftforge.registries.ForgeRegistry/REGISTRIES]: Registry mineminenomi:abilities: Fixed mineminenomi:abilities id mismatch mineminenomi:partytable_kick_course: 505 (init) -> 506 (map).
[20Sep2026 21:12:31.810] [Render thread/DEBUG] [net.minecraftforge.registries.ForgeRegistry/REGISTRIES]: Registry mineminenomi:abilities: Fixed mineminenomi:abilities id mismatch mineminenomi:pearl_fire: 562 (init) -> 563 (map).
[20Sep2026 21:12:31.810] [Render thread/DEBUG] [net.minecraftforge.registries.ForgeRegistry/REGISTRIES]: Registry mineminenomi:abilities: Fixed mineminenomi:abilities id mismatch mineminenomi:perennial_youth_operation: 250 (init) -> 294 (map).
[20Sep2026 21:12:31.811] [Render thread/DEBUG] [net.minecraftforge.registries.ForgeRegistry/REGISTRIES]: Registry mineminenomi:abilities: Fixed mineminenomi:abilities id mismatch mineminenomi:perfume_femur: 304 (init) -> 217 (map).
[20Sep2026 21:12:31.811] [Render thread/DEBUG] [net.minecraftforge.registries.ForgeRegistry/REGISTRIES]: Registry mineminenomi:abilities: Fixed mineminenomi:abilities id mismatch mineminenomi:pero_immunities: 173 (init) -> 160 (map).
[20Sep2026 21:12:31.811] [Render thread/DEBUG] [net.minecraftforge.registries.ForgeRegistry/REGISTRIES]: Registry mineminenomi:abilities: Fixed mineminenomi:abilities id mismatch mineminenomi:pistol_kiss: 302 (init) -> 215 (map).
[20Sep2026 21:12:31.811] [Render thread/DEBUG] [net.minecraftforge.registries.ForgeRegistry/REGISTRIES]: Registry mineminenomi:abilities: Fixed mineminenomi:abilities id mismatch mineminenomi:play_dead: 227 (init) -> 283 (map).
[20Sep2026 21:12:31.811] [Render thread/DEBUG] [net.minecraftforge.registries.ForgeRegistry/REGISTRIES]: Registry mineminenomi:abilities: Fixed mineminenomi:abilities id mismatch mineminenomi:poison_immunity: 69 (init) -> 89 (map).
[20Sep2026 21:12:31.811] [Render thread/DEBUG] [net.minecraftforge.registries.ForgeRegistry/REGISTRIES]: Registry mineminenomi:abilities: Fixed mineminenomi:abilities id mismatch mineminenomi:poison_spit: 225 (init) -> 281 (map).
[20Sep2026 21:12:31.811] [Render thread/DEBUG] [net.minecraftforge.registries.ForgeRegistry/REGISTRIES]: Registry mineminenomi:abilities: Fixed mineminenomi:abilities id mismatch mineminenomi:pteranodon_assault_point: 205 (init) -> 268 (map).
[20Sep2026 21:12:31.811] [Render thread/DEBUG] [net.minecraftforge.registries.ForgeRegistry/REGISTRIES]: Registry mineminenomi:abilities: Fixed mineminenomi:abilities id mismatch mineminenomi:pteranodon_flight: 210 (init) -> 273 (map).
[20Sep2026 21:12:31.811] [Render thread/DEBUG] [net.minecraftforge.registries.ForgeRegistry/REGISTRIES]: Registry mineminenomi:abilities: Fixed mineminenomi:abilities id mismatch mineminenomi:pteranodon_fly_point: 204 (init) -> 267 (map).
[20Sep2026 21:12:31.811] [Render thread/DEBUG] [net.minecraftforge.registries.ForgeRegistry/REGISTRIES]: Registry mineminenomi:abilities: Fixed mineminenomi:abilities id mismatch mineminenomi:punch_rush: 545 (init) -> 546 (map).
[20Sep2026 21:12:31.811] [Render thread/DEBUG] [net.minecraftforge.registries.ForgeRegistry/REGISTRIES]: Registry mineminenomi:abilities: Fixed mineminenomi:abilities id mismatch mineminenomi:puncture_wille: 257 (init) -> 301 (map).
[20Sep2026 21:12:31.811] [Render thread/DEBUG] [net.minecraftforge.registries.ForgeRegistry/REGISTRIES]: Registry mineminenomi:abilities: Fixed mineminenomi:abilities id mismatch mineminenomi:puni: 165 (init) -> 180 (map).
[20Sep2026 21:12:31.811] [Render thread/DEBUG] [net.minecraftforge.registries.ForgeRegistry/REGISTRIES]: Registry mineminenomi:abilities: Fixed mineminenomi:abilities id mismatch mineminenomi:punk_corna_dio: 195 (init) -> 258 (map).
[20Sep2026 21:12:31.811] [Render thread/DEBUG] [net.minecraftforge.registries.ForgeRegistry/REGISTRIES]: Registry mineminenomi:abilities: Fixed mineminenomi:abilities id mismatch mineminenomi:punk_cross: 199 (init) -> 262 (map).
[20Sep2026 21:12:31.811] [Render thread/DEBUG] [net.minecraftforge.registries.ForgeRegistry/REGISTRIES]: Registry mineminenomi:abilities: Fixed mineminenomi:abilities id mismatch mineminenomi:punk_gibson: 193 (init) -> 256 (map).
[20Sep2026 21:12:31.811] [Render thread/DEBUG] [net.minecraftforge.registries.ForgeRegistry/REGISTRIES]: Registry mineminenomi:abilities: Fixed mineminenomi:abilities id mismatch mineminenomi:punk_pistols: 194 (init) -> 257 (map).
[20Sep2026 21:12:31.811] [Render thread/DEBUG] [net.minecraftforge.registries.ForgeRegistry/REGISTRIES]: Registry mineminenomi:abilities: Fixed mineminenomi:abilities id mismatch mineminenomi:punk_rotten: 200 (init) -> 263 (map).
[20Sep2026 21:12:31.811] [Render thread/DEBUG] [net.minecraftforge.registries.ForgeRegistry/REGISTRIES]: Registry mineminenomi:abilities: Fixed mineminenomi:abilities id mismatch mineminenomi:punk_rotten_flight: 203 (init) -> 266 (map).
[20Sep2026 21:12:31.811] [Render thread/DEBUG] [net.minecraftforge.registries.ForgeRegistry/REGISTRIES]: Registry mineminenomi:abilities: Fixed mineminenomi:abilities id mismatch mineminenomi:punk_vise: 201 (init) -> 264 (map).
[20Sep2026 21:12:31.811] [Render thread/DEBUG] [net.minecraftforge.registries.ForgeRegistry/REGISTRIES]: Registry mineminenomi:abilities: Fixed mineminenomi:abilities id mismatch mineminenomi:radical_beam: 452 (init) -> 453 (map).
[20Sep2026 21:12:31.811] [Render thread/DEBUG] [net.minecraftforge.registries.ForgeRegistry/REGISTRIES]: Registry mineminenomi:abilities: Fixed mineminenomi:abilities id mismatch mineminenomi:radio_knife: 251 (init) -> 295 (map).
[20Sep2026 21:12:31.811] [Render thread/DEBUG] [net.minecraftforge.registries.ForgeRegistry/REGISTRIES]: Registry mineminenomi:abilities: Fixed mineminenomi:abilities id mismatch mineminenomi:raigo: 127 (init) -> 147 (map).
[20Sep2026 21:12:31.811] [Render thread/DEBUG] [net.minecraftforge.registries.ForgeRegistry/REGISTRIES]: Registry mineminenomi:abilities: Fixed mineminenomi:abilities id mismatch mineminenomi:rain_tempo: 496 (init) -> 497 (map).
[20Sep2026 21:12:31.811] [Render thread/DEBUG] [net.minecraftforge.registries.ForgeRegistry/REGISTRIES]: Registry mineminenomi:abilities: Fixed mineminenomi:abilities id mismatch mineminenomi:rankyaku: 439 (init) -> 440 (map).
[20Sep2026 21:12:31.811] [Render thread/DEBUG] [net.minecraftforge.registries.ForgeRegistry/REGISTRIES]: Registry mineminenomi:abilities: Fixed mineminenomi:abilities id mismatch mineminenomi:relax_hour: 221 (init) -> 184 (map).
[20Sep2026 21:12:31.811] [Render thread/DEBUG] [net.minecraftforge.registries.ForgeRegistry/REGISTRIES]: Registry mineminenomi:abilities: Fixed mineminenomi:abilities id mismatch mineminenomi:renpatsu_namari_boshi: 475 (init) -> 476 (map).
[20Sep2026 21:12:31.811] [Render thread/DEBUG] [net.minecraftforge.registries.ForgeRegistry/REGISTRIES]: Registry mineminenomi:abilities: Fixed mineminenomi:abilities id mismatch mineminenomi:repair_operation: 357 (init) -> 385 (map).
[20Sep2026 21:12:31.811] [Render thread/DEBUG] [net.minecraftforge.registries.ForgeRegistry/REGISTRIES]: Registry mineminenomi:abilities: Fixed mineminenomi:abilities id mismatch mineminenomi:repel: 192 (init) -> 255 (map).
[20Sep2026 21:12:31.811] [Render thread/DEBUG] [net.minecraftforge.registries.ForgeRegistry/REGISTRIES]: Registry mineminenomi:abilities: Fixed mineminenomi:abilities id mismatch mineminenomi:reworked_brick_bat: 341 (init) -> 369 (map).
[20Sep2026 21:12:31.811] [Render thread/DEBUG] [net.minecraftforge.registries.ForgeRegistry/REGISTRIES]: Registry mineminenomi:abilities: Fixed mineminenomi:abilities id mismatch mineminenomi:reworked_fullbright: 352 (init) -> 380 (map).
[20Sep2026 21:12:31.811] [Render thread/DEBUG] [net.minecraftforge.registries.ForgeRegistry/REGISTRIES]: Registry mineminenomi:abilities: Fixed mineminenomi:abilities id mismatch mineminenomi:reworked_kumo_no_sugaki: 354 (init) -> 382 (map).
[20Sep2026 21:12:31.811] [Render thread/DEBUG] [net.minecraftforge.registries.ForgeRegistry/REGISTRIES]: Registry mineminenomi:abilities: Fixed mineminenomi:abilities id mismatch mineminenomi:rokuogan: 442 (init) -> 443 (map).
[20Sep2026 21:12:31.811] [Render thread/DEBUG] [net.minecraftforge.registries.ForgeRegistry/REGISTRIES]: Registry mineminenomi:abilities: Fixed mineminenomi:abilities id mismatch mineminenomi:room: 241 (init) -> 285 (map).
[20Sep2026 21:12:31.812] [Render thread/DEBUG] [net.minecraftforge.registries.ForgeRegistry/REGISTRIES]: Registry mineminenomi:abilities: Fixed mineminenomi:abilities id mismatch mineminenomi:rust_break: 239 (init) -> 196 (map).
[20Sep2026 21:12:31.812] [Render thread/DEBUG] [net.minecraftforge.registries.ForgeRegistry/REGISTRIES]: Registry mineminenomi:abilities: Fixed mineminenomi:abilities id mismatch mineminenomi:rust_skin: 240 (init) -> 197 (map).
[20Sep2026 21:12:31.812] [Render thread/DEBUG] [net.minecraftforge.registries.ForgeRegistry/REGISTRIES]: Registry mineminenomi:abilities: Fixed mineminenomi:abilities id mismatch mineminenomi:rust_touch: 238 (init) -> 195 (map).
[20Sep2026 21:12:31.812] [Render thread/DEBUG] [net.minecraftforge.registries.ForgeRegistry/REGISTRIES]: Registry mineminenomi:abilities: Fixed mineminenomi:abilities id mismatch mineminenomi:ryu_no_ibuki: 516 (init) -> 517 (map).
[20Sep2026 21:12:31.812] [Render thread/DEBUG] [net.minecraftforge.registries.ForgeRegistry/REGISTRIES]: Registry mineminenomi:abilities: Fixed mineminenomi:abilities id mismatch mineminenomi:ryu_no_kagizume: 515 (init) -> 516 (map).
[20Sep2026 21:12:31.812] [Render thread/DEBUG] [net.minecraftforge.registries.ForgeRegistry/REGISTRIES]: Registry mineminenomi:abilities: Fixed mineminenomi:abilities id mismatch mineminenomi:ryusei_kazan: 48 (init) -> 62 (map).
[20Sep2026 21:12:31.812] [Render thread/DEBUG] [net.minecraftforge.registries.ForgeRegistry/REGISTRIES]: Registry mineminenomi:abilities: Fixed mineminenomi:abilities id mismatch mineminenomi:sables: 181 (init) -> 232 (map).
[20Sep2026 21:12:31.812] [Render thread/DEBUG] [net.minecraftforge.registries.ForgeRegistry/REGISTRIES]: Registry mineminenomi:abilities: Fixed mineminenomi:abilities id mismatch mineminenomi:sables_guard: 568 (init) -> 569 (map).
[20Sep2026 21:12:31.812] [Render thread/DEBUG] [net.minecraftforge.registries.ForgeRegistry/REGISTRIES]: Registry mineminenomi:abilities: Fixed mineminenomi:abilities id mismatch mineminenomi:sables_pesado: 428 (init) -> 429 (map).
[20Sep2026 21:12:31.812] [Render thread/DEBUG] [net.minecraftforge.registries.ForgeRegistry/REGISTRIES]: Registry mineminenomi:abilities: Fixed mineminenomi:abilities id mismatch mineminenomi:sables_pesado_reworked: 188 (init) -> 239 (map).
[20Sep2026 21:12:31.812] [Render thread/DEBUG] [net.minecraftforge.registries.ForgeRegistry/REGISTRIES]: Registry mineminenomi:abilities: Fixed mineminenomi:abilities id mismatch mineminenomi:sagari_no_ryusei: 318 (init) -> 243 (map).
[20Sep2026 21:12:31.812] [Render thread/DEBUG] [net.minecraftforge.registries.ForgeRegistry/REGISTRIES]: Registry mineminenomi:abilities: Fixed mineminenomi:abilities id mismatch mineminenomi:sakuretsu_saboten_boshi: 476 (init) -> 477 (map).
[20Sep2026 21:12:31.812] [Render thread/DEBUG] [net.minecraftforge.registries.ForgeRegistry/REGISTRIES]: Registry mineminenomi:abilities: Fixed mineminenomi:abilities id mismatch mineminenomi:samehada_shotei: 444 (init) -> 445 (map).
[20Sep2026 21:12:31.812] [Render thread/DEBUG] [net.minecraftforge.registries.ForgeRegistry/REGISTRIES]: Registry mineminenomi:abilities: Fixed mineminenomi:abilities id mismatch mineminenomi:sanbyakurokuju_pound_ho: 470 (init) -> 471 (map).
[20Sep2026 21:12:31.812] [Render thread/DEBUG] [net.minecraftforge.registries.ForgeRegistry/REGISTRIES]: Registry mineminenomi:abilities: Fixed mineminenomi:abilities id mismatch mineminenomi:sango: 126 (init) -> 146 (map).
[20Sep2026 21:12:31.812] [Render thread/DEBUG] [net.minecraftforge.registries.ForgeRegistry/REGISTRIES]: Registry mineminenomi:abilities: Fixed mineminenomi:abilities id mismatch mineminenomi:seis_fleur_slap: 136 (init) -> 123 (map).
[20Sep2026 21:12:31.812] [Render thread/DEBUG] [net.minecraftforge.registries.ForgeRegistry/REGISTRIES]: Registry mineminenomi:abilities: Fixed mineminenomi:abilities id mismatch mineminenomi:seis_fleur_twist: 137 (init) -> 124 (map).
[20Sep2026 21:12:31.812] [Render thread/DEBUG] [net.minecraftforge.registries.ForgeRegistry/REGISTRIES]: Registry mineminenomi:abilities: Fixed mineminenomi:abilities id mismatch mineminenomi:shadows_asgard: 347 (init) -> 375 (map).
[20Sep2026 21:12:31.812] [Render thread/DEBUG] [net.minecraftforge.registries.ForgeRegistry/REGISTRIES]: Registry mineminenomi:abilities: Fixed mineminenomi:abilities id mismatch mineminenomi:shakushi: 564 (init) -> 565 (map).
[20Sep2026 21:12:31.812] [Render thread/DEBUG] [net.minecraftforge.registries.ForgeRegistry/REGISTRIES]: Registry mineminenomi:abilities: Fixed mineminenomi:abilities id mismatch mineminenomi:shambles: 242 (init) -> 286 (map).
[20Sep2026 21:12:31.812] [Render thread/DEBUG] [net.minecraftforge.registries.ForgeRegistry/REGISTRIES]: Registry mineminenomi:abilities: Fixed mineminenomi:abilities id mismatch mineminenomi:shan: 215 (init) -> 278 (map).
[20Sep2026 21:12:31.812] [Render thread/DEBUG] [net.minecraftforge.registries.ForgeRegistry/REGISTRIES]: Registry mineminenomi:abilities: Fixed mineminenomi:abilities id mismatch mineminenomi:shark_on_tooth: 518 (init) -> 519 (map).
[20Sep2026 21:12:31.812] [Render thread/DEBUG] [net.minecraftforge.registries.ForgeRegistry/REGISTRIES]: Registry mineminenomi:abilities: Fixed mineminenomi:abilities id mismatch mineminenomi:shattering_block: 98 (init) -> 101 (map).
[20Sep2026 21:12:31.812] [Render thread/DEBUG] [net.minecraftforge.registries.ForgeRegistry/REGISTRIES]: Registry mineminenomi:abilities: Fixed mineminenomi:abilities id mismatch mineminenomi:shattering_leap: 95 (init) -> 98 (map).
[20Sep2026 21:12:31.812] [Render thread/DEBUG] [net.minecraftforge.registries.ForgeRegistry/REGISTRIES]: Registry mineminenomi:abilities: Fixed mineminenomi:abilities id mismatch mineminenomi:shi_shishi_sonson: 468 (init) -> 469 (map).
[20Sep2026 21:12:31.812] [Render thread/DEBUG] [net.minecraftforge.registries.ForgeRegistry/REGISTRIES]: Registry mineminenomi:abilities: Fixed mineminenomi:abilities id mismatch mineminenomi:shigan: 438 (init) -> 439 (map).
[20Sep2026 21:12:31.812] [Render thread/DEBUG] [net.minecraftforge.registries.ForgeRegistry/REGISTRIES]: Registry mineminenomi:abilities: Fixed mineminenomi:abilities id mismatch mineminenomi:shima_yurashi: 93 (init) -> 96 (map).
[20Sep2026 21:12:31.812] [Render thread/DEBUG] [net.minecraftforge.registries.ForgeRegistry/REGISTRIES]: Registry mineminenomi:abilities: Fixed mineminenomi:abilities id mismatch mineminenomi:shingen_no_ichigeki: 91 (init) -> 94 (map).
[20Sep2026 21:12:31.812] [Render thread/DEBUG] [net.minecraftforge.registries.ForgeRegistry/REGISTRIES]: Registry mineminenomi:abilities: Fixed mineminenomi:abilities id mismatch mineminenomi:shinokuni: 328 (init) -> 362 (map).
[20Sep2026 21:12:31.812] [Render thread/DEBUG] [net.minecraftforge.registries.ForgeRegistry/REGISTRIES]: Registry mineminenomi:abilities: Fixed mineminenomi:abilities id mismatch mineminenomi:shinzo_massage: 132 (init) -> 152 (map).
[20Sep2026 21:12:31.812] [Render thread/DEBUG] [net.minecraftforge.registries.ForgeRegistry/REGISTRIES]: Registry mineminenomi:abilities: Fixed mineminenomi:abilities id mismatch mineminenomi:shisha_no_te: 400 (init) -> 317 (map).
[20Sep2026 21:12:31.812] [Render thread/DEBUG] [net.minecraftforge.registries.ForgeRegistry/REGISTRIES]: Registry mineminenomi:abilities: Fixed mineminenomi:abilities id mismatch mineminenomi:shock_wille: 256 (init) -> 300 (map).
[20Sep2026 21:12:31.812] [Render thread/DEBUG] [net.minecraftforge.registries.ForgeRegistry/REGISTRIES]: Registry mineminenomi:abilities: Fixed mineminenomi:abilities id mismatch mineminenomi:silent: 154 (init) -> 141 (map).
[20Sep2026 21:12:31.812] [Render thread/DEBUG] [net.minecraftforge.registries.ForgeRegistry/REGISTRIES]: Registry mineminenomi:abilities: Fixed mineminenomi:abilities id mismatch mineminenomi:skatting: 399 (init) -> 316 (map).
[20Sep2026 21:12:31.812] [Render thread/DEBUG] [net.minecraftforge.registries.ForgeRegistry/REGISTRIES]: Registry mineminenomi:abilities: Fixed mineminenomi:abilities id mismatch mineminenomi:skywalk: 502 (init) -> 503 (map).
[20Sep2026 21:12:31.812] [Render thread/DEBUG] [net.minecraftforge.registries.ForgeRegistry/REGISTRIES]: Registry mineminenomi:abilities: Fixed mineminenomi:abilities id mismatch mineminenomi:slam: 555 (init) -> 556 (map).
[20Sep2026 21:12:31.812] [Render thread/DEBUG] [net.minecraftforge.registries.ForgeRegistry/REGISTRIES]: Registry mineminenomi:abilities: Fixed mineminenomi:abilities id mismatch mineminenomi:slam_gibson: 202 (init) -> 265 (map).
[20Sep2026 21:12:31.812] [Render thread/DEBUG] [net.minecraftforge.registries.ForgeRegistry/REGISTRIES]: Registry mineminenomi:abilities: Fixed mineminenomi:abilities id mismatch mineminenomi:slave_arrow: 303 (init) -> 216 (map).
[20Sep2026 21:12:31.812] [Render thread/DEBUG] [net.minecraftforge.registries.ForgeRegistry/REGISTRIES]: Registry mineminenomi:abilities: Fixed mineminenomi:abilities id mismatch mineminenomi:small_muster: 537 (init) -> 538 (map).
[20Sep2026 21:12:31.812] [Render thread/DEBUG] [net.minecraftforge.registries.ForgeRegistry/REGISTRIES]: Registry mineminenomi:abilities: Fixed mineminenomi:abilities id mismatch mineminenomi:soap_defense: 222 (init) -> 185 (map).
[20Sep2026 21:12:31.812] [Render thread/DEBUG] [net.minecraftforge.registries.ForgeRegistry/REGISTRIES]: Registry mineminenomi:abilities: Fixed mineminenomi:abilities id mismatch mineminenomi:sora_no_michi: 350 (init) -> 378 (map).
[20Sep2026 21:12:31.812] [Render thread/DEBUG] [net.minecraftforge.registries.ForgeRegistry/REGISTRIES]: Registry mineminenomi:abilities: Fixed mineminenomi:abilities id mismatch mineminenomi:soru: 436 (init) -> 437 (map).
[20Sep2026 21:12:31.812] [Render thread/DEBUG] [net.minecraftforge.registries.ForgeRegistry/REGISTRIES]: Registry mineminenomi:abilities: Fixed mineminenomi:abilities id mismatch mineminenomi:soul_parade: 263 (init) -> 198 (map).
[20Sep2026 21:12:31.812] [Render thread/DEBUG] [net.minecraftforge.registries.ForgeRegistry/REGISTRIES]: Registry mineminenomi:abilities: Fixed mineminenomi:abilities id mismatch mineminenomi:southland_suplex: 457 (init) -> 458 (map).
[20Sep2026 21:12:31.812] [Render thread/DEBUG] [net.minecraftforge.registries.ForgeRegistry/REGISTRIES]: Registry mineminenomi:abilities: Fixed mineminenomi:abilities id mismatch mineminenomi:spar_claw: 309 (init) -> 222 (map).
[20Sep2026 21:12:31.812] [Render thread/DEBUG] [net.minecraftforge.registries.ForgeRegistry/REGISTRIES]: Registry mineminenomi:abilities: Fixed mineminenomi:abilities id mismatch mineminenomi:spark_step: 122 (init) -> 142 (map).
[20Sep2026 21:12:31.812] [Render thread/DEBUG] [net.minecraftforge.registries.ForgeRegistry/REGISTRIES]: Registry mineminenomi:abilities: Fixed mineminenomi:abilities id mismatch mineminenomi:sparkling_daisy: 311 (init) -> 224 (map).
[20Sep2026 21:12:31.812] [Render thread/DEBUG] [net.minecraftforge.registries.ForgeRegistry/REGISTRIES]: Registry mineminenomi:abilities: Fixed mineminenomi:abilities id mismatch mineminenomi:spider: 308 (init) -> 221 (map).
[20Sep2026 21:12:31.812] [Render thread/DEBUG] [net.minecraftforge.registries.ForgeRegistry/REGISTRIES]: Registry mineminenomi:abilities: Fixed mineminenomi:abilities id mismatch mineminenomi:spinning_brawl: 513 (init) -> 514 (map).
[20Sep2026 21:12:31.812] [Render thread/DEBUG] [net.minecraftforge.registries.ForgeRegistry/REGISTRIES]: Registry mineminenomi:abilities: Fixed mineminenomi:abilities id mismatch mineminenomi:spiral_hollow: 310 (init) -> 223 (map).
[20Sep2026 21:12:31.812] [Render thread/DEBUG] [net.minecraftforge.registries.ForgeRegistry/REGISTRIES]: Registry mineminenomi:abilities: Fixed mineminenomi:abilities id mismatch mineminenomi:spring_death_knock: 416 (init) -> 333 (map).
[20Sep2026 21:12:31.812] [Render thread/DEBUG] [net.minecraftforge.registries.ForgeRegistry/REGISTRIES]: Registry mineminenomi:abilities: Fixed mineminenomi:abilities id mismatch mineminenomi:spring_hopper: 414 (init) -> 331 (map).
[20Sep2026 21:12:31.812] [Render thread/DEBUG] [net.minecraftforge.registries.ForgeRegistry/REGISTRIES]: Registry mineminenomi:abilities: Fixed mineminenomi:abilities id mismatch mineminenomi:spring_snipe: 415 (init) -> 332 (map).
[20Sep2026 21:12:31.812] [Render thread/DEBUG] [net.minecraftforge.registries.ForgeRegistry/REGISTRIES]: Registry mineminenomi:abilities: Fixed mineminenomi:abilities id mismatch mineminenomi:steal_punch: 558 (init) -> 559 (map).
[20Sep2026 21:12:31.812] [Render thread/DEBUG] [net.minecraftforge.registries.ForgeRegistry/REGISTRIES]: Registry mineminenomi:abilities: Fixed mineminenomi:abilities id mismatch mineminenomi:stealth_foot: 563 (init) -> 564 (map).
[20Sep2026 21:12:31.812] [Render thread/DEBUG] [net.minecraftforge.registries.ForgeRegistry/REGISTRIES]: Registry mineminenomi:abilities: Fixed mineminenomi:abilities id mismatch mineminenomi:straw_man: 229 (init) -> 186 (map).
[20Sep2026 21:12:31.812] [Render thread/DEBUG] [net.minecraftforge.registries.ForgeRegistry/REGISTRIES]: Registry mineminenomi:abilities: Fixed mineminenomi:abilities id mismatch mineminenomi:strong_right: 451 (init) -> 452 (map).
[20Sep2026 21:12:31.812] [Render thread/DEBUG] [net.minecraftforge.registries.ForgeRegistry/REGISTRIES]: Registry mineminenomi:abilities: Fixed mineminenomi:abilities id mismatch mineminenomi:suke_punch: 401 (init) -> 318 (map).
[20Sep2026 21:12:31.812] [Render thread/DEBUG] [net.minecraftforge.registries.ForgeRegistry/REGISTRIES]: Registry mineminenomi:abilities: Fixed mineminenomi:abilities id mismatch mineminenomi:sulong: 465 (init) -> 466 (map).
[20Sep2026 21:12:31.812] [Render thread/DEBUG] [net.minecraftforge.registries.ForgeRegistry/REGISTRIES]: Registry mineminenomi:abilities: Fixed mineminenomi:abilities id mismatch mineminenomi:sulong_check: 466 (init) -> 467 (map).
[20Sep2026 21:12:31.812] [Render thread/DEBUG] [net.minecraftforge.registries.ForgeRegistry/REGISTRIES]: Registry mineminenomi:abilities: Fixed mineminenomi:abilities id mismatch mineminenomi:suna_block_bypassing: 190 (init) -> 241 (map).
[20Sep2026 21:12:31.813] [Render thread/DEBUG] [net.minecraftforge.registries.ForgeRegistry/REGISTRIES]: Registry mineminenomi:abilities: Fixed mineminenomi:abilities id mismatch mineminenomi:suna_special_fly: 187 (init) -> 238 (map).
[20Sep2026 21:12:31.813] [Render thread/DEBUG] [net.minecraftforge.registries.ForgeRegistry/REGISTRIES]: Registry mineminenomi:abilities: Fixed mineminenomi:abilities id mismatch mineminenomi:suplex: 514 (init) -> 515 (map).
[20Sep2026 21:12:31.813] [Render thread/DEBUG] [net.minecraftforge.registries.ForgeRegistry/REGISTRIES]: Registry mineminenomi:abilities: Fixed mineminenomi:abilities id mismatch mineminenomi:tabira_yuki: 291 (init) -> 350 (map).
[20Sep2026 21:12:31.813] [Render thread/DEBUG] [net.minecraftforge.registries.ForgeRegistry/REGISTRIES]: Registry mineminenomi:abilities: Fixed mineminenomi:abilities id mismatch mineminenomi:tackle: 553 (init) -> 554 (map).
[20Sep2026 21:12:31.813] [Render thread/DEBUG] [net.minecraftforge.registries.ForgeRegistry/REGISTRIES]: Registry mineminenomi:abilities: Fixed mineminenomi:abilities id mismatch mineminenomi:tail_spin: 561 (init) -> 562 (map).
[20Sep2026 21:12:31.813] [Render thread/DEBUG] [net.minecraftforge.registries.ForgeRegistry/REGISTRIES]: Registry mineminenomi:abilities: Fixed mineminenomi:abilities id mismatch mineminenomi:takedown_kick: 560 (init) -> 561 (map).
[20Sep2026 21:12:31.813] [Render thread/DEBUG] [net.minecraftforge.registries.ForgeRegistry/REGISTRIES]: Registry mineminenomi:abilities: Fixed mineminenomi:abilities id mismatch mineminenomi:takt: 243 (init) -> 287 (map).
[20Sep2026 21:12:31.813] [Render thread/DEBUG] [net.minecraftforge.registries.ForgeRegistry/REGISTRIES]: Registry mineminenomi:abilities: Fixed mineminenomi:abilities id mismatch mineminenomi:takt_emergence: 249 (init) -> 293 (map).
[20Sep2026 21:12:31.813] [Render thread/DEBUG] [net.minecraftforge.registries.ForgeRegistry/REGISTRIES]: Registry mineminenomi:abilities: Fixed mineminenomi:abilities id mismatch mineminenomi:takt_toss: 253 (init) -> 297 (map).
[20Sep2026 21:12:31.813] [Render thread/DEBUG] [net.minecraftforge.registries.ForgeRegistry/REGISTRIES]: Registry mineminenomi:abilities: Fixed mineminenomi:abilities id mismatch mineminenomi:tamaito: 351 (init) -> 379 (map).
[20Sep2026 21:12:31.813] [Render thread/DEBUG] [net.minecraftforge.registries.ForgeRegistry/REGISTRIES]: Registry mineminenomi:abilities: Fixed mineminenomi:abilities id mismatch mineminenomi:tankyudon: 207 (init) -> 270 (map).
[20Sep2026 21:12:31.813] [Render thread/DEBUG] [net.minecraftforge.registries.ForgeRegistry/REGISTRIES]: Registry mineminenomi:abilities: Fixed mineminenomi:abilities id mismatch mineminenomi:tears: 160 (init) -> 175 (map).
[20Sep2026 21:12:31.813] [Render thread/DEBUG] [net.minecraftforge.registries.ForgeRegistry/REGISTRIES]: Registry mineminenomi:abilities: Fixed mineminenomi:abilities id mismatch mineminenomi:tekkai: 437 (init) -> 438 (map).
[20Sep2026 21:12:31.813] [Render thread/DEBUG] [net.minecraftforge.registries.ForgeRegistry/REGISTRIES]: Registry mineminenomi:abilities: Fixed mineminenomi:abilities id mismatch mineminenomi:tempuraudon: 206 (init) -> 269 (map).
[20Sep2026 21:12:31.813] [Render thread/DEBUG] [net.minecraftforge.registries.ForgeRegistry/REGISTRIES]: Registry mineminenomi:abilities: Fixed mineminenomi:abilities id mismatch mineminenomi:tenchi_meido: 92 (init) -> 95 (map).
[20Sep2026 21:12:31.813] [Render thread/DEBUG] [net.minecraftforge.registries.ForgeRegistry/REGISTRIES]: Registry mineminenomi:abilities: Fixed mineminenomi:abilities id mismatch mineminenomi:tension_hormone: 273 (init) -> 208 (map).
[20Sep2026 21:12:31.813] [Render thread/DEBUG] [net.minecraftforge.registries.ForgeRegistry/REGISTRIES]: Registry mineminenomi:abilities: Fixed mineminenomi:abilities id mismatch mineminenomi:test: 576 (init) -> 577 (map).
[20Sep2026 21:12:31.813] [Render thread/DEBUG] [net.minecraftforge.registries.ForgeRegistry/REGISTRIES]: Registry mineminenomi:abilities: Fixed mineminenomi:abilities id mismatch mineminenomi:test_2: 577 (init) -> 578 (map).
[20Sep2026 21:12:31.813] [Render thread/DEBUG] [net.minecraftforge.registries.ForgeRegistry/REGISTRIES]: Registry mineminenomi:abilities: Fixed mineminenomi:abilities id mismatch mineminenomi:test_3: 578 (init) -> 579 (map).
[20Sep2026 21:12:31.813] [Render thread/DEBUG] [net.minecraftforge.registries.ForgeRegistry/REGISTRIES]: Registry mineminenomi:abilities: Fixed mineminenomi:abilities id mismatch mineminenomi:tetsu_boshi: 477 (init) -> 478 (map).
[20Sep2026 21:12:31.813] [Render thread/DEBUG] [net.minecraftforge.registries.ForgeRegistry/REGISTRIES]: Registry mineminenomi:abilities: Fixed mineminenomi:abilities id mismatch mineminenomi:thunder_ball: 490 (init) -> 491 (map).
[20Sep2026 21:12:31.813] [Render thread/DEBUG] [net.minecraftforge.registries.ForgeRegistry/REGISTRIES]: Registry mineminenomi:abilities: Fixed mineminenomi:abilities id mismatch mineminenomi:thunder_lance_tempo: 493 (init) -> 494 (map).
[20Sep2026 21:12:31.813] [Render thread/DEBUG] [net.minecraftforge.registries.ForgeRegistry/REGISTRIES]: Registry mineminenomi:abilities: Fixed mineminenomi:abilities id mismatch mineminenomi:thunderbolt_tempo: 491 (init) -> 492 (map).
[20Sep2026 21:12:31.813] [Render thread/DEBUG] [net.minecraftforge.registries.ForgeRegistry/REGISTRIES]: Registry mineminenomi:abilities: Fixed mineminenomi:abilities id mismatch mineminenomi:thunderstorm_tempo: 492 (init) -> 493 (map).
[20Sep2026 21:12:31.813] [Render thread/DEBUG] [net.minecraftforge.registries.ForgeRegistry/REGISTRIES]: Registry mineminenomi:abilities: Fixed mineminenomi:abilities id mismatch mineminenomi:todoroki: 155 (init) -> 170 (map).
[20Sep2026 21:12:31.813] [Render thread/DEBUG] [net.minecraftforge.registries.ForgeRegistry/REGISTRIES]: Registry mineminenomi:abilities: Fixed mineminenomi:abilities id mismatch mineminenomi:toku_hollow: 315 (init) -> 228 (map).
[20Sep2026 21:12:31.813] [Render thread/DEBUG] [net.minecraftforge.registries.ForgeRegistry/REGISTRIES]: Registry mineminenomi:abilities: Fixed mineminenomi:abilities id mismatch mineminenomi:tokudai_candle: 550 (init) -> 551 (map).
[20Sep2026 21:12:31.813] [Render thread/DEBUG] [net.minecraftforge.registries.ForgeRegistry/REGISTRIES]: Registry mineminenomi:abilities: Fixed mineminenomi:abilities id mismatch mineminenomi:tokuyo_abura_boshi: 478 (init) -> 479 (map).
[20Sep2026 21:12:31.813] [Render thread/DEBUG] [net.minecraftforge.registries.ForgeRegistry/REGISTRIES]: Registry mineminenomi:abilities: Fixed mineminenomi:abilities id mismatch mineminenomi:torikago: 355 (init) -> 383 (map).
[20Sep2026 21:12:31.813] [Render thread/DEBUG] [net.minecraftforge.registries.ForgeRegistry/REGISTRIES]: Registry mineminenomi:abilities: Fixed mineminenomi:abilities id mismatch mineminenomi:trample: 58 (init) -> 49 (map).
[20Sep2026 21:12:31.813] [Render thread/DEBUG] [net.minecraftforge.registries.ForgeRegistry/REGISTRIES]: Registry mineminenomi:abilities: Fixed mineminenomi:abilities id mismatch mineminenomi:trunk_shot: 85 (init) -> 78 (map).
[20Sep2026 21:12:31.813] [Render thread/DEBUG] [net.minecraftforge.registries.ForgeRegistry/REGISTRIES]: Registry mineminenomi:abilities: Fixed mineminenomi:abilities id mismatch mineminenomi:tsuno_tokage: 343 (init) -> 371 (map).
[20Sep2026 21:12:31.813] [Render thread/DEBUG] [net.minecraftforge.registries.ForgeRegistry/REGISTRIES]: Registry mineminenomi:abilities: Fixed mineminenomi:abilities id mismatch mineminenomi:tsuppari_pad_ho: 163 (init) -> 178 (map).
[20Sep2026 21:12:31.813] [Render thread/DEBUG] [net.minecraftforge.registries.ForgeRegistry/REGISTRIES]: Registry mineminenomi:abilities: Fixed mineminenomi:abilities id mismatch mineminenomi:two_fish_engine: 448 (init) -> 449 (map).
[20Sep2026 21:12:31.813] [Render thread/DEBUG] [net.minecraftforge.registries.ForgeRegistry/REGISTRIES]: Registry mineminenomi:abilities: Fixed mineminenomi:abilities id mismatch mineminenomi:uchimizu: 443 (init) -> 444 (map).
[20Sep2026 21:12:31.813] [Render thread/DEBUG] [net.minecraftforge.registries.ForgeRegistry/REGISTRIES]: Registry mineminenomi:abilities: Fixed mineminenomi:abilities id mismatch mineminenomi:ursus_shock: 164 (init) -> 179 (map).
[20Sep2026 21:12:31.813] [Render thread/DEBUG] [net.minecraftforge.registries.ForgeRegistry/REGISTRIES]: Registry mineminenomi:abilities: Fixed mineminenomi:abilities id mismatch mineminenomi:vari: 124 (init) -> 144 (map).
[20Sep2026 21:12:31.813] [Render thread/DEBUG] [net.minecraftforge.registries.ForgeRegistry/REGISTRIES]: Registry mineminenomi:abilities: Fixed mineminenomi:abilities id mismatch mineminenomi:veinte_fleur_calendula: 138 (init) -> 125 (map).
[20Sep2026 21:12:31.813] [Render thread/DEBUG] [net.minecraftforge.registries.ForgeRegistry/REGISTRIES]: Registry mineminenomi:abilities: Fixed mineminenomi:abilities id mismatch mineminenomi:venom_demon: 68 (init) -> 88 (map).
[20Sep2026 21:12:31.813] [Render thread/DEBUG] [net.minecraftforge.registries.ForgeRegistry/REGISTRIES]: Registry mineminenomi:abilities: Fixed mineminenomi:abilities id mismatch mineminenomi:venom_road: 66 (init) -> 86 (map).
[20Sep2026 21:12:31.813] [Render thread/DEBUG] [net.minecraftforge.registries.ForgeRegistry/REGISTRIES]: Registry mineminenomi:abilities: Fixed mineminenomi:abilities id mismatch mineminenomi:virus_zone: 486 (init) -> 487 (map).
[20Sep2026 21:12:31.813] [Render thread/DEBUG] [net.minecraftforge.registries.ForgeRegistry/REGISTRIES]: Registry mineminenomi:abilities: Fixed mineminenomi:abilities id mismatch mineminenomi:volt_amaru: 129 (init) -> 149 (map).
[20Sep2026 21:12:31.813] [Render thread/DEBUG] [net.minecraftforge.registries.ForgeRegistry/REGISTRIES]: Registry mineminenomi:abilities: Fixed mineminenomi:abilities id mismatch mineminenomi:volt_amaru_flight: 130 (init) -> 150 (map).
[20Sep2026 21:12:31.813] [Render thread/DEBUG] [net.minecraftforge.registries.ForgeRegistry/REGISTRIES]: Registry mineminenomi:abilities: Fixed mineminenomi:abilities id mismatch mineminenomi:volt_up: 128 (init) -> 148 (map).
[20Sep2026 21:12:31.813] [Render thread/DEBUG] [net.minecraftforge.registries.ForgeRegistry/REGISTRIES]: Registry mineminenomi:abilities: Fixed mineminenomi:abilities id mismatch mineminenomi:vulcanization: 234 (init) -> 191 (map).
[20Sep2026 21:12:31.813] [Render thread/DEBUG] [net.minecraftforge.registries.ForgeRegistry/REGISTRIES]: Registry mineminenomi:abilities: Fixed mineminenomi:abilities id mismatch mineminenomi:warabide_sword: 230 (init) -> 187 (map).
[20Sep2026 21:12:31.813] [Render thread/DEBUG] [net.minecraftforge.registries.ForgeRegistry/REGISTRIES]: Registry mineminenomi:abilities: Fixed mineminenomi:abilities id mismatch mineminenomi:weapon_spin: 559 (init) -> 560 (map).
[20Sep2026 21:12:31.813] [Render thread/DEBUG] [net.minecraftforge.registries.ForgeRegistry/REGISTRIES]: Registry mineminenomi:abilities: Fixed mineminenomi:abilities id mismatch mineminenomi:weapon_throw: 556 (init) -> 557 (map).
[20Sep2026 21:12:31.813] [Render thread/DEBUG] [net.minecraftforge.registries.ForgeRegistry/REGISTRIES]: Registry mineminenomi:abilities: Fixed mineminenomi:abilities id mismatch mineminenomi:weather_cloud_tempo: 489 (init) -> 490 (map).
[20Sep2026 21:12:31.813] [Render thread/DEBUG] [net.minecraftforge.registries.ForgeRegistry/REGISTRIES]: Registry mineminenomi:abilities: Fixed mineminenomi:abilities id mismatch mineminenomi:weather_egg: 497 (init) -> 498 (map).
[20Sep2026 21:12:31.813] [Render thread/DEBUG] [net.minecraftforge.registries.ForgeRegistry/REGISTRIES]: Registry mineminenomi:abilities: Fixed mineminenomi:abilities id mismatch mineminenomi:wootz_net_launcher: 567 (init) -> 568 (map).
[20Sep2026 21:12:31.813] [Render thread/DEBUG] [net.minecraftforge.registries.ForgeRegistry/REGISTRIES]: Registry mineminenomi:abilities: Fixed mineminenomi:abilities id mismatch mineminenomi:yakkodori: 469 (init) -> 470 (map).
[20Sep2026 21:12:31.813] [Render thread/DEBUG] [net.minecraftforge.registries.ForgeRegistry/REGISTRIES]: Registry mineminenomi:abilities: Fixed mineminenomi:abilities id mismatch mineminenomi:yarinami: 449 (init) -> 450 (map).
[20Sep2026 21:12:31.813] [Render thread/DEBUG] [net.minecraftforge.registries.ForgeRegistry/REGISTRIES]: Registry mineminenomi:abilities: Fixed mineminenomi:abilities id mismatch mineminenomi:yomi_immunities: 266 (init) -> 201 (map).
[20Sep2026 21:12:31.813] [Render thread/DEBUG] [net.minecraftforge.registries.ForgeRegistry/REGISTRIES]: Registry mineminenomi:abilities: Fixed mineminenomi:abilities id mismatch mineminenomi:yomi_no_reiki: 265 (init) -> 200 (map).
[20Sep2026 21:12:31.813] [Render thread/DEBUG] [net.minecraftforge.registries.ForgeRegistry/REGISTRIES]: Registry mineminenomi:abilities: Fixed mineminenomi:abilities id mismatch mineminenomi:yuki_block_bypassing: 297 (init) -> 356 (map).
[20Sep2026 21:12:31.813] [Render thread/DEBUG] [net.minecraftforge.registries.ForgeRegistry/REGISTRIES]: Registry mineminenomi:abilities: Fixed mineminenomi:abilities id mismatch mineminenomi:yuki_gaki: 292 (init) -> 351 (map).
[20Sep2026 21:12:31.813] [Render thread/DEBUG] [net.minecraftforge.registries.ForgeRegistry/REGISTRIES]: Registry mineminenomi:abilities: Fixed mineminenomi:abilities id mismatch mineminenomi:yuki_immunities: 296 (init) -> 355 (map).
[20Sep2026 21:12:31.813] [Render thread/DEBUG] [net.minecraftforge.registries.ForgeRegistry/REGISTRIES]: Registry mineminenomi:abilities: Fixed mineminenomi:abilities id mismatch mineminenomi:yuki_rabi: 289 (init) -> 348 (map).
[20Sep2026 21:12:31.814] [Render thread/DEBUG] [net.minecraftforge.registries.ForgeRegistry/REGISTRIES]: Registry mineminenomi:abilities: Fixed mineminenomi:abilities id mismatch mineminenomi:yutai_ridatsu: 316 (init) -> 229 (map).
[20Sep2026 21:12:31.814] [Render thread/DEBUG] [net.minecraftforge.registries.ForgeRegistry/REGISTRIES]: Registry mineminenomi:abilities: Fixed mineminenomi:abilities id mismatch mineminenomi:zenshin_kibaku: 368 (init) -> 309 (map).
[20Sep2026 21:12:31.814] [Render thread/DEBUG] [net.minecraftforge.registries.ForgeRegistry/REGISTRIES]: Registry mineminenomi:abilities: Fixed mineminenomi:abilities id mismatch mineminenomi:zoom: 542 (init) -> 543 (map).
[20Sep2026 21:12:31.814] [Render thread/DEBUG] [net.minecraftforge.registries.ForgeRegistry/REGISTRIES]: Registry mineminenomi:abilities: Fixed mineminenomi:abilities id mismatch mineminenomi:zou_guard_point: 83 (init) -> 76 (map).
[20Sep2026 21:12:31.814] [Render thread/DEBUG] [net.minecraftforge.registries.ForgeRegistry/REGISTRIES]: Registry mineminenomi:abilities: Fixed mineminenomi:abilities id mismatch mineminenomi:zou_heavy_point: 84 (init) -> 77 (map).
[20Sep2026 21:12:31.814] [Render thread/DEBUG] [net.minecraftforge.registries.ForgeRegistry/REGISTRIES]: Registry mineminenomi:abilities: Fixed mineminenomi:abilities id mismatch mineminenomi:zou_rideable: 89 (init) -> 82 (map).
[20Sep2026 21:12:31.814] [Render thread/DEBUG] [net.minecraftforge.registries.ForgeRegistry/REGISTRIES]: Registry mineminenomi:abilities: Fixed mineminenomi:abilities id mismatch mineminenomi:zushi_flight: 435 (init) -> 436 (map).
[20Sep2026 21:12:31.814] [Render thread/DEBUG] [net.minecraftforge.registries.ForgeRegistry/REGISTRIES]: Registry minecraft:block: Fixed minecraft:block id mismatch cartaddon:brittle_stone: 811 (init) -> 812 (map).
[20Sep2026 21:12:31.814] [Render thread/DEBUG] [net.minecraftforge.registries.ForgeRegistry/REGISTRIES]: Registry minecraft:block: Fixed minecraft:block id mismatch cartaddon:bubble_block: 815 (init) -> 816 (map).
[20Sep2026 21:12:31.814] [Render thread/DEBUG] [net.minecraftforge.registries.ForgeRegistry/REGISTRIES]: Registry minecraft:block: Fixed minecraft:block id mismatch cartaddon:darkness_block: 817 (init) -> 818 (map).
[20Sep2026 21:12:31.814] [Render thread/DEBUG] [net.minecraftforge.registries.ForgeRegistry/REGISTRIES]: Registry minecraft:block: Fixed minecraft:block id mismatch cartaddon:goru_block: 808 (init) -> 809 (map).
[20Sep2026 21:12:31.814] [Render thread/DEBUG] [net.minecraftforge.registries.ForgeRegistry/REGISTRIES]: Registry minecraft:block: Fixed minecraft:block id mismatch cartaddon:ito: 818 (init) -> 819 (map).
[20Sep2026 21:12:31.814] [Render thread/DEBUG] [net.minecraftforge.registries.ForgeRegistry/REGISTRIES]: Registry minecraft:block: Fixed minecraft:block id mismatch cartaddon:mochi_block: 810 (init) -> 811 (map).
[20Sep2026 21:12:31.814] [Render thread/DEBUG] [net.minecraftforge.registries.ForgeRegistry/REGISTRIES]: Registry minecraft:block: Fixed minecraft:block id mismatch cartaddon:mori_block: 809 (init) -> 810 (map).
[20Sep2026 21:12:31.814] [Render thread/DEBUG] [net.minecraftforge.registries.ForgeRegistry/REGISTRIES]: Registry minecraft:block: Fixed minecraft:block id mismatch cartaddon:neon_green: 812 (init) -> 813 (map).
[20Sep2026 21:12:31.814] [Render thread/DEBUG] [net.minecraftforge.registries.ForgeRegistry/REGISTRIES]: Registry minecraft:block: Fixed minecraft:block id mismatch cartaddon:road_poneglyph: 816 (init) -> 817 (map).
[20Sep2026 21:12:31.814] [Render thread/DEBUG] [net.minecraftforge.registries.ForgeRegistry/REGISTRIES]: Registry minecraft:block: Fixed minecraft:block id mismatch cartaddon:sandy_stone: 813 (init) -> 814 (map).
[20Sep2026 21:12:31.814] [Render thread/DEBUG] [net.minecraftforge.registries.ForgeRegistry/REGISTRIES]: Registry minecraft:block: Fixed minecraft:block id mismatch cartaddon:string_block: 819 (init) -> 820 (map).
[20Sep2026 21:12:31.814] [Render thread/DEBUG] [net.minecraftforge.registries.ForgeRegistry/REGISTRIES]: Registry minecraft:block: Fixed minecraft:block id mismatch cartaddon:swamp_block: 814 (init) -> 815 (map).
[20Sep2026 21:12:31.814] [Render thread/DEBUG] [net.minecraftforge.registries.ForgeRegistry/REGISTRIES]: Registry minecraft:block: Fixed minecraft:block id mismatch kazimod:infinite_void_floor: 820 (init) -> 808 (map).
[20Sep2026 21:12:31.819] [Render thread/DEBUG] [net.minecraftforge.registries.ForgeRegistry/REGISTRIES]: Registry minecraft:entity_type: Fixed minecraft:entity_type id mismatch cartaddon:absolute_pierce: 476 (init) -> 510 (map).
[20Sep2026 21:12:31.820] [Render thread/DEBUG] [net.minecraftforge.registries.ForgeRegistry/REGISTRIES]: Registry minecraft:entity_type: Fixed minecraft:entity_type id mismatch cartaddon:advanced_bisu_hei: 641 (init) -> 675 (map).
[20Sep2026 21:12:31.820] [Render thread/DEBUG] [net.minecraftforge.registries.ForgeRegistry/REGISTRIES]: Registry minecraft:entity_type: Fixed minecraft:entity_type id mismatch cartaddon:advanced_black_leg_trainer: 406 (init) -> 440 (map).
[20Sep2026 21:12:31.820] [Render thread/DEBUG] [net.minecraftforge.registries.ForgeRegistry/REGISTRIES]: Registry minecraft:entity_type: Fixed minecraft:entity_type id mismatch cartaddon:advanced_brawler_trainer: 404 (init) -> 438 (map).
[20Sep2026 21:12:31.820] [Render thread/DEBUG] [net.minecraftforge.registries.ForgeRegistry/REGISTRIES]: Registry minecraft:entity_type: Fixed minecraft:entity_type id mismatch cartaddon:advanced_swordsman_trainer: 405 (init) -> 439 (map).
[20Sep2026 21:12:31.820] [Render thread/DEBUG] [net.minecraftforge.registries.ForgeRegistry/REGISTRIES]: Registry minecraft:entity_type: Fixed minecraft:entity_type id mismatch cartaddon:allosaur_mma: 517 (init) -> 551 (map).
[20Sep2026 21:12:31.820] [Render thread/DEBUG] [net.minecraftforge.registries.ForgeRegistry/REGISTRIES]: Registry minecraft:entity_type: Fixed minecraft:entity_type id mismatch cartaddon:andon: 577 (init) -> 611 (map).
[20Sep2026 21:12:31.820] [Render thread/DEBUG] [net.minecraftforge.registries.ForgeRegistry/REGISTRIES]: Registry minecraft:entity_type: Fixed minecraft:entity_type id mismatch cartaddon:anemone: 573 (init) -> 607 (map).
[20Sep2026 21:12:31.820] [Render thread/DEBUG] [net.minecraftforge.registries.ForgeRegistry/REGISTRIES]: Registry minecraft:entity_type: Fixed minecraft:entity_type id mismatch cartaddon:axe_dial: 506 (init) -> 540 (map).
[20Sep2026 21:12:31.820] [Render thread/DEBUG] [net.minecraftforge.registries.ForgeRegistry/REGISTRIES]: Registry minecraft:entity_type: Fixed minecraft:entity_type id mismatch cartaddon:axe_throw: 648 (init) -> 682 (map).
[20Sep2026 21:12:31.820] [Render thread/DEBUG] [net.minecraftforge.registries.ForgeRegistry/REGISTRIES]: Registry minecraft:entity_type: Fixed minecraft:entity_type id mismatch cartaddon:axe_trainer: 443 (init) -> 477 (map).
[20Sep2026 21:12:31.820] [Render thread/DEBUG] [net.minecraftforge.registries.ForgeRegistry/REGISTRIES]: Registry minecraft:entity_type: Fixed minecraft:entity_type id mismatch cartaddon:axolotl_mma: 518 (init) -> 552 (map).
[20Sep2026 21:12:31.820] [Render thread/DEBUG] [net.minecraftforge.registries.ForgeRegistry/REGISTRIES]: Registry minecraft:entity_type: Fixed minecraft:entity_type id mismatch cartaddon:bata_bullet: 646 (init) -> 680 (map).
[20Sep2026 21:12:31.820] [Render thread/DEBUG] [net.minecraftforge.registries.ForgeRegistry/REGISTRIES]: Registry minecraft:entity_type: Fixed minecraft:entity_type id mismatch cartaddon:big_bad_scratch: 589 (init) -> 623 (map).
[20Sep2026 21:12:31.820] [Render thread/DEBUG] [net.minecraftforge.registries.ForgeRegistry/REGISTRIES]: Registry minecraft:entity_type: Fixed minecraft:entity_type id mismatch cartaddon:big_bananawani: 426 (init) -> 460 (map).
[20Sep2026 21:12:31.820] [Render thread/DEBUG] [net.minecraftforge.registries.ForgeRegistry/REGISTRIES]: Registry minecraft:entity_type: Fixed minecraft:entity_type id mismatch cartaddon:birdcage: 466 (init) -> 500 (map).
[20Sep2026 21:12:31.820] [Render thread/DEBUG] [net.minecraftforge.registries.ForgeRegistry/REGISTRIES]: Registry minecraft:entity_type: Fixed minecraft:entity_type id mismatch cartaddon:bison_mma: 519 (init) -> 553 (map).
[20Sep2026 21:12:31.820] [Render thread/DEBUG] [net.minecraftforge.registries.ForgeRegistry/REGISTRIES]: Registry minecraft:entity_type: Fixed minecraft:entity_type id mismatch cartaddon:bisu_hei: 642 (init) -> 676 (map).
[20Sep2026 21:12:31.820] [Render thread/DEBUG] [net.minecraftforge.registries.ForgeRegistry/REGISTRIES]: Registry minecraft:entity_type: Fixed minecraft:entity_type id mismatch cartaddon:bisu_steed: 643 (init) -> 677 (map).
[20Sep2026 21:12:31.820] [Render thread/DEBUG] [net.minecraftforge.registries.ForgeRegistry/REGISTRIES]: Registry minecraft:entity_type: Fixed minecraft:entity_type id mismatch cartaddon:black_blade_hell_slash: 622 (init) -> 656 (map).
[20Sep2026 21:12:31.820] [Render thread/DEBUG] [net.minecraftforge.registries.ForgeRegistry/REGISTRIES]: Registry minecraft:entity_type: Fixed minecraft:entity_type id mismatch cartaddon:black_blade_wild_slash: 467 (init) -> 501 (map).
[20Sep2026 21:12:31.820] [Render thread/DEBUG] [net.minecraftforge.registries.ForgeRegistry/REGISTRIES]: Registry minecraft:entity_type: Fixed minecraft:entity_type id mismatch cartaddon:black_market_trader: 407 (init) -> 441 (map).
[20Sep2026 21:12:31.820] [Render thread/DEBUG] [net.minecraftforge.registries.ForgeRegistry/REGISTRIES]: Registry minecraft:entity_type: Fixed minecraft:entity_type id mismatch cartaddon:blink: 628 (init) -> 662 (map).
[20Sep2026 21:12:31.820] [Render thread/DEBUG] [net.minecraftforge.registries.ForgeRegistry/REGISTRIES]: Registry minecraft:entity_type: Fixed minecraft:entity_type id mismatch cartaddon:blood_burst: 644 (init) -> 678 (map).
[20Sep2026 21:12:31.820] [Render thread/DEBUG] [net.minecraftforge.registries.ForgeRegistry/REGISTRIES]: Registry minecraft:entity_type: Fixed minecraft:entity_type id mismatch cartaddon:blow_your_house_down: 588 (init) -> 622 (map).
[20Sep2026 21:12:31.820] [Render thread/DEBUG] [net.minecraftforge.registries.ForgeRegistry/REGISTRIES]: Registry minecraft:entity_type: Fixed minecraft:entity_type id mismatch cartaddon:bludgeon_trainer: 401 (init) -> 435 (map).
[20Sep2026 21:12:31.820] [Render thread/DEBUG] [net.minecraftforge.registries.ForgeRegistry/REGISTRIES]: Registry minecraft:entity_type: Fixed minecraft:entity_type id mismatch cartaddon:boa_world_boss: 460 (init) -> 494 (map).
[20Sep2026 21:12:31.820] [Render thread/DEBUG] [net.minecraftforge.registries.ForgeRegistry/REGISTRIES]: Registry minecraft:entity_type: Fixed minecraft:entity_type id mismatch cartaddon:bolo_breath: 471 (init) -> 505 (map).
[20Sep2026 21:12:31.820] [Render thread/DEBUG] [net.minecraftforge.registries.ForgeRegistry/REGISTRIES]: Registry minecraft:entity_type: Fixed minecraft:entity_type id mismatch cartaddon:brachiosaur_mma: 520 (init) -> 554 (map).
[20Sep2026 21:12:31.820] [Render thread/DEBUG] [net.minecraftforge.registries.ForgeRegistry/REGISTRIES]: Registry minecraft:entity_type: Fixed minecraft:entity_type id mismatch cartaddon:capone_bege_world_boss: 459 (init) -> 493 (map).
[20Sep2026 21:12:31.820] [Render thread/DEBUG] [net.minecraftforge.registries.ForgeRegistry/REGISTRIES]: Registry minecraft:entity_type: Fixed minecraft:entity_type id mismatch cartaddon:cart_electrical_luna: 623 (init) -> 657 (map).
[20Sep2026 21:12:31.820] [Render thread/DEBUG] [net.minecraftforge.registries.ForgeRegistry/REGISTRIES]: Registry minecraft:entity_type: Fixed minecraft:entity_type id mismatch cartaddon:cart_electrical_shower: 624 (init) -> 658 (map).
[20Sep2026 21:12:31.820] [Render thread/DEBUG] [net.minecraftforge.registries.ForgeRegistry/REGISTRIES]: Registry minecraft:entity_type: Fixed minecraft:entity_type id mismatch cartaddon:cart_king_punch: 633 (init) -> 667 (map).
[20Sep2026 21:12:31.820] [Render thread/DEBUG] [net.minecraftforge.registries.ForgeRegistry/REGISTRIES]: Registry minecraft:entity_type: Fixed minecraft:entity_type id mismatch cartaddon:cart_radical_beam: 630 (init) -> 664 (map).
[20Sep2026 21:12:31.820] [Render thread/DEBUG] [net.minecraftforge.registries.ForgeRegistry/REGISTRIES]: Registry minecraft:entity_type: Fixed minecraft:entity_type id mismatch cartaddon:cart_strong_right: 629 (init) -> 663 (map).
[20Sep2026 21:12:31.820] [Render thread/DEBUG] [net.minecraftforge.registries.ForgeRegistry/REGISTRIES]: Registry minecraft:entity_type: Fixed minecraft:entity_type id mismatch cartaddon:charlestone: 587 (init) -> 621 (map).
[20Sep2026 21:12:31.820] [Render thread/DEBUG] [net.minecraftforge.registries.ForgeRegistry/REGISTRIES]: Registry minecraft:entity_type: Fixed minecraft:entity_type id mismatch cartaddon:chikara_mochi: 569 (init) -> 603 (map).
[20Sep2026 21:12:31.820] [Render thread/DEBUG] [net.minecraftforge.registries.ForgeRegistry/REGISTRIES]: Registry minecraft:entity_type: Fixed minecraft:entity_type id mismatch cartaddon:clawed_palmed_burst: 477 (init) -> 511 (map).
[20Sep2026 21:12:31.820] [Render thread/DEBUG] [net.minecraftforge.registries.ForgeRegistry/REGISTRIES]: Registry minecraft:entity_type: Fixed minecraft:entity_type id mismatch cartaddon:cool_ball_redo: 652 (init) -> 686 (map).
[20Sep2026 21:12:31.820] [Render thread/DEBUG] [net.minecraftforge.registries.ForgeRegistry/REGISTRIES]: Registry minecraft:entity_type: Fixed minecraft:entity_type id mismatch cartaddon:coup_de_vent: 632 (init) -> 666 (map).
[20Sep2026 21:12:31.820] [Render thread/DEBUG] [net.minecraftforge.registries.ForgeRegistry/REGISTRIES]: Registry minecraft:entity_type: Fixed minecraft:entity_type id mismatch cartaddon:crescendo_volley: 470 (init) -> 504 (map).
[20Sep2026 21:12:31.820] [Render thread/DEBUG] [net.minecraftforge.registries.ForgeRegistry/REGISTRIES]: Registry minecraft:entity_type: Fixed minecraft:entity_type id mismatch cartaddon:crescent_moon: 607 (init) -> 641 (map).
[20Sep2026 21:12:31.820] [Render thread/DEBUG] [net.minecraftforge.registries.ForgeRegistry/REGISTRIES]: Registry minecraft:entity_type: Fixed minecraft:entity_type id mismatch cartaddon:crescent_moon2: 606 (init) -> 640 (map).
[20Sep2026 21:12:31.820] [Render thread/DEBUG] [net.minecraftforge.registries.ForgeRegistry/REGISTRIES]: Registry minecraft:entity_type: Fixed minecraft:entity_type id mismatch cartaddon:crocodile: 419 (init) -> 453 (map).
[20Sep2026 21:12:31.820] [Render thread/DEBUG] [net.minecraftforge.registries.ForgeRegistry/REGISTRIES]: Registry minecraft:entity_type: Fixed minecraft:entity_type id mismatch cartaddon:dagger_trainer: 424 (init) -> 458 (map).
[20Sep2026 21:12:31.820] [Render thread/DEBUG] [net.minecraftforge.registries.ForgeRegistry/REGISTRIES]: Registry minecraft:entity_type: Fixed minecraft:entity_type id mismatch cartaddon:damned_punk: 583 (init) -> 617 (map).
[20Sep2026 21:12:31.820] [Render thread/DEBUG] [net.minecraftforge.registries.ForgeRegistry/REGISTRIES]: Registry minecraft:entity_type: Fixed minecraft:entity_type id mismatch cartaddon:dangirigan_kairoseki_bullet: 475 (init) -> 509 (map).
[20Sep2026 21:12:31.820] [Render thread/DEBUG] [net.minecraftforge.registries.ForgeRegistry/REGISTRIES]: Registry minecraft:entity_type: Fixed minecraft:entity_type id mismatch cartaddon:dangirigan_normal_bullet: 474 (init) -> 508 (map).
[20Sep2026 21:12:31.820] [Render thread/DEBUG] [net.minecraftforge.registries.ForgeRegistry/REGISTRIES]: Registry minecraft:entity_type: Fixed minecraft:entity_type id mismatch cartaddon:divine_cut: 526 (init) -> 560 (map).
[20Sep2026 21:12:31.820] [Render thread/DEBUG] [net.minecraftforge.registries.ForgeRegistry/REGISTRIES]: Registry minecraft:entity_type: Fixed minecraft:entity_type id mismatch cartaddon:divine_departure: 480 (init) -> 514 (map).
[20Sep2026 21:12:31.820] [Render thread/DEBUG] [net.minecraftforge.registries.ForgeRegistry/REGISTRIES]: Registry minecraft:entity_type: Fixed minecraft:entity_type id mismatch cartaddon:donut: 572 (init) -> 606 (map).
[20Sep2026 21:12:31.820] [Render thread/DEBUG] [net.minecraftforge.registries.ForgeRegistry/REGISTRIES]: Registry minecraft:entity_type: Fixed minecraft:entity_type id mismatch cartaddon:down_slam: 568 (init) -> 602 (map).
[20Sep2026 21:12:31.821] [Render thread/DEBUG] [net.minecraftforge.registries.ForgeRegistry/REGISTRIES]: Registry minecraft:entity_type: Fixed minecraft:entity_type id mismatch cartaddon:dragon_fireball: 625 (init) -> 659 (map).
[20Sep2026 21:12:31.821] [Render thread/DEBUG] [net.minecraftforge.registries.ForgeRegistry/REGISTRIES]: Registry minecraft:entity_type: Fixed minecraft:entity_type id mismatch cartaddon:dragon_thirteen: 427 (init) -> 461 (map).
[20Sep2026 21:12:31.821] [Render thread/DEBUG] [net.minecraftforge.registries.ForgeRegistry/REGISTRIES]: Registry minecraft:entity_type: Fixed minecraft:entity_type id mismatch cartaddon:dragons_wrath: 513 (init) -> 547 (map).
[20Sep2026 21:12:31.821] [Render thread/DEBUG] [net.minecraftforge.registries.ForgeRegistry/REGISTRIES]: Registry minecraft:entity_type: Fixed minecraft:entity_type id mismatch cartaddon:enel: 422 (init) -> 456 (map).
[20Sep2026 21:12:31.821] [Render thread/DEBUG] [net.minecraftforge.registries.ForgeRegistry/REGISTRIES]: Registry minecraft:entity_type: Fixed minecraft:entity_type id mismatch cartaddon:enel_raigo: 616 (init) -> 650 (map).
[20Sep2026 21:12:31.821] [Render thread/DEBUG] [net.minecraftforge.registries.ForgeRegistry/REGISTRIES]: Registry minecraft:entity_type: Fixed minecraft:entity_type id mismatch cartaddon:enel_world_boss: 445 (init) -> 479 (map).
[20Sep2026 21:12:31.821] [Render thread/DEBUG] [net.minecraftforge.registries.ForgeRegistry/REGISTRIES]: Registry minecraft:entity_type: Fixed minecraft:entity_type id mismatch cartaddon:fell_stinger: 550 (init) -> 584 (map).
[20Sep2026 21:12:31.821] [Render thread/DEBUG] [net.minecraftforge.registries.ForgeRegistry/REGISTRIES]: Registry minecraft:entity_type: Fixed minecraft:entity_type id mismatch cartaddon:fire_tank_cannon: 507 (init) -> 541 (map).
[20Sep2026 21:12:31.821] [Render thread/DEBUG] [net.minecraftforge.registries.ForgeRegistry/REGISTRIES]: Registry minecraft:entity_type: Fixed minecraft:entity_type id mismatch cartaddon:flaming_slash: 576 (init) -> 610 (map).
[20Sep2026 21:12:31.821] [Render thread/DEBUG] [net.minecraftforge.registries.ForgeRegistry/REGISTRIES]: Registry minecraft:entity_type: Fixed minecraft:entity_type id mismatch cartaddon:flap_thread: 585 (init) -> 619 (map).
[20Sep2026 21:12:31.821] [Render thread/DEBUG] [net.minecraftforge.registries.ForgeRegistry/REGISTRIES]: Registry minecraft:entity_type: Fixed minecraft:entity_type id mismatch cartaddon:foxfire_ball: 592 (init) -> 626 (map).
[20Sep2026 21:12:31.821] [Render thread/DEBUG] [net.minecraftforge.registries.ForgeRegistry/REGISTRIES]: Registry minecraft:entity_type: Fixed minecraft:entity_type id mismatch cartaddon:foxfire_explosion: 593 (init) -> 627 (map).
[20Sep2026 21:12:31.821] [Render thread/DEBUG] [net.minecraftforge.registries.ForgeRegistry/REGISTRIES]: Registry minecraft:entity_type: Fixed minecraft:entity_type id mismatch cartaddon:futenraku: 647 (init) -> 681 (map).
[20Sep2026 21:12:31.821] [Render thread/DEBUG] [net.minecraftforge.registries.ForgeRegistry/REGISTRIES]: Registry minecraft:entity_type: Fixed minecraft:entity_type id mismatch cartaddon:galaxy_divide: 636 (init) -> 670 (map).
[20Sep2026 21:12:31.821] [Render thread/DEBUG] [net.minecraftforge.registries.ForgeRegistry/REGISTRIES]: Registry minecraft:entity_type: Fixed minecraft:entity_type id mismatch cartaddon:galaxy_impact: 635 (init) -> 669 (map).
[20Sep2026 21:12:31.821] [Render thread/DEBUG] [net.minecraftforge.registries.ForgeRegistry/REGISTRIES]: Registry minecraft:entity_type: Fixed minecraft:entity_type id mismatch cartaddon:garp: 420 (init) -> 454 (map).
[20Sep2026 21:12:31.821] [Render thread/DEBUG] [net.minecraftforge.registries.ForgeRegistry/REGISTRIES]: Registry minecraft:entity_type: Fixed minecraft:entity_type id mismatch cartaddon:garp_world_boss: 450 (init) -> 484 (map).
[20Sep2026 21:12:31.821] [Render thread/DEBUG] [net.minecraftforge.registries.ForgeRegistry/REGISTRIES]: Registry minecraft:entity_type: Fixed minecraft:entity_type id mismatch cartaddon:gates_of_hell: 596 (init) -> 630 (map).
[20Sep2026 21:12:31.821] [Render thread/DEBUG] [net.minecraftforge.registries.ForgeRegistry/REGISTRIES]: Registry minecraft:entity_type: Fixed minecraft:entity_type id mismatch cartaddon:gatling_mochi: 560 (init) -> 594 (map).
[20Sep2026 21:12:31.821] [Render thread/DEBUG] [net.minecraftforge.registries.ForgeRegistry/REGISTRIES]: Registry minecraft:entity_type: Fixed minecraft:entity_type id mismatch cartaddon:gecko_moria_doppelman: 582 (init) -> 616 (map).
[20Sep2026 21:12:31.821] [Render thread/DEBUG] [net.minecraftforge.registries.ForgeRegistry/REGISTRIES]: Registry minecraft:entity_type: Fixed minecraft:entity_type id mismatch cartaddon:gecko_moria_world_boss: 456 (init) -> 490 (map).
[20Sep2026 21:12:31.821] [Render thread/DEBUG] [net.minecraftforge.registries.ForgeRegistry/REGISTRIES]: Registry minecraft:entity_type: Fixed minecraft:entity_type id mismatch cartaddon:god_thread: 584 (init) -> 618 (map).
[20Sep2026 21:12:31.821] [Render thread/DEBUG] [net.minecraftforge.registries.ForgeRegistry/REGISTRIES]: Registry minecraft:entity_type: Fixed minecraft:entity_type id mismatch cartaddon:gokuro: 484 (init) -> 518 (map).
[20Sep2026 21:12:31.821] [Render thread/DEBUG] [net.minecraftforge.registries.ForgeRegistry/REGISTRIES]: Registry minecraft:entity_type: Fixed minecraft:entity_type id mismatch cartaddon:gon_blast: 609 (init) -> 643 (map).
[20Sep2026 21:12:31.821] [Render thread/DEBUG] [net.minecraftforge.registries.ForgeRegistry/REGISTRIES]: Registry minecraft:entity_type: Fixed minecraft:entity_type id mismatch cartaddon:gon_bomba: 608 (init) -> 642 (map).
[20Sep2026 21:12:31.821] [Render thread/DEBUG] [net.minecraftforge.registries.ForgeRegistry/REGISTRIES]: Registry minecraft:entity_type: Fixed minecraft:entity_type id mismatch cartaddon:gon_fuoco_di_do: 610 (init) -> 644 (map).
[20Sep2026 21:12:31.821] [Render thread/DEBUG] [net.minecraftforge.registries.ForgeRegistry/REGISTRIES]: Registry minecraft:entity_type: Fixed minecraft:entity_type id mismatch cartaddon:great_blade_trainer: 461 (init) -> 495 (map).
[20Sep2026 21:12:31.821] [Render thread/DEBUG] [net.minecraftforge.registries.ForgeRegistry/REGISTRIES]: Registry minecraft:entity_type: Fixed minecraft:entity_type id mismatch cartaddon:hades_cross: 597 (init) -> 631 (map).
[20Sep2026 21:12:31.821] [Render thread/DEBUG] [net.minecraftforge.registries.ForgeRegistry/REGISTRIES]: Registry minecraft:entity_type: Fixed minecraft:entity_type id mismatch cartaddon:hasshoken_trainer: 430 (init) -> 464 (map).
[20Sep2026 21:12:31.821] [Render thread/DEBUG] [net.minecraftforge.registries.ForgeRegistry/REGISTRIES]: Registry minecraft:entity_type: Fixed minecraft:entity_type id mismatch cartaddon:heat_ball_redo: 651 (init) -> 685 (map).
[20Sep2026 21:12:31.821] [Render thread/DEBUG] [net.minecraftforge.registries.ForgeRegistry/REGISTRIES]: Registry minecraft:entity_type: Fixed minecraft:entity_type id mismatch cartaddon:heavenly_bon_bon: 495 (init) -> 529 (map).
[20Sep2026 21:12:31.821] [Render thread/DEBUG] [net.minecraftforge.registries.ForgeRegistry/REGISTRIES]: Registry minecraft:entity_type: Fixed minecraft:entity_type id mismatch cartaddon:heavenly_fire_blitz: 494 (init) -> 528 (map).
[20Sep2026 21:12:31.821] [Render thread/DEBUG] [net.minecraftforge.registries.ForgeRegistry/REGISTRIES]: Registry minecraft:entity_type: Fixed minecraft:entity_type id mismatch cartaddon:hell_head_motor: 598 (init) -> 632 (map).
[20Sep2026 21:12:31.821] [Render thread/DEBUG] [net.minecraftforge.registries.ForgeRegistry/REGISTRIES]: Registry minecraft:entity_type: Fixed minecraft:entity_type id mismatch cartaddon:hierro_lagrima_mekujira: 617 (init) -> 651 (map).
[20Sep2026 21:12:31.821] [Render thread/DEBUG] [net.minecraftforge.registries.ForgeRegistry/REGISTRIES]: Registry minecraft:entity_type: Fixed minecraft:entity_type id mismatch cartaddon:high_voltage_dragon: 613 (init) -> 647 (map).
[20Sep2026 21:12:31.821] [Render thread/DEBUG] [net.minecraftforge.registries.ForgeRegistry/REGISTRIES]: Registry minecraft:entity_type: Fixed minecraft:entity_type id mismatch cartaddon:hijona_kukuu: 487 (init) -> 521 (map).
[20Sep2026 21:12:31.821] [Render thread/DEBUG] [net.minecraftforge.registries.ForgeRegistry/REGISTRIES]: Registry minecraft:entity_type: Fixed minecraft:entity_type id mismatch cartaddon:hook: 601 (init) -> 635 (map).
[20Sep2026 21:12:31.821] [Render thread/DEBUG] [net.minecraftforge.registries.ForgeRegistry/REGISTRIES]: Registry minecraft:entity_type: Fixed minecraft:entity_type id mismatch cartaddon:icicle_barrage: 591 (init) -> 625 (map).
[20Sep2026 21:12:31.821] [Render thread/DEBUG] [net.minecraftforge.registries.ForgeRegistry/REGISTRIES]: Registry minecraft:entity_type: Fixed minecraft:entity_type id mismatch cartaddon:ifrite_poele_a_frire: 640 (init) -> 674 (map).
[20Sep2026 21:12:31.821] [Render thread/DEBUG] [net.minecraftforge.registries.ForgeRegistry/REGISTRIES]: Registry minecraft:entity_type: Fixed minecraft:entity_type id mismatch cartaddon:ikoku: 497 (init) -> 531 (map).
[20Sep2026 21:12:31.821] [Render thread/DEBUG] [net.minecraftforge.registries.ForgeRegistry/REGISTRIES]: Registry minecraft:entity_type: Fixed minecraft:entity_type id mismatch cartaddon:impact_wolf: 501 (init) -> 535 (map).
[20Sep2026 21:12:31.821] [Render thread/DEBUG] [net.minecraftforge.registries.ForgeRegistry/REGISTRIES]: Registry minecraft:entity_type: Fixed minecraft:entity_type id mismatch cartaddon:impactful_right: 631 (init) -> 665 (map).
[20Sep2026 21:12:31.821] [Render thread/DEBUG] [net.minecraftforge.registries.ForgeRegistry/REGISTRIES]: Registry minecraft:entity_type: Fixed minecraft:entity_type id mismatch cartaddon:imperial_flaming_serpent: 479 (init) -> 513 (map).
[20Sep2026 21:12:31.821] [Render thread/DEBUG] [net.minecraftforge.registries.ForgeRegistry/REGISTRIES]: Registry minecraft:entity_type: Fixed minecraft:entity_type id mismatch cartaddon:imperial_venom_serpent: 478 (init) -> 512 (map).
[20Sep2026 21:12:31.821] [Render thread/DEBUG] [net.minecraftforge.registries.ForgeRegistry/REGISTRIES]: Registry minecraft:entity_type: Fixed minecraft:entity_type id mismatch cartaddon:item_kaiten: 620 (init) -> 654 (map).
[20Sep2026 21:12:31.821] [Render thread/DEBUG] [net.minecraftforge.registries.ForgeRegistry/REGISTRIES]: Registry minecraft:entity_type: Fixed minecraft:entity_type id mismatch cartaddon:jab_rush: 524 (init) -> 558 (map).
[20Sep2026 21:12:31.821] [Render thread/DEBUG] [net.minecraftforge.registries.ForgeRegistry/REGISTRIES]: Registry minecraft:entity_type: Fixed minecraft:entity_type id mismatch cartaddon:juicy_slash: 508 (init) -> 542 (map).
[20Sep2026 21:12:31.821] [Render thread/DEBUG] [net.minecraftforge.registries.ForgeRegistry/REGISTRIES]: Registry minecraft:entity_type: Fixed minecraft:entity_type id mismatch cartaddon:k_room: 535 (init) -> 569 (map).
[20Sep2026 21:12:31.821] [Render thread/DEBUG] [net.minecraftforge.registries.ForgeRegistry/REGISTRIES]: Registry minecraft:entity_type: Fixed minecraft:entity_type id mismatch cartaddon:kaifu: 472 (init) -> 506 (map).
[20Sep2026 21:12:31.821] [Render thread/DEBUG] [net.minecraftforge.registries.ForgeRegistry/REGISTRIES]: Registry minecraft:entity_type: Fixed minecraft:entity_type id mismatch cartaddon:kaku_mochi_left: 571 (init) -> 605 (map).
[20Sep2026 21:12:31.821] [Render thread/DEBUG] [net.minecraftforge.registries.ForgeRegistry/REGISTRIES]: Registry minecraft:entity_type: Fixed minecraft:entity_type id mismatch cartaddon:kaku_mochi_right: 570 (init) -> 604 (map).
[20Sep2026 21:12:31.821] [Render thread/DEBUG] [net.minecraftforge.registries.ForgeRegistry/REGISTRIES]: Registry minecraft:entity_type: Fixed minecraft:entity_type id mismatch cartaddon:karyudon: 580 (init) -> 614 (map).
[20Sep2026 21:12:31.821] [Render thread/DEBUG] [net.minecraftforge.registries.ForgeRegistry/REGISTRIES]: Registry minecraft:entity_type: Fixed minecraft:entity_type id mismatch cartaddon:kazekiri: 604 (init) -> 638 (map).
[20Sep2026 21:12:31.821] [Render thread/DEBUG] [net.minecraftforge.registries.ForgeRegistry/REGISTRIES]: Registry minecraft:entity_type: Fixed minecraft:entity_type id mismatch cartaddon:kinniku_gatling: 554 (init) -> 588 (map).
[20Sep2026 21:12:31.821] [Render thread/DEBUG] [net.minecraftforge.registries.ForgeRegistry/REGISTRIES]: Registry minecraft:entity_type: Fixed minecraft:entity_type id mismatch cartaddon:kiryu_kirikugi: 603 (init) -> 637 (map).
[20Sep2026 21:12:31.821] [Render thread/DEBUG] [net.minecraftforge.registries.ForgeRegistry/REGISTRIES]: Registry minecraft:entity_type: Fixed minecraft:entity_type id mismatch cartaddon:knockout_beam: 515 (init) -> 549 (map).
[20Sep2026 21:12:31.821] [Render thread/DEBUG] [net.minecraftforge.registries.ForgeRegistry/REGISTRIES]: Registry minecraft:entity_type: Fixed minecraft:entity_type id mismatch cartaddon:kundali_dragon_swarm: 637 (init) -> 671 (map).
[20Sep2026 21:12:31.821] [Render thread/DEBUG] [net.minecraftforge.registries.ForgeRegistry/REGISTRIES]: Registry minecraft:entity_type: Fixed minecraft:entity_type id mismatch cartaddon:kuri_mochi_new: 563 (init) -> 597 (map).
[20Sep2026 21:12:31.821] [Render thread/DEBUG] [net.minecraftforge.registries.ForgeRegistry/REGISTRIES]: Registry minecraft:entity_type: Fixed minecraft:entity_type id mismatch cartaddon:kuri_mochi_projectile: 564 (init) -> 598 (map).
[20Sep2026 21:12:31.821] [Render thread/DEBUG] [net.minecraftforge.registries.ForgeRegistry/REGISTRIES]: Registry minecraft:entity_type: Fixed minecraft:entity_type id mismatch cartaddon:lightning_ball_redo: 653 (init) -> 687 (map).
[20Sep2026 21:12:31.821] [Render thread/DEBUG] [net.minecraftforge.registries.ForgeRegistry/REGISTRIES]: Registry minecraft:entity_type: Fixed minecraft:entity_type id mismatch cartaddon:lot_stiffen_clone: 540 (init) -> 574 (map).
[20Sep2026 21:12:31.821] [Render thread/DEBUG] [net.minecraftforge.registries.ForgeRegistry/REGISTRIES]: Registry minecraft:entity_type: Fixed minecraft:entity_type id mismatch cartaddon:low_voltage_bird: 611 (init) -> 645 (map).
[20Sep2026 21:12:31.821] [Render thread/DEBUG] [net.minecraftforge.registries.ForgeRegistry/REGISTRIES]: Registry minecraft:entity_type: Fixed minecraft:entity_type id mismatch cartaddon:majin: 599 (init) -> 633 (map).
[20Sep2026 21:12:31.821] [Render thread/DEBUG] [net.minecraftforge.registries.ForgeRegistry/REGISTRIES]: Registry minecraft:entity_type: Fixed minecraft:entity_type id mismatch cartaddon:majin_saidan: 600 (init) -> 634 (map).
[20Sep2026 21:12:31.821] [Render thread/DEBUG] [net.minecraftforge.registries.ForgeRegistry/REGISTRIES]: Registry minecraft:entity_type: Fixed minecraft:entity_type id mismatch cartaddon:marianette: 581 (init) -> 615 (map).
[20Sep2026 21:12:31.821] [Render thread/DEBUG] [net.minecraftforge.registries.ForgeRegistry/REGISTRIES]: Registry minecraft:entity_type: Fixed minecraft:entity_type id mismatch cartaddon:marine_admiral: 441 (init) -> 475 (map).
[20Sep2026 21:12:31.821] [Render thread/DEBUG] [net.minecraftforge.registries.ForgeRegistry/REGISTRIES]: Registry minecraft:entity_type: Fixed minecraft:entity_type id mismatch cartaddon:marine_rifleman: 438 (init) -> 472 (map).
[20Sep2026 21:12:31.821] [Render thread/DEBUG] [net.minecraftforge.registries.ForgeRegistry/REGISTRIES]: Registry minecraft:entity_type: Fixed minecraft:entity_type id mismatch cartaddon:maser_ho: 499 (init) -> 533 (map).
[20Sep2026 21:12:31.822] [Render thread/DEBUG] [net.minecraftforge.registries.ForgeRegistry/REGISTRIES]: Registry minecraft:entity_type: Fixed minecraft:entity_type id mismatch cartaddon:maser_saber: 496 (init) -> 530 (map).
[20Sep2026 21:12:31.822] [Render thread/DEBUG] [net.minecraftforge.registries.ForgeRegistry/REGISTRIES]: Registry minecraft:entity_type: Fixed minecraft:entity_type id mismatch cartaddon:medium_voltage_wolf: 612 (init) -> 646 (map).
[20Sep2026 21:12:31.822] [Render thread/DEBUG] [net.minecraftforge.registries.ForgeRegistry/REGISTRIES]: Registry minecraft:entity_type: Fixed minecraft:entity_type id mismatch cartaddon:mercies_visual: 509 (init) -> 543 (map).
[20Sep2026 21:12:31.822] [Render thread/DEBUG] [net.minecraftforge.registries.ForgeRegistry/REGISTRIES]: Registry minecraft:entity_type: Fixed minecraft:entity_type id mismatch cartaddon:mihawk: 425 (init) -> 459 (map).
[20Sep2026 21:12:31.822] [Render thread/DEBUG] [net.minecraftforge.registries.ForgeRegistry/REGISTRIES]: Registry minecraft:entity_type: Fixed minecraft:entity_type id mismatch cartaddon:mihawk_world_boss: 451 (init) -> 485 (map).
[20Sep2026 21:12:31.822] [Render thread/DEBUG] [net.minecraftforge.registries.ForgeRegistry/REGISTRIES]: Registry minecraft:entity_type: Fixed minecraft:entity_type id mismatch cartaddon:mini_merry: 462 (init) -> 496 (map).
[20Sep2026 21:12:31.822] [Render thread/DEBUG] [net.minecraftforge.registries.ForgeRegistry/REGISTRIES]: Registry minecraft:entity_type: Fixed minecraft:entity_type id mismatch cartaddon:misery: 493 (init) -> 527 (map).
[20Sep2026 21:12:31.822] [Render thread/DEBUG] [net.minecraftforge.registries.ForgeRegistry/REGISTRIES]: Registry minecraft:entity_type: Fixed minecraft:entity_type id mismatch cartaddon:missed_cue: 468 (init) -> 502 (map).
[20Sep2026 21:12:31.822] [Render thread/DEBUG] [net.minecraftforge.registries.ForgeRegistry/REGISTRIES]: Registry minecraft:entity_type: Fixed minecraft:entity_type id mismatch cartaddon:mixed_bumaki: 549 (init) -> 583 (map).
[20Sep2026 21:12:31.822] [Render thread/DEBUG] [net.minecraftforge.registries.ForgeRegistry/REGISTRIES]: Registry minecraft:entity_type: Fixed minecraft:entity_type id mismatch cartaddon:mixologist: 436 (init) -> 470 (map).
[20Sep2026 21:12:31.822] [Render thread/DEBUG] [net.minecraftforge.registries.ForgeRegistry/REGISTRIES]: Registry minecraft:entity_type: Fixed minecraft:entity_type id mismatch cartaddon:mochi_barrage: 567 (init) -> 601 (map).
[20Sep2026 21:12:31.822] [Render thread/DEBUG] [net.minecraftforge.registries.ForgeRegistry/REGISTRIES]: Registry minecraft:entity_type: Fixed minecraft:entity_type id mismatch cartaddon:mochi_better_elephant_gun: 561 (init) -> 595 (map).
[20Sep2026 21:12:31.822] [Render thread/DEBUG] [net.minecraftforge.registries.ForgeRegistry/REGISTRIES]: Registry minecraft:entity_type: Fixed minecraft:entity_type id mismatch cartaddon:mochi_grab: 565 (init) -> 599 (map).
[20Sep2026 21:12:31.822] [Render thread/DEBUG] [net.minecraftforge.registries.ForgeRegistry/REGISTRIES]: Registry minecraft:entity_type: Fixed minecraft:entity_type id mismatch cartaddon:mochi_hadan: 559 (init) -> 593 (map).
[20Sep2026 21:12:31.822] [Render thread/DEBUG] [net.minecraftforge.registries.ForgeRegistry/REGISTRIES]: Registry minecraft:entity_type: Fixed minecraft:entity_type id mismatch cartaddon:mori_groves: 552 (init) -> 586 (map).
[20Sep2026 21:12:31.822] [Render thread/DEBUG] [net.minecraftforge.registries.ForgeRegistry/REGISTRIES]: Registry minecraft:entity_type: Fixed minecraft:entity_type id mismatch cartaddon:mori_skewer: 551 (init) -> 585 (map).
[20Sep2026 21:12:31.822] [Render thread/DEBUG] [net.minecraftforge.registries.ForgeRegistry/REGISTRIES]: Registry minecraft:entity_type: Fixed minecraft:entity_type id mismatch cartaddon:mountain_toss: 523 (init) -> 557 (map).
[20Sep2026 21:12:31.822] [Render thread/DEBUG] [net.minecraftforge.registries.ForgeRegistry/REGISTRIES]: Registry minecraft:entity_type: Fixed minecraft:entity_type id mismatch cartaddon:namuji_hyoga: 590 (init) -> 624 (map).
[20Sep2026 21:12:31.822] [Render thread/DEBUG] [net.minecraftforge.registries.ForgeRegistry/REGISTRIES]: Registry minecraft:entity_type: Fixed minecraft:entity_type id mismatch cartaddon:nanahyakuniju_pound_ho: 545 (init) -> 579 (map).
[20Sep2026 21:12:31.822] [Render thread/DEBUG] [net.minecraftforge.registries.ForgeRegistry/REGISTRIES]: Registry minecraft:entity_type: Fixed minecraft:entity_type id mismatch cartaddon:new_barizodon: 514 (init) -> 548 (map).
[20Sep2026 21:12:31.822] [Render thread/DEBUG] [net.minecraftforge.registries.ForgeRegistry/REGISTRIES]: Registry minecraft:entity_type: Fixed minecraft:entity_type id mismatch cartaddon:new_dai_funka: 574 (init) -> 608 (map).
[20Sep2026 21:12:31.822] [Render thread/DEBUG] [net.minecraftforge.registries.ForgeRegistry/REGISTRIES]: Registry minecraft:entity_type: Fixed minecraft:entity_type id mismatch cartaddon:new_desert_grande_spada: 489 (init) -> 523 (map).
[20Sep2026 21:12:31.822] [Render thread/DEBUG] [net.minecraftforge.registries.ForgeRegistry/REGISTRIES]: Registry minecraft:entity_type: Fixed minecraft:entity_type id mismatch cartaddon:new_gekishin: 605 (init) -> 639 (map).
[20Sep2026 21:12:31.822] [Render thread/DEBUG] [net.minecraftforge.registries.ForgeRegistry/REGISTRIES]: Registry minecraft:entity_type: Fixed minecraft:entity_type id mismatch cartaddon:new_ryusei_kazan: 575 (init) -> 609 (map).
[20Sep2026 21:12:31.822] [Render thread/DEBUG] [net.minecraftforge.registries.ForgeRegistry/REGISTRIES]: Registry minecraft:entity_type: Fixed minecraft:entity_type id mismatch cartaddon:new_sables_pesado: 490 (init) -> 524 (map).
[20Sep2026 21:12:31.822] [Render thread/DEBUG] [net.minecraftforge.registries.ForgeRegistry/REGISTRIES]: Registry minecraft:entity_type: Fixed minecraft:entity_type id mismatch cartaddon:new_tornado: 465 (init) -> 499 (map).
[20Sep2026 21:12:31.822] [Render thread/DEBUG] [net.minecraftforge.registries.ForgeRegistry/REGISTRIES]: Registry minecraft:entity_type: Fixed minecraft:entity_type id mismatch cartaddon:new_venom_road: 626 (init) -> 660 (map).
[20Sep2026 21:12:31.822] [Render thread/DEBUG] [net.minecraftforge.registries.ForgeRegistry/REGISTRIES]: Registry minecraft:entity_type: Fixed minecraft:entity_type id mismatch cartaddon:nightmare_hole: 432 (init) -> 466 (map).
[20Sep2026 21:12:31.822] [Render thread/DEBUG] [net.minecraftforge.registries.ForgeRegistry/REGISTRIES]: Registry minecraft:entity_type: Fixed minecraft:entity_type id mismatch cartaddon:nightmare_holes: 516 (init) -> 550 (map).
[20Sep2026 21:12:31.822] [Render thread/DEBUG] [net.minecraftforge.registries.ForgeRegistry/REGISTRIES]: Registry minecraft:entity_type: Fixed minecraft:entity_type id mismatch cartaddon:nitoryu_counter_strike: 548 (init) -> 582 (map).
[20Sep2026 21:12:31.822] [Render thread/DEBUG] [net.minecraftforge.registries.ForgeRegistry/REGISTRIES]: Registry minecraft:entity_type: Fixed minecraft:entity_type id mismatch cartaddon:nitoryu_trainer: 402 (init) -> 436 (map).
[20Sep2026 21:12:31.822] [Render thread/DEBUG] [net.minecraftforge.registries.ForgeRegistry/REGISTRIES]: Registry minecraft:entity_type: Fixed minecraft:entity_type id mismatch cartaddon:obelisusu: 488 (init) -> 522 (map).
[20Sep2026 21:12:31.822] [Render thread/DEBUG] [net.minecraftforge.registries.ForgeRegistry/REGISTRIES]: Registry minecraft:entity_type: Fixed minecraft:entity_type id mismatch cartaddon:off_white: 586 (init) -> 620 (map).
[20Sep2026 21:12:31.822] [Render thread/DEBUG] [net.minecraftforge.registries.ForgeRegistry/REGISTRIES]: Registry minecraft:entity_type: Fixed minecraft:entity_type id mismatch cartaddon:omori_karyudon: 578 (init) -> 612 (map).
[20Sep2026 21:12:31.822] [Render thread/DEBUG] [net.minecraftforge.registries.ForgeRegistry/REGISTRIES]: Registry minecraft:entity_type: Fixed minecraft:entity_type id mismatch cartaddon:omori_visual: 579 (init) -> 613 (map).
[20Sep2026 21:12:31.822] [Render thread/DEBUG] [net.minecraftforge.registries.ForgeRegistry/REGISTRIES]: Registry minecraft:entity_type: Fixed minecraft:entity_type id mismatch cartaddon:otoro: 546 (init) -> 580 (map).
[20Sep2026 21:12:31.822] [Render thread/DEBUG] [net.minecraftforge.registries.ForgeRegistry/REGISTRIES]: Registry minecraft:entity_type: Fixed minecraft:entity_type id mismatch cartaddon:pacifista_mark_two: 411 (init) -> 445 (map).
[20Sep2026 21:12:31.822] [Render thread/DEBUG] [net.minecraftforge.registries.ForgeRegistry/REGISTRIES]: Registry minecraft:entity_type: Fixed minecraft:entity_type id mismatch cartaddon:pacifista_world_boss: 458 (init) -> 492 (map).
[20Sep2026 21:12:31.822] [Render thread/DEBUG] [net.minecraftforge.registries.ForgeRegistry/REGISTRIES]: Registry minecraft:entity_type: Fixed minecraft:entity_type id mismatch cartaddon:pastry_river: 566 (init) -> 600 (map).
[20Sep2026 21:12:31.822] [Render thread/DEBUG] [net.minecraftforge.registries.ForgeRegistry/REGISTRIES]: Registry minecraft:entity_type: Fixed minecraft:entity_type id mismatch cartaddon:perona: 431 (init) -> 465 (map).
[20Sep2026 21:12:31.822] [Render thread/DEBUG] [net.minecraftforge.registries.ForgeRegistry/REGISTRIES]: Registry minecraft:entity_type: Fixed minecraft:entity_type id mismatch cartaddon:perona_world_boss: 457 (init) -> 491 (map).
[20Sep2026 21:12:31.822] [Render thread/DEBUG] [net.minecraftforge.registries.ForgeRegistry/REGISTRIES]: Registry minecraft:entity_type: Fixed minecraft:entity_type id mismatch cartaddon:petal_sonata: 469 (init) -> 503 (map).
[20Sep2026 21:12:31.822] [Render thread/DEBUG] [net.minecraftforge.registries.ForgeRegistry/REGISTRIES]: Registry minecraft:entity_type: Fixed minecraft:entity_type id mismatch cartaddon:phantom_clone: 594 (init) -> 628 (map).
[20Sep2026 21:12:31.822] [Render thread/DEBUG] [net.minecraftforge.registries.ForgeRegistry/REGISTRIES]: Registry minecraft:entity_type: Fixed minecraft:entity_type id mismatch cartaddon:piercing_blows: 553 (init) -> 587 (map).
[20Sep2026 21:12:31.822] [Render thread/DEBUG] [net.minecraftforge.registries.ForgeRegistry/REGISTRIES]: Registry minecraft:entity_type: Fixed minecraft:entity_type id mismatch cartaddon:pika_clone: 525 (init) -> 559 (map).
[20Sep2026 21:12:31.822] [Render thread/DEBUG] [net.minecraftforge.registries.ForgeRegistry/REGISTRIES]: Registry minecraft:entity_type: Fixed minecraft:entity_type id mismatch cartaddon:pink_hornet: 558 (init) -> 592 (map).
[20Sep2026 21:12:31.822] [Render thread/DEBUG] [net.minecraftforge.registries.ForgeRegistry/REGISTRIES]: Registry minecraft:entity_type: Fixed minecraft:entity_type id mismatch cartaddon:pirate_commander: 440 (init) -> 474 (map).
[20Sep2026 21:12:31.822] [Render thread/DEBUG] [net.minecraftforge.registries.ForgeRegistry/REGISTRIES]: Registry minecraft:entity_type: Fixed minecraft:entity_type id mismatch cartaddon:pirate_emperor: 435 (init) -> 469 (map).
[20Sep2026 21:12:31.822] [Render thread/DEBUG] [net.minecraftforge.registries.ForgeRegistry/REGISTRIES]: Registry minecraft:entity_type: Fixed minecraft:entity_type id mismatch cartaddon:pirate_rifleman: 439 (init) -> 473 (map).
[20Sep2026 21:12:31.822] [Render thread/DEBUG] [net.minecraftforge.registries.ForgeRegistry/REGISTRIES]: Registry minecraft:entity_type: Fixed minecraft:entity_type id mismatch cartaddon:pirate_sniper: 434 (init) -> 468 (map).
[20Sep2026 21:12:31.822] [Render thread/DEBUG] [net.minecraftforge.registries.ForgeRegistry/REGISTRIES]: Registry minecraft:entity_type: Fixed minecraft:entity_type id mismatch cartaddon:plantus_shuriken: 503 (init) -> 537 (map).
[20Sep2026 21:12:31.822] [Render thread/DEBUG] [net.minecraftforge.registries.ForgeRegistry/REGISTRIES]: Registry minecraft:entity_type: Fixed minecraft:entity_type id mismatch cartaddon:punc_bala: 531 (init) -> 565 (map).
[20Sep2026 21:12:31.822] [Render thread/DEBUG] [net.minecraftforge.registries.ForgeRegistry/REGISTRIES]: Registry minecraft:entity_type: Fixed minecraft:entity_type id mismatch cartaddon:queen_punch: 634 (init) -> 668 (map).
[20Sep2026 21:12:31.822] [Render thread/DEBUG] [net.minecraftforge.registries.ForgeRegistry/REGISTRIES]: Registry minecraft:entity_type: Fixed minecraft:entity_type id mismatch cartaddon:raitai: 498 (init) -> 532 (map).
[20Sep2026 21:12:31.822] [Render thread/DEBUG] [net.minecraftforge.registries.ForgeRegistry/REGISTRIES]: Registry minecraft:entity_type: Fixed minecraft:entity_type id mismatch cartaddon:recruiter: 463 (init) -> 497 (map).
[20Sep2026 21:12:31.822] [Render thread/DEBUG] [net.minecraftforge.registries.ForgeRegistry/REGISTRIES]: Registry minecraft:entity_type: Fixed minecraft:entity_type id mismatch cartaddon:rengoku_oni_giri: 511 (init) -> 545 (map).
[20Sep2026 21:12:31.822] [Render thread/DEBUG] [net.minecraftforge.registries.ForgeRegistry/REGISTRIES]: Registry minecraft:entity_type: Fixed minecraft:entity_type id mismatch cartaddon:rengoku_two: 512 (init) -> 546 (map).
[20Sep2026 21:12:31.822] [Render thread/DEBUG] [net.minecraftforge.registries.ForgeRegistry/REGISTRIES]: Registry minecraft:entity_type: Fixed minecraft:entity_type id mismatch cartaddon:revolutionary_army_commander: 410 (init) -> 444 (map).
[20Sep2026 21:12:31.822] [Render thread/DEBUG] [net.minecraftforge.registries.ForgeRegistry/REGISTRIES]: Registry minecraft:entity_type: Fixed minecraft:entity_type id mismatch cartaddon:revolutionary_army_grunt: 408 (init) -> 442 (map).
[20Sep2026 21:12:31.823] [Render thread/DEBUG] [net.minecraftforge.registries.ForgeRegistry/REGISTRIES]: Registry minecraft:entity_type: Fixed minecraft:entity_type id mismatch cartaddon:revolutionary_army_officer: 409 (init) -> 443 (map).
[20Sep2026 21:12:31.823] [Render thread/DEBUG] [net.minecraftforge.registries.ForgeRegistry/REGISTRIES]: Registry minecraft:entity_type: Fixed minecraft:entity_type id mismatch cartaddon:revolutionary_army_sniper: 433 (init) -> 467 (map).
[20Sep2026 21:12:31.823] [Render thread/DEBUG] [net.minecraftforge.registries.ForgeRegistry/REGISTRIES]: Registry minecraft:entity_type: Fixed minecraft:entity_type id mismatch cartaddon:reworked_big_gastille: 619 (init) -> 653 (map).
[20Sep2026 21:12:31.823] [Render thread/DEBUG] [net.minecraftforge.registries.ForgeRegistry/REGISTRIES]: Registry minecraft:entity_type: Fixed minecraft:entity_type id mismatch cartaddon:reworked_gas_robe: 618 (init) -> 652 (map).
[20Sep2026 21:12:31.823] [Render thread/DEBUG] [net.minecraftforge.registries.ForgeRegistry/REGISTRIES]: Registry minecraft:entity_type: Fixed minecraft:entity_type id mismatch cartaddon:reworked_hi_no_tori_boshi: 500 (init) -> 534 (map).
[20Sep2026 21:12:31.823] [Render thread/DEBUG] [net.minecraftforge.registries.ForgeRegistry/REGISTRIES]: Registry minecraft:entity_type: Fixed minecraft:entity_type id mismatch cartaddon:reworked_raigo: 615 (init) -> 649 (map).
[20Sep2026 21:12:31.823] [Render thread/DEBUG] [net.minecraftforge.registries.ForgeRegistry/REGISTRIES]: Registry minecraft:entity_type: Fixed minecraft:entity_type id mismatch cartaddon:reworked_spatial_slash: 532 (init) -> 566 (map).
[20Sep2026 21:12:31.823] [Render thread/DEBUG] [net.minecraftforge.registries.ForgeRegistry/REGISTRIES]: Registry minecraft:entity_type: Fixed minecraft:entity_type id mismatch cartaddon:root_road: 555 (init) -> 589 (map).
[20Sep2026 21:12:31.823] [Render thread/DEBUG] [net.minecraftforge.registries.ForgeRegistry/REGISTRIES]: Registry minecraft:entity_type: Fixed minecraft:entity_type id mismatch cartaddon:run_hypha: 541 (init) -> 575 (map).
[20Sep2026 21:12:31.823] [Render thread/DEBUG] [net.minecraftforge.registries.ForgeRegistry/REGISTRIES]: Registry minecraft:entity_type: Fixed minecraft:entity_type id mismatch cartaddon:ryuma_world_boss: 455 (init) -> 489 (map).
[20Sep2026 21:12:31.823] [Render thread/DEBUG] [net.minecraftforge.registries.ForgeRegistry/REGISTRIES]: Registry minecraft:entity_type: Fixed minecraft:entity_type id mismatch cartaddon:ryusoken_trainer: 403 (init) -> 437 (map).
[20Sep2026 21:12:31.823] [Render thread/DEBUG] [net.minecraftforge.registries.ForgeRegistry/REGISTRIES]: Registry minecraft:entity_type: Fixed minecraft:entity_type id mismatch cartaddon:s_bear: 417 (init) -> 451 (map).
[20Sep2026 21:12:31.823] [Render thread/DEBUG] [net.minecraftforge.registries.ForgeRegistry/REGISTRIES]: Registry minecraft:entity_type: Fixed minecraft:entity_type id mismatch cartaddon:s_bear_world_boss: 446 (init) -> 480 (map).
[20Sep2026 21:12:31.823] [Render thread/DEBUG] [net.minecraftforge.registries.ForgeRegistry/REGISTRIES]: Registry minecraft:entity_type: Fixed minecraft:entity_type id mismatch cartaddon:s_hawk: 415 (init) -> 449 (map).
[20Sep2026 21:12:31.823] [Render thread/DEBUG] [net.minecraftforge.registries.ForgeRegistry/REGISTRIES]: Registry minecraft:entity_type: Fixed minecraft:entity_type id mismatch cartaddon:s_hawk_world_boss: 447 (init) -> 481 (map).
[20Sep2026 21:12:31.823] [Render thread/DEBUG] [net.minecraftforge.registries.ForgeRegistry/REGISTRIES]: Registry minecraft:entity_type: Fixed minecraft:entity_type id mismatch cartaddon:s_shark: 421 (init) -> 455 (map).
[20Sep2026 21:12:31.823] [Render thread/DEBUG] [net.minecraftforge.registries.ForgeRegistry/REGISTRIES]: Registry minecraft:entity_type: Fixed minecraft:entity_type id mismatch cartaddon:s_shark_world_boss: 449 (init) -> 483 (map).
[20Sep2026 21:12:31.823] [Render thread/DEBUG] [net.minecraftforge.registries.ForgeRegistry/REGISTRIES]: Registry minecraft:entity_type: Fixed minecraft:entity_type id mismatch cartaddon:s_snake: 414 (init) -> 448 (map).
[20Sep2026 21:12:31.823] [Render thread/DEBUG] [net.minecraftforge.registries.ForgeRegistry/REGISTRIES]: Registry minecraft:entity_type: Fixed minecraft:entity_type id mismatch cartaddon:s_snake_world_boss: 448 (init) -> 482 (map).
[20Sep2026 21:12:31.823] [Render thread/DEBUG] [net.minecraftforge.registries.ForgeRegistry/REGISTRIES]: Registry minecraft:entity_type: Fixed minecraft:entity_type id mismatch cartaddon:saber_trainer: 442 (init) -> 476 (map).
[20Sep2026 21:12:31.823] [Render thread/DEBUG] [net.minecraftforge.registries.ForgeRegistry/REGISTRIES]: Registry minecraft:entity_type: Fixed minecraft:entity_type id mismatch cartaddon:sabo: 416 (init) -> 450 (map).
[20Sep2026 21:12:31.823] [Render thread/DEBUG] [net.minecraftforge.registries.ForgeRegistry/REGISTRIES]: Registry minecraft:entity_type: Fixed minecraft:entity_type id mismatch cartaddon:sabo_world_boss: 452 (init) -> 486 (map).
[20Sep2026 21:12:31.823] [Render thread/DEBUG] [net.minecraftforge.registries.ForgeRegistry/REGISTRIES]: Registry minecraft:entity_type: Fixed minecraft:entity_type id mismatch cartaddon:sanbyakurokuju_pound_ho: 483 (init) -> 517 (map).
[20Sep2026 21:12:31.823] [Render thread/DEBUG] [net.minecraftforge.registries.ForgeRegistry/REGISTRIES]: Registry minecraft:entity_type: Fixed minecraft:entity_type id mismatch cartaddon:santoryu_trainer: 423 (init) -> 457 (map).
[20Sep2026 21:12:31.823] [Render thread/DEBUG] [net.minecraftforge.registries.ForgeRegistry/REGISTRIES]: Registry minecraft:entity_type: Fixed minecraft:entity_type id mismatch cartaddon:sanzen_daisen_sekai: 510 (init) -> 544 (map).
[20Sep2026 21:12:31.823] [Render thread/DEBUG] [net.minecraftforge.registries.ForgeRegistry/REGISTRIES]: Registry minecraft:entity_type: Fixed minecraft:entity_type id mismatch cartaddon:sea_king: 428 (init) -> 462 (map).
[20Sep2026 21:12:31.823] [Render thread/DEBUG] [net.minecraftforge.registries.ForgeRegistry/REGISTRIES]: Registry minecraft:entity_type: Fixed minecraft:entity_type id mismatch cartaddon:sefer_assiah: 530 (init) -> 564 (map).
[20Sep2026 21:12:31.823] [Render thread/DEBUG] [net.minecraftforge.registries.ForgeRegistry/REGISTRIES]: Registry minecraft:entity_type: Fixed minecraft:entity_type id mismatch cartaddon:sefer_atziluth: 529 (init) -> 563 (map).
[20Sep2026 21:12:31.823] [Render thread/DEBUG] [net.minecraftforge.registries.ForgeRegistry/REGISTRIES]: Registry minecraft:entity_type: Fixed minecraft:entity_type id mismatch cartaddon:sefer_ha_bahir: 527 (init) -> 561 (map).
[20Sep2026 21:12:31.823] [Render thread/DEBUG] [net.minecraftforge.registries.ForgeRegistry/REGISTRIES]: Registry minecraft:entity_type: Fixed minecraft:entity_type id mismatch cartaddon:sefer_ha_zohar: 528 (init) -> 562 (map).
[20Sep2026 21:12:31.823] [Render thread/DEBUG] [net.minecraftforge.registries.ForgeRegistry/REGISTRIES]: Registry minecraft:entity_type: Fixed minecraft:entity_type id mismatch cartaddon:shade_dance: 539 (init) -> 573 (map).
[20Sep2026 21:12:31.823] [Render thread/DEBUG] [net.minecraftforge.registries.ForgeRegistry/REGISTRIES]: Registry minecraft:entity_type: Fixed minecraft:entity_type id mismatch cartaddon:shi_shi_funjin: 621 (init) -> 655 (map).
[20Sep2026 21:12:31.823] [Render thread/DEBUG] [net.minecraftforge.registries.ForgeRegistry/REGISTRIES]: Registry minecraft:entity_type: Fixed minecraft:entity_type id mismatch cartaddon:shokuro: 486 (init) -> 520 (map).
[20Sep2026 21:12:31.823] [Render thread/DEBUG] [net.minecraftforge.registries.ForgeRegistry/REGISTRIES]: Registry minecraft:entity_type: Fixed minecraft:entity_type id mismatch cartaddon:smoke_blast: 556 (init) -> 590 (map).
[20Sep2026 21:12:31.823] [Render thread/DEBUG] [net.minecraftforge.registries.ForgeRegistry/REGISTRIES]: Registry minecraft:entity_type: Fixed minecraft:entity_type id mismatch cartaddon:smoker: 412 (init) -> 446 (map).
[20Sep2026 21:12:31.823] [Render thread/DEBUG] [net.minecraftforge.registries.ForgeRegistry/REGISTRIES]: Registry minecraft:entity_type: Fixed minecraft:entity_type id mismatch cartaddon:smoker_world_boss: 453 (init) -> 487 (map).
[20Sep2026 21:12:31.823] [Render thread/DEBUG] [net.minecraftforge.registries.ForgeRegistry/REGISTRIES]: Registry minecraft:entity_type: Fixed minecraft:entity_type id mismatch cartaddon:snow_spore: 542 (init) -> 576 (map).
[20Sep2026 21:12:31.823] [Render thread/DEBUG] [net.minecraftforge.registries.ForgeRegistry/REGISTRIES]: Registry minecraft:entity_type: Fixed minecraft:entity_type id mismatch cartaddon:sonic_boom: 645 (init) -> 679 (map).
[20Sep2026 21:12:31.823] [Render thread/DEBUG] [net.minecraftforge.registries.ForgeRegistry/REGISTRIES]: Registry minecraft:entity_type: Fixed minecraft:entity_type id mismatch cartaddon:soot_cloud: 485 (init) -> 519 (map).
[20Sep2026 21:12:31.823] [Render thread/DEBUG] [net.minecraftforge.registries.ForgeRegistry/REGISTRIES]: Registry minecraft:entity_type: Fixed minecraft:entity_type id mismatch cartaddon:sparkling_valkyrie: 557 (init) -> 591 (map).
[20Sep2026 21:12:31.823] [Render thread/DEBUG] [net.minecraftforge.registries.ForgeRegistry/REGISTRIES]: Registry minecraft:entity_type: Fixed minecraft:entity_type id mismatch cartaddon:spear_trainer: 464 (init) -> 498 (map).
[20Sep2026 21:12:31.823] [Render thread/DEBUG] [net.minecraftforge.registries.ForgeRegistry/REGISTRIES]: Registry minecraft:entity_type: Fixed minecraft:entity_type id mismatch cartaddon:special_homie_cloud: 492 (init) -> 526 (map).
[20Sep2026 21:12:31.823] [Render thread/DEBUG] [net.minecraftforge.registries.ForgeRegistry/REGISTRIES]: Registry minecraft:entity_type: Fixed minecraft:entity_type id mismatch cartaddon:special_sun_homie: 491 (init) -> 525 (map).
[20Sep2026 21:12:31.823] [Render thread/DEBUG] [net.minecraftforge.registries.ForgeRegistry/REGISTRIES]: Registry minecraft:entity_type: Fixed minecraft:entity_type id mismatch cartaddon:spore_bomb: 543 (init) -> 577 (map).
[20Sep2026 21:12:31.823] [Render thread/DEBUG] [net.minecraftforge.registries.ForgeRegistry/REGISTRIES]: Registry minecraft:entity_type: Fixed minecraft:entity_type id mismatch cartaddon:spore_cloud: 544 (init) -> 578 (map).
[20Sep2026 21:12:31.823] [Render thread/DEBUG] [net.minecraftforge.registries.ForgeRegistry/REGISTRIES]: Registry minecraft:entity_type: Fixed minecraft:entity_type id mismatch cartaddon:swamp_gattling: 537 (init) -> 571 (map).
[20Sep2026 21:12:31.823] [Render thread/DEBUG] [net.minecraftforge.registries.ForgeRegistry/REGISTRIES]: Registry minecraft:entity_type: Fixed minecraft:entity_type id mismatch cartaddon:swamp_road: 538 (init) -> 572 (map).
[20Sep2026 21:12:31.823] [Render thread/DEBUG] [net.minecraftforge.registries.ForgeRegistry/REGISTRIES]: Registry minecraft:entity_type: Fixed minecraft:entity_type id mismatch cartaddon:takanami: 547 (init) -> 581 (map).
[20Sep2026 21:12:31.823] [Render thread/DEBUG] [net.minecraftforge.registries.ForgeRegistry/REGISTRIES]: Registry minecraft:entity_type: Fixed minecraft:entity_type id mismatch cartaddon:take_jave_rin: 504 (init) -> 538 (map).
[20Sep2026 21:12:31.823] [Render thread/DEBUG] [net.minecraftforge.registries.ForgeRegistry/REGISTRIES]: Registry minecraft:entity_type: Fixed minecraft:entity_type id mismatch cartaddon:take_jave_rin_bullet: 505 (init) -> 539 (map).
[20Sep2026 21:12:31.823] [Render thread/DEBUG] [net.minecraftforge.registries.ForgeRegistry/REGISTRIES]: Registry minecraft:entity_type: Fixed minecraft:entity_type id mismatch cartaddon:takt_emergence: 533 (init) -> 567 (map).
[20Sep2026 21:12:31.823] [Render thread/DEBUG] [net.minecraftforge.registries.ForgeRegistry/REGISTRIES]: Registry minecraft:entity_type: Fixed minecraft:entity_type id mismatch cartaddon:takt_toss: 534 (init) -> 568 (map).
[20Sep2026 21:12:31.823] [Render thread/DEBUG] [net.minecraftforge.registries.ForgeRegistry/REGISTRIES]: Registry minecraft:entity_type: Fixed minecraft:entity_type id mismatch cartaddon:tashigi: 418 (init) -> 452 (map).
[20Sep2026 21:12:31.823] [Render thread/DEBUG] [net.minecraftforge.registries.ForgeRegistry/REGISTRIES]: Registry minecraft:entity_type: Fixed minecraft:entity_type id mismatch cartaddon:tashigi_world_boss: 454 (init) -> 488 (map).
[20Sep2026 21:12:31.823] [Render thread/DEBUG] [net.minecraftforge.registries.ForgeRegistry/REGISTRIES]: Registry minecraft:entity_type: Fixed minecraft:entity_type id mismatch cartaddon:tenryu_boshi: 502 (init) -> 536 (map).
[20Sep2026 21:12:31.823] [Render thread/DEBUG] [net.minecraftforge.registries.ForgeRegistry/REGISTRIES]: Registry minecraft:entity_type: Fixed minecraft:entity_type id mismatch cartaddon:throwing_weapon: 429 (init) -> 463 (map).
[20Sep2026 21:12:31.823] [Render thread/DEBUG] [net.minecraftforge.registries.ForgeRegistry/REGISTRIES]: Registry minecraft:entity_type: Fixed minecraft:entity_type id mismatch cartaddon:thunder_shark: 655 (init) -> 689 (map).
[20Sep2026 21:12:31.823] [Render thread/DEBUG] [net.minecraftforge.registries.ForgeRegistry/REGISTRIES]: Registry minecraft:entity_type: Fixed minecraft:entity_type id mismatch cartaddon:thundering_roar: 536 (init) -> 570 (map).
[20Sep2026 21:12:31.823] [Render thread/DEBUG] [net.minecraftforge.registries.ForgeRegistry/REGISTRIES]: Registry minecraft:entity_type: Fixed minecraft:entity_type id mismatch cartaddon:twin_barrel_trainer: 413 (init) -> 447 (map).
[20Sep2026 21:12:31.823] [Render thread/DEBUG] [net.minecraftforge.registries.ForgeRegistry/REGISTRIES]: Registry minecraft:entity_type: Fixed minecraft:entity_type id mismatch cartaddon:tyrant_cleave: 649 (init) -> 683 (map).
[20Sep2026 21:12:31.823] [Render thread/DEBUG] [net.minecraftforge.registries.ForgeRegistry/REGISTRIES]: Registry minecraft:entity_type: Fixed minecraft:entity_type id mismatch cartaddon:underworld_broker: 437 (init) -> 471 (map).
[20Sep2026 21:12:31.823] [Render thread/DEBUG] [net.minecraftforge.registries.ForgeRegistry/REGISTRIES]: Registry minecraft:entity_type: Fixed minecraft:entity_type id mismatch cartaddon:uo_tornado: 473 (init) -> 507 (map).
[20Sep2026 21:12:31.823] [Render thread/DEBUG] [net.minecraftforge.registries.ForgeRegistry/REGISTRIES]: Registry minecraft:entity_type: Fixed minecraft:entity_type id mismatch cartaddon:vajra_arrow: 638 (init) -> 672 (map).
[20Sep2026 21:12:31.823] [Render thread/DEBUG] [net.minecraftforge.registries.ForgeRegistry/REGISTRIES]: Registry minecraft:entity_type: Fixed minecraft:entity_type id mismatch cartaddon:venom_demon_mma: 521 (init) -> 555 (map).
[20Sep2026 21:12:31.823] [Render thread/DEBUG] [net.minecraftforge.registries.ForgeRegistry/REGISTRIES]: Registry minecraft:entity_type: Fixed minecraft:entity_type id mismatch cartaddon:venom_needle: 627 (init) -> 661 (map).
[20Sep2026 21:12:31.823] [Render thread/DEBUG] [net.minecraftforge.registries.ForgeRegistry/REGISTRIES]: Registry minecraft:entity_type: Fixed minecraft:entity_type id mismatch cartaddon:venomous_breathe: 602 (init) -> 636 (map).
[20Sep2026 21:12:31.823] [Render thread/DEBUG] [net.minecraftforge.registries.ForgeRegistry/REGISTRIES]: Registry minecraft:entity_type: Fixed minecraft:entity_type id mismatch cartaddon:void_shattering_slash: 481 (init) -> 515 (map).
[20Sep2026 21:12:31.823] [Render thread/DEBUG] [net.minecraftforge.registries.ForgeRegistry/REGISTRIES]: Registry minecraft:entity_type: Fixed minecraft:entity_type id mismatch cartaddon:volt_ball: 614 (init) -> 648 (map).
[20Sep2026 21:12:31.823] [Render thread/DEBUG] [net.minecraftforge.registries.ForgeRegistry/REGISTRIES]: Registry minecraft:entity_type: Fixed minecraft:entity_type id mismatch cartaddon:weather_cloud_redo: 654 (init) -> 688 (map).
[20Sep2026 21:12:31.823] [Render thread/DEBUG] [net.minecraftforge.registries.ForgeRegistry/REGISTRIES]: Registry minecraft:entity_type: Fixed minecraft:entity_type id mismatch cartaddon:white_serpent: 639 (init) -> 673 (map).
[20Sep2026 21:12:31.823] [Render thread/DEBUG] [net.minecraftforge.registries.ForgeRegistry/REGISTRIES]: Registry minecraft:entity_type: Fixed minecraft:entity_type id mismatch cartaddon:whitebeard: 444 (init) -> 478 (map).
[20Sep2026 21:12:31.823] [Render thread/DEBUG] [net.minecraftforge.registries.ForgeRegistry/REGISTRIES]: Registry minecraft:entity_type: Fixed minecraft:entity_type id mismatch cartaddon:will_o_wisp: 595 (init) -> 629 (map).
[20Sep2026 21:12:31.823] [Render thread/DEBUG] [net.minecraftforge.registries.ForgeRegistry/REGISTRIES]: Registry minecraft:entity_type: Fixed minecraft:entity_type id mismatch cartaddon:yaki_mochi: 562 (init) -> 596 (map).
[20Sep2026 21:12:31.823] [Render thread/DEBUG] [net.minecraftforge.registries.ForgeRegistry/REGISTRIES]: Registry minecraft:entity_type: Fixed minecraft:entity_type id mismatch cartaddon:yakkodori: 482 (init) -> 516 (map).
[20Sep2026 21:12:31.823] [Render thread/DEBUG] [net.minecraftforge.registries.ForgeRegistry/REGISTRIES]: Registry minecraft:entity_type: Fixed minecraft:entity_type id mismatch cartaddon:yasotakeru: 650 (init) -> 684 (map).
[20Sep2026 21:12:31.823] [Render thread/DEBUG] [net.minecraftforge.registries.ForgeRegistry/REGISTRIES]: Registry minecraft:entity_type: Fixed minecraft:entity_type id mismatch cartaddon:zou_mma: 522 (init) -> 556 (map).
[20Sep2026 21:12:31.823] [Render thread/DEBUG] [net.minecraftforge.registries.ForgeRegistry/REGISTRIES]: Registry minecraft:entity_type: Fixed minecraft:entity_type id mismatch kazimod:aizen_boss: 693 (init) -> 424 (map).
[20Sep2026 21:12:31.823] [Render thread/DEBUG] [net.minecraftforge.registries.ForgeRegistry/REGISTRIES]: Registry minecraft:entity_type: Fixed minecraft:entity_type id mismatch kazimod:awakening_barrier: 675 (init) -> 412 (map).
[20Sep2026 21:12:31.824] [Render thread/DEBUG] [net.minecraftforge.registries.ForgeRegistry/REGISTRIES]: Registry minecraft:entity_type: Fixed minecraft:entity_type id mismatch kazimod:bakugo_boss: 691 (init) -> 422 (map).
[20Sep2026 21:12:31.824] [Render thread/DEBUG] [net.minecraftforge.registries.ForgeRegistry/REGISTRIES]: Registry minecraft:entity_type: Fixed minecraft:entity_type id mismatch kazimod:blood_river_projectile: 701 (init) -> 432 (map).
[20Sep2026 21:12:31.824] [Render thread/DEBUG] [net.minecraftforge.registries.ForgeRegistry/REGISTRIES]: Registry minecraft:entity_type: Fixed minecraft:entity_type id mismatch kazimod:caladbolg: 664 (init) -> 695 (map).
[20Sep2026 21:12:31.824] [Render thread/DEBUG] [net.minecraftforge.registries.ForgeRegistry/REGISTRIES]: Registry minecraft:entity_type: Fixed minecraft:entity_type id mismatch kazimod:caladbolg_impact: 665 (init) -> 696 (map).
[20Sep2026 21:12:31.824] [Render thread/DEBUG] [net.minecraftforge.registries.ForgeRegistry/REGISTRIES]: Registry minecraft:entity_type: Fixed minecraft:entity_type id mismatch kazimod:casino_coin: 682 (init) -> 413 (map).
[20Sep2026 21:12:31.824] [Render thread/DEBUG] [net.minecraftforge.registries.ForgeRegistry/REGISTRIES]: Registry minecraft:entity_type: Fixed minecraft:entity_type id mismatch kazimod:casino_dice: 683 (init) -> 414 (map).
[20Sep2026 21:12:31.824] [Render thread/DEBUG] [net.minecraftforge.registries.ForgeRegistry/REGISTRIES]: Registry minecraft:entity_type: Fixed minecraft:entity_type id mismatch kazimod:casino_playing_card: 684 (init) -> 415 (map).
[20Sep2026 21:12:31.824] [Render thread/DEBUG] [net.minecraftforge.registries.ForgeRegistry/REGISTRIES]: Registry minecraft:entity_type: Fixed minecraft:entity_type id mismatch kazimod:cluster: 685 (init) -> 416 (map).
[20Sep2026 21:12:31.824] [Render thread/DEBUG] [net.minecraftforge.registries.ForgeRegistry/REGISTRIES]: Registry minecraft:entity_type: Fixed minecraft:entity_type id mismatch kazimod:dark_matter_projectile: 705 (init) -> 690 (map).
[20Sep2026 21:12:31.824] [Render thread/DEBUG] [net.minecraftforge.registries.ForgeRegistry/REGISTRIES]: Registry minecraft:entity_type: Fixed minecraft:entity_type id mismatch kazimod:dark_spear: 700 (init) -> 431 (map).
[20Sep2026 21:12:31.824] [Render thread/DEBUG] [net.minecraftforge.registries.ForgeRegistry/REGISTRIES]: Registry minecraft:entity_type: Fixed minecraft:entity_type id mismatch kazimod:embedded_item_display: 676 (init) -> 691 (map).
[20Sep2026 21:12:31.824] [Render thread/DEBUG] [net.minecraftforge.registries.ForgeRegistry/REGISTRIES]: Registry minecraft:entity_type: Fixed minecraft:entity_type id mismatch kazimod:enhancement_light: 680 (init) -> 697 (map).
[20Sep2026 21:12:31.824] [Render thread/DEBUG] [net.minecraftforge.registries.ForgeRegistry/REGISTRIES]: Registry minecraft:entity_type: Fixed minecraft:entity_type id mismatch kazimod:entei_blast: 659 (init) -> 701 (map).
[20Sep2026 21:12:31.824] [Render thread/DEBUG] [net.minecraftforge.registries.ForgeRegistry/REGISTRIES]: Registry minecraft:entity_type: Fixed minecraft:entity_type id mismatch kazimod:fuga: 663 (init) -> 402 (map).
[20Sep2026 21:12:31.824] [Render thread/DEBUG] [net.minecraftforge.registries.ForgeRegistry/REGISTRIES]: Registry minecraft:entity_type: Fixed minecraft:entity_type id mismatch kazimod:gae_bolg_vfx: 657 (init) -> 703 (map).
[20Sep2026 21:12:31.824] [Render thread/DEBUG] [net.minecraftforge.registries.ForgeRegistry/REGISTRIES]: Registry minecraft:entity_type: Fixed minecraft:entity_type id mismatch kazimod:giant_dice: 687 (init) -> 418 (map).
[20Sep2026 21:12:31.824] [Render thread/DEBUG] [net.minecraftforge.registries.ForgeRegistry/REGISTRIES]: Registry minecraft:entity_type: Fixed minecraft:entity_type id mismatch kazimod:gojo_boss: 688 (init) -> 419 (map).
[20Sep2026 21:12:31.824] [Render thread/DEBUG] [net.minecraftforge.registries.ForgeRegistry/REGISTRIES]: Registry minecraft:entity_type: Fixed minecraft:entity_type id mismatch kazimod:goryutenmetsu_dragon: 671 (init) -> 408 (map).
[20Sep2026 21:12:31.824] [Render thread/DEBUG] [net.minecraftforge.registries.ForgeRegistry/REGISTRIES]: Registry minecraft:entity_type: Fixed minecraft:entity_type id mismatch kazimod:hellblaze_projectile: 698 (init) -> 429 (map).
[20Sep2026 21:12:31.824] [Render thread/DEBUG] [net.minecraftforge.registries.ForgeRegistry/REGISTRIES]: Registry minecraft:entity_type: Fixed minecraft:entity_type id mismatch kazimod:hellfire_bird: 686 (init) -> 417 (map).
[20Sep2026 21:12:31.824] [Render thread/DEBUG] [net.minecraftforge.registries.ForgeRegistry/REGISTRIES]: Registry minecraft:entity_type: Fixed minecraft:entity_type id mismatch kazimod:infinite_void_barrier: 674 (init) -> 411 (map).
[20Sep2026 21:12:31.824] [Render thread/DEBUG] [net.minecraftforge.registries.ForgeRegistry/REGISTRIES]: Registry minecraft:entity_type: Fixed minecraft:entity_type id mismatch kazimod:item_kaiten: 704 (init) -> 740 (map).
[20Sep2026 21:12:31.824] [Render thread/DEBUG] [net.minecraftforge.registries.ForgeRegistry/REGISTRIES]: Registry minecraft:entity_type: Fixed minecraft:entity_type id mismatch kazimod:kama_vfx: 658 (init) -> 698 (map).
[20Sep2026 21:12:31.824] [Render thread/DEBUG] [net.minecraftforge.registries.ForgeRegistry/REGISTRIES]: Registry minecraft:entity_type: Fixed minecraft:entity_type id mismatch kazimod:koku_vfx: 660 (init) -> 699 (map).
[20Sep2026 21:12:31.824] [Render thread/DEBUG] [net.minecraftforge.registries.ForgeRegistry/REGISTRIES]: Registry minecraft:entity_type: Fixed minecraft:entity_type id mismatch kazimod:kurohitsugi: 669 (init) -> 406 (map).
[20Sep2026 21:12:31.824] [Render thread/DEBUG] [net.minecraftforge.registries.ForgeRegistry/REGISTRIES]: Registry minecraft:entity_type: Fixed minecraft:entity_type id mismatch kazimod:kurohitsugi_spike: 670 (init) -> 407 (map).
[20Sep2026 21:12:31.824] [Render thread/DEBUG] [net.minecraftforge.registries.ForgeRegistry/REGISTRIES]: Registry minecraft:entity_type: Fixed minecraft:entity_type id mismatch kazimod:law_boss: 692 (init) -> 423 (map).
[20Sep2026 21:12:31.824] [Render thread/DEBUG] [net.minecraftforge.registries.ForgeRegistry/REGISTRIES]: Registry minecraft:entity_type: Fixed minecraft:entity_type id mismatch kazimod:luffy_boss: 690 (init) -> 421 (map).
[20Sep2026 21:12:31.824] [Render thread/DEBUG] [net.minecraftforge.registries.ForgeRegistry/REGISTRIES]: Registry minecraft:entity_type: Fixed minecraft:entity_type id mismatch kazimod:malevolent_shrine: 662 (init) -> 401 (map).
[20Sep2026 21:12:31.824] [Render thread/DEBUG] [net.minecraftforge.registries.ForgeRegistry/REGISTRIES]: Registry minecraft:entity_type: Fixed minecraft:entity_type id mismatch kazimod:mera_flame_dragon: 672 (init) -> 409 (map).
[20Sep2026 21:12:31.824] [Render thread/DEBUG] [net.minecraftforge.registries.ForgeRegistry/REGISTRIES]: Registry minecraft:entity_type: Fixed minecraft:entity_type id mismatch kazimod:petal_blade: 697 (init) -> 428 (map).
[20Sep2026 21:12:31.824] [Render thread/DEBUG] [net.minecraftforge.registries.ForgeRegistry/REGISTRIES]: Registry minecraft:entity_type: Fixed minecraft:entity_type id mismatch kazimod:puncture_wille: 667 (init) -> 404 (map).
[20Sep2026 21:12:31.824] [Render thread/DEBUG] [net.minecraftforge.registries.ForgeRegistry/REGISTRIES]: Registry minecraft:entity_type: Fixed minecraft:entity_type id mismatch kazimod:reality_marble_gear: 678 (init) -> 693 (map).
[20Sep2026 21:12:31.824] [Render thread/DEBUG] [net.minecraftforge.registries.ForgeRegistry/REGISTRIES]: Registry minecraft:entity_type: Fixed minecraft:entity_type id mismatch kazimod:reality_marble_weapon: 677 (init) -> 692 (map).
[20Sep2026 21:12:31.824] [Render thread/DEBUG] [net.minecraftforge.registries.ForgeRegistry/REGISTRIES]: Registry minecraft:entity_type: Fixed minecraft:entity_type id mismatch kazimod:replicated_sword: 656 (init) -> 704 (map).
[20Sep2026 21:12:31.824] [Render thread/DEBUG] [net.minecraftforge.registries.ForgeRegistry/REGISTRIES]: Registry minecraft:entity_type: Fixed minecraft:entity_type id mismatch kazimod:rho_aias: 681 (init) -> 694 (map).
[20Sep2026 21:12:31.824] [Render thread/DEBUG] [net.minecraftforge.registries.ForgeRegistry/REGISTRIES]: Registry minecraft:entity_type: Fixed minecraft:entity_type id mismatch kazimod:shadow_doppelman: 696 (init) -> 427 (map).
[20Sep2026 21:12:31.824] [Render thread/DEBUG] [net.minecraftforge.registries.ForgeRegistry/REGISTRIES]: Registry minecraft:entity_type: Fixed minecraft:entity_type id mismatch kazimod:shock_wille: 666 (init) -> 403 (map).
[20Sep2026 21:12:31.824] [Render thread/DEBUG] [net.minecraftforge.registries.ForgeRegistry/REGISTRIES]: Registry minecraft:entity_type: Fixed minecraft:entity_type id mismatch kazimod:silent_death: 703 (init) -> 434 (map).
[20Sep2026 21:12:31.824] [Render thread/DEBUG] [net.minecraftforge.registries.ForgeRegistry/REGISTRIES]: Registry minecraft:entity_type: Fixed minecraft:entity_type id mismatch kazimod:silent_slice: 702 (init) -> 433 (map).
[20Sep2026 21:12:31.824] [Render thread/DEBUG] [net.minecraftforge.registries.ForgeRegistry/REGISTRIES]: Registry minecraft:entity_type: Fixed minecraft:entity_type id mismatch kazimod:slash_wave: 699 (init) -> 430 (map).
[20Sep2026 21:12:31.824] [Render thread/DEBUG] [net.minecraftforge.registries.ForgeRegistry/REGISTRIES]: Registry minecraft:entity_type: Fixed minecraft:entity_type id mismatch kazimod:sukuna_boss: 689 (init) -> 420 (map).
[20Sep2026 21:12:31.824] [Render thread/DEBUG] [net.minecraftforge.registries.ForgeRegistry/REGISTRIES]: Registry minecraft:entity_type: Fixed minecraft:entity_type id mismatch kazimod:sun_jin_woo_boss: 694 (init) -> 425 (map).
[20Sep2026 21:12:31.824] [Render thread/DEBUG] [net.minecraftforge.registries.ForgeRegistry/REGISTRIES]: Registry minecraft:entity_type: Fixed minecraft:entity_type id mismatch kazimod:time_bubble: 668 (init) -> 405 (map).
[20Sep2026 21:12:31.824] [Render thread/DEBUG] [net.minecraftforge.registries.ForgeRegistry/REGISTRIES]: Registry minecraft:entity_type: Fixed minecraft:entity_type id mismatch kazimod:unlimited_lost_works: 679 (init) -> 702 (map).
[20Sep2026 21:12:31.824] [Render thread/DEBUG] [net.minecraftforge.registries.ForgeRegistry/REGISTRIES]: Registry minecraft:entity_type: Fixed minecraft:entity_type id mismatch kazimod:vegapunk_trader: 695 (init) -> 426 (map).
[20Sep2026 21:12:31.824] [Render thread/DEBUG] [net.minecraftforge.registries.ForgeRegistry/REGISTRIES]: Registry minecraft:entity_type: Fixed minecraft:entity_type id mismatch kazimod:white_tornado: 673 (init) -> 410 (map).
[20Sep2026 21:12:31.824] [Render thread/DEBUG] [net.minecraftforge.registries.ForgeRegistry/REGISTRIES]: Registry minecraft:entity_type: Fixed minecraft:entity_type id mismatch kazimod:zushi_vfx: 661 (init) -> 700 (map).
[20Sep2026 21:12:31.824] [Render thread/DEBUG] [net.minecraftforge.registries.ForgeRegistry/REGISTRIES]: Registry minecraft:entity_type: Fixed minecraft:entity_type id mismatch mineminenomi:alvida: 124 (init) -> 146 (map).
[20Sep2026 21:12:31.824] [Render thread/DEBUG] [net.minecraftforge.registries.ForgeRegistry/REGISTRIES]: Registry minecraft:entity_type: Fixed minecraft:entity_type id mismatch mineminenomi:alvida2: 125 (init) -> 147 (map).
[20Sep2026 21:12:31.824] [Render thread/DEBUG] [net.minecraftforge.registries.ForgeRegistry/REGISTRIES]: Registry minecraft:entity_type: Fixed minecraft:entity_type id mismatch mineminenomi:arlong: 136 (init) -> 158 (map).
[20Sep2026 21:12:31.824] [Render thread/DEBUG] [net.minecraftforge.registries.ForgeRegistry/REGISTRIES]: Registry minecraft:entity_type: Fixed minecraft:entity_type id mismatch mineminenomi:art_of_weather_trainer: 151 (init) -> 173 (map).
[20Sep2026 21:12:31.824] [Render thread/DEBUG] [net.minecraftforge.registries.ForgeRegistry/REGISTRIES]: Registry minecraft:entity_type: Fixed minecraft:entity_type id mismatch mineminenomi:bananawani: 163 (init) -> 185 (map).
[20Sep2026 21:12:31.824] [Render thread/DEBUG] [net.minecraftforge.registries.ForgeRegistry/REGISTRIES]: Registry minecraft:entity_type: Fixed minecraft:entity_type id mismatch mineminenomi:bandit_brute: 145 (init) -> 167 (map).
[20Sep2026 21:12:31.824] [Render thread/DEBUG] [net.minecraftforge.registries.ForgeRegistry/REGISTRIES]: Registry minecraft:entity_type: Fixed minecraft:entity_type id mismatch mineminenomi:bandit_grunt: 144 (init) -> 166 (map).
[20Sep2026 21:12:31.824] [Render thread/DEBUG] [net.minecraftforge.registries.ForgeRegistry/REGISTRIES]: Registry minecraft:entity_type: Fixed minecraft:entity_type id mismatch mineminenomi:bandit_leader: 147 (init) -> 169 (map).
[20Sep2026 21:12:31.824] [Render thread/DEBUG] [net.minecraftforge.registries.ForgeRegistry/REGISTRIES]: Registry minecraft:entity_type: Fixed minecraft:entity_type id mismatch mineminenomi:bandit_sniper: 146 (init) -> 168 (map).
[20Sep2026 21:12:31.825] [Render thread/DEBUG] [net.minecraftforge.registries.ForgeRegistry/REGISTRIES]: Registry minecraft:entity_type: Fixed minecraft:entity_type id mismatch mineminenomi:barkeeper: 157 (init) -> 179 (map).
[20Sep2026 21:12:31.825] [Render thread/DEBUG] [net.minecraftforge.registries.ForgeRegistry/REGISTRIES]: Registry minecraft:entity_type: Fixed minecraft:entity_type id mismatch mineminenomi:black_leg_trainer: 154 (init) -> 176 (map).
[20Sep2026 21:12:31.825] [Render thread/DEBUG] [net.minecraftforge.registries.ForgeRegistry/REGISTRIES]: Registry minecraft:entity_type: Fixed minecraft:entity_type id mismatch mineminenomi:blagori: 170 (init) -> 192 (map).
[20Sep2026 21:12:31.825] [Render thread/DEBUG] [net.minecraftforge.registries.ForgeRegistry/REGISTRIES]: Registry minecraft:entity_type: Fixed minecraft:entity_type id mismatch mineminenomi:blugori: 169 (init) -> 191 (map).
[20Sep2026 21:12:31.825] [Render thread/DEBUG] [net.minecraftforge.registries.ForgeRegistry/REGISTRIES]: Registry minecraft:entity_type: Fixed minecraft:entity_type id mismatch mineminenomi:bomb: 180 (init) -> 202 (map).
[20Sep2026 21:12:31.825] [Render thread/DEBUG] [net.minecraftforge.registries.ForgeRegistry/REGISTRIES]: Registry minecraft:entity_type: Fixed minecraft:entity_type id mismatch mineminenomi:bon_chari: 189 (init) -> 211 (map).
[20Sep2026 21:12:31.825] [Render thread/DEBUG] [net.minecraftforge.registries.ForgeRegistry/REGISTRIES]: Registry minecraft:entity_type: Fixed minecraft:entity_type id mismatch mineminenomi:bottom_half_body: 183 (init) -> 205 (map).
[20Sep2026 21:12:31.825] [Render thread/DEBUG] [net.minecraftforge.registries.ForgeRegistry/REGISTRIES]: Registry minecraft:entity_type: Fixed minecraft:entity_type id mismatch mineminenomi:boxing_dugong: 173 (init) -> 195 (map).
[20Sep2026 21:12:31.825] [Render thread/DEBUG] [net.minecraftforge.registries.ForgeRegistry/REGISTRIES]: Registry minecraft:entity_type: Fixed minecraft:entity_type id mismatch mineminenomi:brawler_trainer: 153 (init) -> 175 (map).
[20Sep2026 21:12:31.825] [Render thread/DEBUG] [net.minecraftforge.registries.ForgeRegistry/REGISTRIES]: Registry minecraft:entity_type: Fixed minecraft:entity_type id mismatch mineminenomi:buchi: 128 (init) -> 150 (map).
[20Sep2026 21:12:31.825] [Render thread/DEBUG] [net.minecraftforge.registries.ForgeRegistry/REGISTRIES]: Registry minecraft:entity_type: Fixed minecraft:entity_type id mismatch mineminenomi:buggy: 123 (init) -> 145 (map).
[20Sep2026 21:12:31.825] [Render thread/DEBUG] [net.minecraftforge.registries.ForgeRegistry/REGISTRIES]: Registry minecraft:entity_type: Fixed minecraft:entity_type id mismatch mineminenomi:cabaji: 126 (init) -> 148 (map).
[20Sep2026 21:12:31.825] [Render thread/DEBUG] [net.minecraftforge.registries.ForgeRegistry/REGISTRIES]: Registry minecraft:entity_type: Fixed minecraft:entity_type id mismatch mineminenomi:cannon: 190 (init) -> 212 (map).
[20Sep2026 21:12:31.825] [Render thread/DEBUG] [net.minecraftforge.registries.ForgeRegistry/REGISTRIES]: Registry minecraft:entity_type: Fixed minecraft:entity_type id mismatch mineminenomi:celestial_dragon: 116 (init) -> 138 (map).
[20Sep2026 21:12:31.825] [Render thread/DEBUG] [net.minecraftforge.registries.ForgeRegistry/REGISTRIES]: Registry minecraft:entity_type: Fixed minecraft:entity_type id mismatch mineminenomi:chakram: 195 (init) -> 217 (map).
[20Sep2026 21:12:31.825] [Render thread/DEBUG] [net.minecraftforge.registries.ForgeRegistry/REGISTRIES]: Registry minecraft:entity_type: Fixed minecraft:entity_type id mismatch mineminenomi:chew: 134 (init) -> 156 (map).
[20Sep2026 21:12:31.825] [Render thread/DEBUG] [net.minecraftforge.registries.ForgeRegistry/REGISTRIES]: Registry minecraft:entity_type: Fixed minecraft:entity_type id mismatch mineminenomi:cruel_sun: 219 (init) -> 124 (map).
[20Sep2026 21:12:31.825] [Render thread/DEBUG] [net.minecraftforge.registries.ForgeRegistry/REGISTRIES]: Registry minecraft:entity_type: Fixed minecraft:entity_type id mismatch mineminenomi:den_den_mushi: 158 (init) -> 180 (map).
[20Sep2026 21:12:31.825] [Render thread/DEBUG] [net.minecraftforge.registries.ForgeRegistry/REGISTRIES]: Registry minecraft:entity_type: Fixed minecraft:entity_type id mismatch mineminenomi:devil_fruit: 181 (init) -> 203 (map).
[20Sep2026 21:12:31.825] [Render thread/DEBUG] [net.minecraftforge.registries.ForgeRegistry/REGISTRIES]: Registry minecraft:entity_type: Fixed minecraft:entity_type id mismatch mineminenomi:doctor_trainer: 152 (init) -> 174 (map).
[20Sep2026 21:12:31.825] [Render thread/DEBUG] [net.minecraftforge.registries.ForgeRegistry/REGISTRIES]: Registry minecraft:entity_type: Fixed minecraft:entity_type id mismatch mineminenomi:don_krieg: 133 (init) -> 155 (map).
[20Sep2026 21:12:31.825] [Render thread/DEBUG] [net.minecraftforge.registries.ForgeRegistry/REGISTRIES]: Registry minecraft:entity_type: Fixed minecraft:entity_type id mismatch mineminenomi:dummy_alvida_slim: 199 (init) -> 221 (map).
[20Sep2026 21:12:31.825] [Render thread/DEBUG] [net.minecraftforge.registries.ForgeRegistry/REGISTRIES]: Registry minecraft:entity_type: Fixed minecraft:entity_type id mismatch mineminenomi:dummy_barkeeper: 201 (init) -> 223 (map).
[20Sep2026 21:12:31.825] [Render thread/DEBUG] [net.minecraftforge.registries.ForgeRegistry/REGISTRIES]: Registry minecraft:entity_type: Fixed minecraft:entity_type id mismatch mineminenomi:dummy_cabaji: 197 (init) -> 219 (map).
[20Sep2026 21:12:31.825] [Render thread/DEBUG] [net.minecraftforge.registries.ForgeRegistry/REGISTRIES]: Registry minecraft:entity_type: Fixed minecraft:entity_type id mismatch mineminenomi:dummy_flying_fish: 202 (init) -> 224 (map).
[20Sep2026 21:12:31.825] [Render thread/DEBUG] [net.minecraftforge.registries.ForgeRegistry/REGISTRIES]: Registry minecraft:entity_type: Fixed minecraft:entity_type id mismatch mineminenomi:dummy_jango: 198 (init) -> 220 (map).
[20Sep2026 21:12:31.825] [Render thread/DEBUG] [net.minecraftforge.registries.ForgeRegistry/REGISTRIES]: Registry minecraft:entity_type: Fixed minecraft:entity_type id mismatch mineminenomi:dummy_new_phoenix: 196 (init) -> 218 (map).
[20Sep2026 21:12:31.825] [Render thread/DEBUG] [net.minecraftforge.registries.ForgeRegistry/REGISTRIES]: Registry minecraft:entity_type: Fixed minecraft:entity_type id mismatch mineminenomi:dummy_notorious: 200 (init) -> 222 (map).
[20Sep2026 21:12:31.825] [Render thread/DEBUG] [net.minecraftforge.registries.ForgeRegistry/REGISTRIES]: Registry minecraft:entity_type: Fixed minecraft:entity_type id mismatch mineminenomi:entity_collector: 184 (init) -> 206 (map).
[20Sep2026 21:12:31.825] [Render thread/DEBUG] [net.minecraftforge.registries.ForgeRegistry/REGISTRIES]: Registry minecraft:entity_type: Fixed minecraft:entity_type id mismatch mineminenomi:fighting_fish: 162 (init) -> 184 (map).
[20Sep2026 21:12:31.825] [Render thread/DEBUG] [net.minecraftforge.registries.ForgeRegistry/REGISTRIES]: Registry minecraft:entity_type: Fixed minecraft:entity_type id mismatch mineminenomi:flying_fish: 168 (init) -> 190 (map).
[20Sep2026 21:12:31.825] [Render thread/DEBUG] [net.minecraftforge.registries.ForgeRegistry/REGISTRIES]: Registry minecraft:entity_type: Fixed minecraft:entity_type id mismatch mineminenomi:genocide_raid_rework: 217 (init) -> 122 (map).
[20Sep2026 21:12:31.825] [Render thread/DEBUG] [net.minecraftforge.registries.ForgeRegistry/REGISTRIES]: Registry minecraft:entity_type: Fixed minecraft:entity_type id mismatch mineminenomi:gin: 131 (init) -> 153 (map).
[20Sep2026 21:12:31.825] [Render thread/DEBUG] [net.minecraftforge.registries.ForgeRegistry/REGISTRIES]: Registry minecraft:entity_type: Fixed minecraft:entity_type id mismatch mineminenomi:gomu_gomu_bajrang_gun_rework: 204 (init) -> 109 (map).
[20Sep2026 21:12:31.825] [Render thread/DEBUG] [net.minecraftforge.registries.ForgeRegistry/REGISTRIES]: Registry minecraft:entity_type: Fixed minecraft:entity_type id mismatch mineminenomi:gomu_gomu_no_dawn_gatling: 211 (init) -> 116 (map).
[20Sep2026 21:12:31.825] [Render thread/DEBUG] [net.minecraftforge.registries.ForgeRegistry/REGISTRIES]: Registry minecraft:entity_type: Fixed minecraft:entity_type id mismatch mineminenomi:gomu_gomu_no_dawn_rocket: 212 (init) -> 117 (map).
[20Sep2026 21:12:31.825] [Render thread/DEBUG] [net.minecraftforge.registries.ForgeRegistry/REGISTRIES]: Registry minecraft:entity_type: Fixed minecraft:entity_type id mismatch mineminenomi:gomu_gomu_no_kaminari: 213 (init) -> 118 (map).
[20Sep2026 21:12:31.825] [Render thread/DEBUG] [net.minecraftforge.registries.ForgeRegistry/REGISTRIES]: Registry minecraft:entity_type: Fixed minecraft:entity_type id mismatch mineminenomi:gomu_gomu_no_star_gun: 210 (init) -> 115 (map).
[20Sep2026 21:12:31.825] [Render thread/DEBUG] [net.minecraftforge.registries.ForgeRegistry/REGISTRIES]: Registry minecraft:entity_type: Fixed minecraft:entity_type id mismatch mineminenomi:gomu_gomu_red_roc: 203 (init) -> 108 (map).
[20Sep2026 21:12:31.825] [Render thread/DEBUG] [net.minecraftforge.registries.ForgeRegistry/REGISTRIES]: Registry minecraft:entity_type: Fixed minecraft:entity_type id mismatch mineminenomi:higuma: 148 (init) -> 170 (map).
[20Sep2026 21:12:31.825] [Render thread/DEBUG] [net.minecraftforge.registries.ForgeRegistry/REGISTRIES]: Registry minecraft:entity_type: Fixed minecraft:entity_type id mismatch mineminenomi:hollownuke: 208 (init) -> 113 (map).
[20Sep2026 21:12:31.825] [Render thread/DEBUG] [net.minecraftforge.registries.ForgeRegistry/REGISTRIES]: Registry minecraft:entity_type: Fixed minecraft:entity_type id mismatch mineminenomi:hollowpurple: 209 (init) -> 114 (map).
[20Sep2026 21:12:31.825] [Render thread/DEBUG] [net.minecraftforge.registries.ForgeRegistry/REGISTRIES]: Registry minecraft:entity_type: Fixed minecraft:entity_type id mismatch mineminenomi:humandrill: 161 (init) -> 183 (map).
[20Sep2026 21:12:31.825] [Render thread/DEBUG] [net.minecraftforge.registries.ForgeRegistry/REGISTRIES]: Registry minecraft:entity_type: Fixed minecraft:entity_type id mismatch mineminenomi:jango: 129 (init) -> 151 (map).
[20Sep2026 21:12:31.825] [Render thread/DEBUG] [net.minecraftforge.registries.ForgeRegistry/REGISTRIES]: Registry minecraft:entity_type: Fixed minecraft:entity_type id mismatch mineminenomi:kairoseki_net: 187 (init) -> 209 (map).
[20Sep2026 21:12:31.825] [Render thread/DEBUG] [net.minecraftforge.registries.ForgeRegistry/REGISTRIES]: Registry minecraft:entity_type: Fixed minecraft:entity_type id mismatch mineminenomi:karma_explosion: 220 (init) -> 125 (map).
[20Sep2026 21:12:31.825] [Render thread/DEBUG] [net.minecraftforge.registries.ForgeRegistry/REGISTRIES]: Registry minecraft:entity_type: Fixed minecraft:entity_type id mismatch mineminenomi:kung_fu_dugong: 171 (init) -> 193 (map).
[20Sep2026 21:12:31.825] [Render thread/DEBUG] [net.minecraftforge.registries.ForgeRegistry/REGISTRIES]: Registry minecraft:entity_type: Fixed minecraft:entity_type id mismatch mineminenomi:kuro: 130 (init) -> 152 (map).
[20Sep2026 21:12:31.825] [Render thread/DEBUG] [net.minecraftforge.registries.ForgeRegistry/REGISTRIES]: Registry minecraft:entity_type: Fixed minecraft:entity_type id mismatch mineminenomi:kuroobi: 135 (init) -> 157 (map).
[20Sep2026 21:12:31.825] [Render thread/DEBUG] [net.minecraftforge.registries.ForgeRegistry/REGISTRIES]: Registry minecraft:entity_type: Fixed minecraft:entity_type id mismatch mineminenomi:lapahn: 159 (init) -> 181 (map).
[20Sep2026 21:12:31.825] [Render thread/DEBUG] [net.minecraftforge.registries.ForgeRegistry/REGISTRIES]: Registry minecraft:entity_type: Fixed minecraft:entity_type id mismatch mineminenomi:lapseblue: 207 (init) -> 112 (map).
[20Sep2026 21:12:31.825] [Render thread/DEBUG] [net.minecraftforge.registries.ForgeRegistry/REGISTRIES]: Registry minecraft:entity_type: Fixed minecraft:entity_type id mismatch mineminenomi:legendary_master_dugong: 174 (init) -> 196 (map).
[20Sep2026 21:12:31.825] [Render thread/DEBUG] [net.minecraftforge.registries.ForgeRegistry/REGISTRIES]: Registry minecraft:entity_type: Fixed minecraft:entity_type id mismatch mineminenomi:marine_brute: 109 (init) -> 131 (map).
[20Sep2026 21:12:31.826] [Render thread/DEBUG] [net.minecraftforge.registries.ForgeRegistry/REGISTRIES]: Registry minecraft:entity_type: Fixed minecraft:entity_type id mismatch mineminenomi:marine_captain: 111 (init) -> 133 (map).
[20Sep2026 21:12:31.826] [Render thread/DEBUG] [net.minecraftforge.registries.ForgeRegistry/REGISTRIES]: Registry minecraft:entity_type: Fixed minecraft:entity_type id mismatch mineminenomi:marine_grunt: 108 (init) -> 130 (map).
[20Sep2026 21:12:31.826] [Render thread/DEBUG] [net.minecraftforge.registries.ForgeRegistry/REGISTRIES]: Registry minecraft:entity_type: Fixed minecraft:entity_type id mismatch mineminenomi:marine_sniper: 110 (init) -> 132 (map).
[20Sep2026 21:12:31.826] [Render thread/DEBUG] [net.minecraftforge.registries.ForgeRegistry/REGISTRIES]: Registry minecraft:entity_type: Fixed minecraft:entity_type id mismatch mineminenomi:marine_trader: 112 (init) -> 134 (map).
[20Sep2026 21:12:31.826] [Render thread/DEBUG] [net.minecraftforge.registries.ForgeRegistry/REGISTRIES]: Registry minecraft:entity_type: Fixed minecraft:entity_type id mismatch mineminenomi:marine_vice_admiral: 114 (init) -> 136 (map).
[20Sep2026 21:12:31.826] [Render thread/DEBUG] [net.minecraftforge.registries.ForgeRegistry/REGISTRIES]: Registry minecraft:entity_type: Fixed minecraft:entity_type id mismatch mineminenomi:maxoutputred: 206 (init) -> 111 (map).
[20Sep2026 21:12:31.826] [Render thread/DEBUG] [net.minecraftforge.registries.ForgeRegistry/REGISTRIES]: Registry minecraft:entity_type: Fixed minecraft:entity_type id mismatch mineminenomi:mini_hollow_rework: 215 (init) -> 120 (map).
[20Sep2026 21:12:31.826] [Render thread/DEBUG] [net.minecraftforge.registries.ForgeRegistry/REGISTRIES]: Registry minecraft:entity_type: Fixed minecraft:entity_type id mismatch mineminenomi:miss_merry_christmas: 140 (init) -> 162 (map).
[20Sep2026 21:12:31.826] [Render thread/DEBUG] [net.minecraftforge.registries.ForgeRegistry/REGISTRIES]: Registry minecraft:entity_type: Fixed minecraft:entity_type id mismatch mineminenomi:miss_valentine: 138 (init) -> 160 (map).
[20Sep2026 21:12:31.826] [Render thread/DEBUG] [net.minecraftforge.registries.ForgeRegistry/REGISTRIES]: Registry minecraft:entity_type: Fixed minecraft:entity_type id mismatch mineminenomi:morgan: 115 (init) -> 137 (map).
[20Sep2026 21:12:31.826] [Render thread/DEBUG] [net.minecraftforge.registries.ForgeRegistry/REGISTRIES]: Registry minecraft:entity_type: Fixed minecraft:entity_type id mismatch mineminenomi:mr_0: 143 (init) -> 165 (map).
[20Sep2026 21:12:31.826] [Render thread/DEBUG] [net.minecraftforge.registries.ForgeRegistry/REGISTRIES]: Registry minecraft:entity_type: Fixed minecraft:entity_type id mismatch mineminenomi:mr_1: 142 (init) -> 164 (map).
[20Sep2026 21:12:31.826] [Render thread/DEBUG] [net.minecraftforge.registries.ForgeRegistry/REGISTRIES]: Registry minecraft:entity_type: Fixed minecraft:entity_type id mismatch mineminenomi:mr_3: 141 (init) -> 163 (map).
[20Sep2026 21:12:31.826] [Render thread/DEBUG] [net.minecraftforge.registries.ForgeRegistry/REGISTRIES]: Registry minecraft:entity_type: Fixed minecraft:entity_type id mismatch mineminenomi:mr_4: 139 (init) -> 161 (map).
[20Sep2026 21:12:31.826] [Render thread/DEBUG] [net.minecraftforge.registries.ForgeRegistry/REGISTRIES]: Registry minecraft:entity_type: Fixed minecraft:entity_type id mismatch mineminenomi:mr_5: 137 (init) -> 159 (map).
[20Sep2026 21:12:31.826] [Render thread/DEBUG] [net.minecraftforge.registries.ForgeRegistry/REGISTRIES]: Registry minecraft:entity_type: Fixed minecraft:entity_type id mismatch mineminenomi:negative_hollow_rework: 214 (init) -> 119 (map).
[20Sep2026 21:12:31.826] [Render thread/DEBUG] [net.minecraftforge.registries.ForgeRegistry/REGISTRIES]: Registry minecraft:entity_type: Fixed minecraft:entity_type id mismatch mineminenomi:pacifista: 113 (init) -> 135 (map).
[20Sep2026 21:12:31.826] [Render thread/DEBUG] [net.minecraftforge.registries.ForgeRegistry/REGISTRIES]: Registry minecraft:entity_type: Fixed minecraft:entity_type id mismatch mineminenomi:pad_ho_rework: 221 (init) -> 126 (map).
[20Sep2026 21:12:31.826] [Render thread/DEBUG] [net.minecraftforge.registries.ForgeRegistry/REGISTRIES]: Registry minecraft:entity_type: Fixed minecraft:entity_type id mismatch mineminenomi:panda_shark: 167 (init) -> 189 (map).
[20Sep2026 21:12:31.826] [Render thread/DEBUG] [net.minecraftforge.registries.ForgeRegistry/REGISTRIES]: Registry minecraft:entity_type: Fixed minecraft:entity_type id mismatch mineminenomi:pearl: 132 (init) -> 154 (map).
[20Sep2026 21:12:31.826] [Render thread/DEBUG] [net.minecraftforge.registries.ForgeRegistry/REGISTRIES]: Registry minecraft:entity_type: Fixed minecraft:entity_type id mismatch mineminenomi:physical_body: 178 (init) -> 200 (map).
[20Sep2026 21:12:31.826] [Render thread/DEBUG] [net.minecraftforge.registries.ForgeRegistry/REGISTRIES]: Registry minecraft:entity_type: Fixed minecraft:entity_type id mismatch mineminenomi:pirate_bomber: 121 (init) -> 143 (map).
[20Sep2026 21:12:31.826] [Render thread/DEBUG] [net.minecraftforge.registries.ForgeRegistry/REGISTRIES]: Registry minecraft:entity_type: Fixed minecraft:entity_type id mismatch mineminenomi:pirate_brute: 118 (init) -> 140 (map).
[20Sep2026 21:12:31.826] [Render thread/DEBUG] [net.minecraftforge.registries.ForgeRegistry/REGISTRIES]: Registry minecraft:entity_type: Fixed minecraft:entity_type id mismatch mineminenomi:pirate_captain: 119 (init) -> 141 (map).
[20Sep2026 21:12:31.826] [Render thread/DEBUG] [net.minecraftforge.registries.ForgeRegistry/REGISTRIES]: Registry minecraft:entity_type: Fixed minecraft:entity_type id mismatch mineminenomi:pirate_grunt: 117 (init) -> 139 (map).
[20Sep2026 21:12:31.826] [Render thread/DEBUG] [net.minecraftforge.registries.ForgeRegistry/REGISTRIES]: Registry minecraft:entity_type: Fixed minecraft:entity_type id mismatch mineminenomi:pirate_notorious_captain: 122 (init) -> 144 (map).
[20Sep2026 21:12:31.826] [Render thread/DEBUG] [net.minecraftforge.registries.ForgeRegistry/REGISTRIES]: Registry minecraft:entity_type: Fixed minecraft:entity_type id mismatch mineminenomi:pirate_trader: 120 (init) -> 142 (map).
[20Sep2026 21:12:31.826] [Render thread/DEBUG] [net.minecraftforge.registries.ForgeRegistry/REGISTRIES]: Registry minecraft:entity_type: Fixed minecraft:entity_type id mismatch mineminenomi:punk_cross_rework: 218 (init) -> 123 (map).
[20Sep2026 21:12:31.826] [Render thread/DEBUG] [net.minecraftforge.registries.ForgeRegistry/REGISTRIES]: Registry minecraft:entity_type: Fixed minecraft:entity_type id mismatch mineminenomi:red: 205 (init) -> 110 (map).
[20Sep2026 21:12:31.826] [Render thread/DEBUG] [net.minecraftforge.registries.ForgeRegistry/REGISTRIES]: Registry minecraft:entity_type: Fixed minecraft:entity_type id mismatch mineminenomi:rope_net: 186 (init) -> 208 (map).
[20Sep2026 21:12:31.826] [Render thread/DEBUG] [net.minecraftforge.registries.ForgeRegistry/REGISTRIES]: Registry minecraft:entity_type: Fixed minecraft:entity_type id mismatch mineminenomi:sea_cow: 165 (init) -> 187 (map).
[20Sep2026 21:12:31.826] [Render thread/DEBUG] [net.minecraftforge.registries.ForgeRegistry/REGISTRIES]: Registry minecraft:entity_type: Fixed minecraft:entity_type id mismatch mineminenomi:sham: 127 (init) -> 149 (map).
[20Sep2026 21:12:31.826] [Render thread/DEBUG] [net.minecraftforge.registries.ForgeRegistry/REGISTRIES]: Registry minecraft:entity_type: Fixed minecraft:entity_type id mismatch mineminenomi:skypiean_civilian: 155 (init) -> 177 (map).
[20Sep2026 21:12:31.826] [Render thread/DEBUG] [net.minecraftforge.registries.ForgeRegistry/REGISTRIES]: Registry minecraft:entity_type: Fixed minecraft:entity_type id mismatch mineminenomi:skypiean_trader: 156 (init) -> 178 (map).
[20Sep2026 21:12:31.826] [Render thread/DEBUG] [net.minecraftforge.registries.ForgeRegistry/REGISTRIES]: Registry minecraft:entity_type: Fixed minecraft:entity_type id mismatch mineminenomi:sniper_target: 179 (init) -> 201 (map).
[20Sep2026 21:12:31.826] [Render thread/DEBUG] [net.minecraftforge.registries.ForgeRegistry/REGISTRIES]: Registry minecraft:entity_type: Fixed minecraft:entity_type id mismatch mineminenomi:sniper_trainer: 150 (init) -> 172 (map).
[20Sep2026 21:12:31.826] [Render thread/DEBUG] [net.minecraftforge.registries.ForgeRegistry/REGISTRIES]: Registry minecraft:entity_type: Fixed minecraft:entity_type id mismatch mineminenomi:sphere: 188 (init) -> 210 (map).
[20Sep2026 21:12:31.826] [Render thread/DEBUG] [net.minecraftforge.registries.ForgeRegistry/REGISTRIES]: Registry minecraft:entity_type: Fixed minecraft:entity_type id mismatch mineminenomi:spike: 182 (init) -> 204 (map).
[20Sep2026 21:12:31.827] [Render thread/DEBUG] [net.minecraftforge.registries.ForgeRegistry/REGISTRIES]: Registry minecraft:entity_type: Fixed minecraft:entity_type id mismatch mineminenomi:striker: 191 (init) -> 213 (map).
[20Sep2026 21:12:31.827] [Render thread/DEBUG] [net.minecraftforge.registries.ForgeRegistry/REGISTRIES]: Registry minecraft:entity_type: Fixed minecraft:entity_type id mismatch mineminenomi:super_spotbilled_duck: 164 (init) -> 186 (map).
[20Sep2026 21:12:31.827] [Render thread/DEBUG] [net.minecraftforge.registries.ForgeRegistry/REGISTRIES]: Registry minecraft:entity_type: Fixed minecraft:entity_type id mismatch mineminenomi:swordsman_trainer: 149 (init) -> 171 (map).
[20Sep2026 21:12:31.827] [Render thread/DEBUG] [net.minecraftforge.registries.ForgeRegistry/REGISTRIES]: Registry minecraft:entity_type: Fixed minecraft:entity_type id mismatch mineminenomi:throwing_knife: 193 (init) -> 215 (map).
[20Sep2026 21:12:31.827] [Render thread/DEBUG] [net.minecraftforge.registries.ForgeRegistry/REGISTRIES]: Registry minecraft:entity_type: Fixed minecraft:entity_type id mismatch mineminenomi:throwing_spear: 194 (init) -> 216 (map).
[20Sep2026 21:12:31.827] [Render thread/DEBUG] [net.minecraftforge.registries.ForgeRegistry/REGISTRIES]: Registry minecraft:entity_type: Fixed minecraft:entity_type id mismatch mineminenomi:time_theft_beam: 224 (init) -> 129 (map).
[20Sep2026 21:12:31.827] [Render thread/DEBUG] [net.minecraftforge.registries.ForgeRegistry/REGISTRIES]: Registry minecraft:entity_type: Fixed minecraft:entity_type id mismatch mineminenomi:toku_hollow_rework: 216 (init) -> 121 (map).
[20Sep2026 21:12:31.827] [Render thread/DEBUG] [net.minecraftforge.registries.ForgeRegistry/REGISTRIES]: Registry minecraft:entity_type: Fixed minecraft:entity_type id mismatch mineminenomi:tornado: 185 (init) -> 207 (map).
[20Sep2026 21:12:31.827] [Render thread/DEBUG] [net.minecraftforge.registries.ForgeRegistry/REGISTRIES]: Registry minecraft:entity_type: Fixed minecraft:entity_type id mismatch mineminenomi:unicycle: 192 (init) -> 214 (map).
[20Sep2026 21:12:31.827] [Render thread/DEBUG] [net.minecraftforge.registries.ForgeRegistry/REGISTRIES]: Registry minecraft:entity_type: Fixed minecraft:entity_type id mismatch mineminenomi:ursus_shock_rework: 222 (init) -> 127 (map).
[20Sep2026 21:12:31.827] [Render thread/DEBUG] [net.minecraftforge.registries.ForgeRegistry/REGISTRIES]: Registry minecraft:entity_type: Fixed minecraft:entity_type id mismatch mineminenomi:vivre_card: 177 (init) -> 199 (map).
[20Sep2026 21:12:31.827] [Render thread/DEBUG] [net.minecraftforge.registries.ForgeRegistry/REGISTRIES]: Registry minecraft:entity_type: Fixed minecraft:entity_type id mismatch mineminenomi:wandering_dugong: 175 (init) -> 197 (map).
[20Sep2026 21:12:31.827] [Render thread/DEBUG] [net.minecraftforge.registries.ForgeRegistry/REGISTRIES]: Registry minecraft:entity_type: Fixed minecraft:entity_type id mismatch mineminenomi:wanted_poster_package: 176 (init) -> 198 (map).
[20Sep2026 21:12:31.827] [Render thread/DEBUG] [net.minecraftforge.registries.ForgeRegistry/REGISTRIES]: Registry minecraft:entity_type: Fixed minecraft:entity_type id mismatch mineminenomi:white_walkie: 166 (init) -> 188 (map).
[20Sep2026 21:12:31.827] [Render thread/DEBUG] [net.minecraftforge.registries.ForgeRegistry/REGISTRIES]: Registry minecraft:entity_type: Fixed minecraft:entity_type id mismatch mineminenomi:wind_gust: 223 (init) -> 128 (map).
[20Sep2026 21:12:31.827] [Render thread/DEBUG] [net.minecraftforge.registries.ForgeRegistry/REGISTRIES]: Registry minecraft:entity_type: Fixed minecraft:entity_type id mismatch mineminenomi:wrestling_dugong: 172 (init) -> 194 (map).
[20Sep2026 21:12:31.827] [Render thread/DEBUG] [net.minecraftforge.registries.ForgeRegistry/REGISTRIES]: Registry minecraft:entity_type: Fixed minecraft:entity_type id mismatch mineminenomi:yagara_bull: 160 (init) -> 182 (map).
[20Sep2026 21:12:31.827] [Render thread/DEBUG] [net.minecraftforge.registries.ForgeRegistry/REGISTRIES]: Registry minecraft:item: Fixed minecraft:item id mismatch cartaddon:advanced_black_leg_trainer_spawn_egg: 1658 (init) -> 1672 (map).
[20Sep2026 21:12:31.827] [Render thread/DEBUG] [net.minecraftforge.registries.ForgeRegistry/REGISTRIES]: Registry minecraft:item: Fixed minecraft:item id mismatch cartaddon:advanced_brawler_trainer_spawn_egg: 1656 (init) -> 1670 (map).
[20Sep2026 21:12:31.827] [Render thread/DEBUG] [net.minecraftforge.registries.ForgeRegistry/REGISTRIES]: Registry minecraft:item: Fixed minecraft:item id mismatch cartaddon:advanced_swordsman_trainer_spawn_egg: 1657 (init) -> 1671 (map).
[20Sep2026 21:12:31.827] [Render thread/DEBUG] [net.minecraftforge.registries.ForgeRegistry/REGISTRIES]: Registry minecraft:item: Fixed minecraft:item id mismatch cartaddon:afro: 1539 (init) -> 1553 (map).
[20Sep2026 21:12:31.828] [Render thread/DEBUG] [net.minecraftforge.registries.ForgeRegistry/REGISTRIES]: Registry minecraft:item: Fixed minecraft:item id mismatch cartaddon:axe_hand: 1378 (init) -> 1392 (map).
[20Sep2026 21:12:31.828] [Render thread/DEBUG] [net.minecraftforge.registries.ForgeRegistry/REGISTRIES]: Registry minecraft:item: Fixed minecraft:item id mismatch cartaddon:axe_trainer_spawn_egg: 1677 (init) -> 1691 (map).
[20Sep2026 21:12:31.828] [Render thread/DEBUG] [net.minecraftforge.registries.ForgeRegistry/REGISTRIES]: Registry minecraft:item: Fixed minecraft:item id mismatch cartaddon:baked_large_bisu: 1397 (init) -> 1411 (map).
[20Sep2026 21:12:31.828] [Render thread/DEBUG] [net.minecraftforge.registries.ForgeRegistry/REGISTRIES]: Registry minecraft:item: Fixed minecraft:item id mismatch cartaddon:bananawani_eye: 1431 (init) -> 1445 (map).
[20Sep2026 21:12:31.828] [Render thread/DEBUG] [net.minecraftforge.registries.ForgeRegistry/REGISTRIES]: Registry minecraft:item: Fixed minecraft:item id mismatch cartaddon:bananawani_meat: 1435 (init) -> 1449 (map).
[20Sep2026 21:12:31.828] [Render thread/DEBUG] [net.minecraftforge.registries.ForgeRegistry/REGISTRIES]: Registry minecraft:item: Fixed minecraft:item id mismatch cartaddon:bananawani_scute: 1430 (init) -> 1444 (map).
[20Sep2026 21:12:31.828] [Render thread/DEBUG] [net.minecraftforge.registries.ForgeRegistry/REGISTRIES]: Registry minecraft:item: Fixed minecraft:item id mismatch cartaddon:bananawani_snout: 1433 (init) -> 1447 (map).
[20Sep2026 21:12:31.828] [Render thread/DEBUG] [net.minecraftforge.registries.ForgeRegistry/REGISTRIES]: Registry minecraft:item: Fixed minecraft:item id mismatch cartaddon:bananawani_tongue: 1434 (init) -> 1448 (map).
[20Sep2026 21:12:31.828] [Render thread/DEBUG] [net.minecraftforge.registries.ForgeRegistry/REGISTRIES]: Registry minecraft:item: Fixed minecraft:item id mismatch cartaddon:bananawani_tooth: 1432 (init) -> 1446 (map).
[20Sep2026 21:12:31.828] [Render thread/DEBUG] [net.minecraftforge.registries.ForgeRegistry/REGISTRIES]: Registry minecraft:item: Fixed minecraft:item id mismatch cartaddon:bartolomeo_tanto: 1368 (init) -> 1382 (map).
[20Sep2026 21:12:31.828] [Render thread/DEBUG] [net.minecraftforge.registries.ForgeRegistry/REGISTRIES]: Registry minecraft:item: Fixed minecraft:item id mismatch cartaddon:bata_bata_no_mi: 1495 (init) -> 1509 (map).
[20Sep2026 21:12:31.828] [Render thread/DEBUG] [net.minecraftforge.registries.ForgeRegistry/REGISTRIES]: Registry minecraft:item: Fixed minecraft:item id mismatch cartaddon:battle_smasher: 1644 (init) -> 1658 (map).
[20Sep2026 21:12:31.828] [Render thread/DEBUG] [net.minecraftforge.registries.ForgeRegistry/REGISTRIES]: Registry minecraft:item: Fixed minecraft:item id mismatch cartaddon:batto_batto_no_mi: 1453 (init) -> 1467 (map).
[20Sep2026 21:12:31.828] [Render thread/DEBUG] [net.minecraftforge.registries.ForgeRegistry/REGISTRIES]: Registry minecraft:item: Fixed minecraft:item id mismatch cartaddon:batto_batto_no_mi_model_vampire: 1473 (init) -> 1487 (map).
[20Sep2026 21:12:31.828] [Render thread/DEBUG] [net.minecraftforge.registries.ForgeRegistry/REGISTRIES]: Registry minecraft:item: Fixed minecraft:item id mismatch cartaddon:beer_mug: 1408 (init) -> 1422 (map).
[20Sep2026 21:12:31.828] [Render thread/DEBUG] [net.minecraftforge.registries.ForgeRegistry/REGISTRIES]: Registry minecraft:item: Fixed minecraft:item id mismatch cartaddon:bellamy_boots: 1583 (init) -> 1597 (map).
[20Sep2026 21:12:31.828] [Render thread/DEBUG] [net.minecraftforge.registries.ForgeRegistry/REGISTRIES]: Registry minecraft:item: Fixed minecraft:item id mismatch cartaddon:bellamy_chestplate: 1581 (init) -> 1595 (map).
[20Sep2026 21:12:31.828] [Render thread/DEBUG] [net.minecraftforge.registries.ForgeRegistry/REGISTRIES]: Registry minecraft:item: Fixed minecraft:item id mismatch cartaddon:bellamy_leggings: 1582 (init) -> 1596 (map).
[20Sep2026 21:12:31.828] [Render thread/DEBUG] [net.minecraftforge.registries.ForgeRegistry/REGISTRIES]: Registry minecraft:item: Fixed minecraft:item id mismatch cartaddon:big_bananawani_spawn_egg: 1667 (init) -> 1681 (map).
[20Sep2026 21:12:31.828] [Render thread/DEBUG] [net.minecraftforge.registries.ForgeRegistry/REGISTRIES]: Registry minecraft:item: Fixed minecraft:item id mismatch cartaddon:bisu: 1395 (init) -> 1409 (map).
[20Sep2026 21:12:31.828] [Render thread/DEBUG] [net.minecraftforge.registries.ForgeRegistry/REGISTRIES]: Registry minecraft:item: Fixed minecraft:item id mismatch cartaddon:bisu_bisu_no_mi: 1456 (init) -> 1470 (map).
[20Sep2026 21:12:31.828] [Render thread/DEBUG] [net.minecraftforge.registries.ForgeRegistry/REGISTRIES]: Registry minecraft:item: Fixed minecraft:item id mismatch cartaddon:black_market_trader_spawn_egg: 1659 (init) -> 1673 (map).
[20Sep2026 21:12:31.828] [Render thread/DEBUG] [net.minecraftforge.registries.ForgeRegistry/REGISTRIES]: Registry minecraft:item: Fixed minecraft:item id mismatch cartaddon:bludgeon_trainer_spawn_egg: 1653 (init) -> 1667 (map).
[20Sep2026 21:12:31.828] [Render thread/DEBUG] [net.minecraftforge.registries.ForgeRegistry/REGISTRIES]: Registry minecraft:item: Fixed minecraft:item id mismatch cartaddon:bottle_of_absinthe: 1409 (init) -> 1423 (map).
[20Sep2026 21:12:31.828] [Render thread/DEBUG] [net.minecraftforge.registries.ForgeRegistry/REGISTRIES]: Registry minecraft:item: Fixed minecraft:item id mismatch cartaddon:bottle_of_brandy: 1410 (init) -> 1424 (map).
[20Sep2026 21:12:31.828] [Render thread/DEBUG] [net.minecraftforge.registries.ForgeRegistry/REGISTRIES]: Registry minecraft:item: Fixed minecraft:item id mismatch cartaddon:bottle_of_cognac: 1411 (init) -> 1425 (map).
[20Sep2026 21:12:31.828] [Render thread/DEBUG] [net.minecraftforge.registries.ForgeRegistry/REGISTRIES]: Registry minecraft:item: Fixed minecraft:item id mismatch cartaddon:brittle_stone: 1683 (init) -> 1697 (map).
[20Sep2026 21:12:31.828] [Render thread/DEBUG] [net.minecraftforge.registries.ForgeRegistry/REGISTRIES]: Registry minecraft:item: Fixed minecraft:item id mismatch cartaddon:broggy_axe: 1379 (init) -> 1393 (map).
[20Sep2026 21:12:31.828] [Render thread/DEBUG] [net.minecraftforge.registries.ForgeRegistry/REGISTRIES]: Registry minecraft:item: Fixed minecraft:item id mismatch cartaddon:brooks_hat: 1518 (init) -> 1532 (map).
[20Sep2026 21:12:31.828] [Render thread/DEBUG] [net.minecraftforge.registries.ForgeRegistry/REGISTRIES]: Registry minecraft:item: Fixed minecraft:item id mismatch cartaddon:brooks_pants: 1520 (init) -> 1534 (map).
[20Sep2026 21:12:31.828] [Render thread/DEBUG] [net.minecraftforge.registries.ForgeRegistry/REGISTRIES]: Registry minecraft:item: Fixed minecraft:item id mismatch cartaddon:brooks_scarf: 1519 (init) -> 1533 (map).
[20Sep2026 21:12:31.828] [Render thread/DEBUG] [net.minecraftforge.registries.ForgeRegistry/REGISTRIES]: Registry minecraft:item: Fixed minecraft:item id mismatch cartaddon:brooks_shoes: 1521 (init) -> 1535 (map).
[20Sep2026 21:12:31.828] [Render thread/DEBUG] [net.minecraftforge.registries.ForgeRegistry/REGISTRIES]: Registry minecraft:item: Fixed minecraft:item id mismatch cartaddon:bubble_block: 1687 (init) -> 1701 (map).
[20Sep2026 21:12:31.828] [Render thread/DEBUG] [net.minecraftforge.registries.ForgeRegistry/REGISTRIES]: Registry minecraft:item: Fixed minecraft:item id mismatch cartaddon:buggy_dagger: 1369 (init) -> 1383 (map).
[20Sep2026 21:12:31.828] [Render thread/DEBUG] [net.minecraftforge.registries.ForgeRegistry/REGISTRIES]: Registry minecraft:item: Fixed minecraft:item id mismatch cartaddon:burgess_dagger: 1370 (init) -> 1384 (map).
[20Sep2026 21:12:31.828] [Render thread/DEBUG] [net.minecraftforge.registries.ForgeRegistry/REGISTRIES]: Registry minecraft:item: Fixed minecraft:item id mismatch cartaddon:burn_bazooka: 1349 (init) -> 1363 (map).
[20Sep2026 21:12:31.828] [Render thread/DEBUG] [net.minecraftforge.registries.ForgeRegistry/REGISTRIES]: Registry minecraft:item: Fixed minecraft:item id mismatch cartaddon:cooked_bananawani_meat: 1436 (init) -> 1450 (map).
[20Sep2026 21:12:31.828] [Render thread/DEBUG] [net.minecraftforge.registries.ForgeRegistry/REGISTRIES]: Registry minecraft:item: Fixed minecraft:item id mismatch cartaddon:cooked_panda_shark_meat: 1401 (init) -> 1415 (map).
[20Sep2026 21:12:31.828] [Render thread/DEBUG] [net.minecraftforge.registries.ForgeRegistry/REGISTRIES]: Registry minecraft:item: Fixed minecraft:item id mismatch cartaddon:cp0_boots: 1618 (init) -> 1632 (map).
[20Sep2026 21:12:31.828] [Render thread/DEBUG] [net.minecraftforge.registries.ForgeRegistry/REGISTRIES]: Registry minecraft:item: Fixed minecraft:item id mismatch cartaddon:cp0_chestplate: 1616 (init) -> 1630 (map).
[20Sep2026 21:12:31.828] [Render thread/DEBUG] [net.minecraftforge.registries.ForgeRegistry/REGISTRIES]: Registry minecraft:item: Fixed minecraft:item id mismatch cartaddon:cp0_hat: 1615 (init) -> 1629 (map).
[20Sep2026 21:12:31.828] [Render thread/DEBUG] [net.minecraftforge.registries.ForgeRegistry/REGISTRIES]: Registry minecraft:item: Fixed minecraft:item id mismatch cartaddon:cp0_leggings: 1617 (init) -> 1631 (map).
[20Sep2026 21:12:31.828] [Render thread/DEBUG] [net.minecraftforge.registries.ForgeRegistry/REGISTRIES]: Registry minecraft:item: Fixed minecraft:item id mismatch cartaddon:crocodile_cape: 1548 (init) -> 1562 (map).
[20Sep2026 21:12:31.828] [Render thread/DEBUG] [net.minecraftforge.registries.ForgeRegistry/REGISTRIES]: Registry minecraft:item: Fixed minecraft:item id mismatch cartaddon:dagger_trainer_spawn_egg: 1666 (init) -> 1680 (map).
[20Sep2026 21:12:31.828] [Render thread/DEBUG] [net.minecraftforge.registries.ForgeRegistry/REGISTRIES]: Registry minecraft:item: Fixed minecraft:item id mismatch cartaddon:dark_root: 1439 (init) -> 1453 (map).
[20Sep2026 21:12:31.828] [Render thread/DEBUG] [net.minecraftforge.registries.ForgeRegistry/REGISTRIES]: Registry minecraft:item: Fixed minecraft:item id mismatch cartaddon:darkness_block: 1689 (init) -> 1703 (map).
[20Sep2026 21:12:31.828] [Render thread/DEBUG] [net.minecraftforge.registries.ForgeRegistry/REGISTRIES]: Registry minecraft:item: Fixed minecraft:item id mismatch cartaddon:diamond_box: 1390 (init) -> 1404 (map).
[20Sep2026 21:12:31.828] [Render thread/DEBUG] [net.minecraftforge.registries.ForgeRegistry/REGISTRIES]: Registry minecraft:item: Fixed minecraft:item id mismatch cartaddon:double_axe: 1375 (init) -> 1389 (map).
[20Sep2026 21:12:31.828] [Render thread/DEBUG] [net.minecraftforge.registries.ForgeRegistry/REGISTRIES]: Registry minecraft:item: Fixed minecraft:item id mismatch cartaddon:drippy_cape: 1498 (init) -> 1512 (map).
[20Sep2026 21:12:31.828] [Render thread/DEBUG] [net.minecraftforge.registries.ForgeRegistry/REGISTRIES]: Registry minecraft:item: Fixed minecraft:item id mismatch cartaddon:electric_shock_blue_canister: 1404 (init) -> 1418 (map).
[20Sep2026 21:12:31.828] [Render thread/DEBUG] [net.minecraftforge.registries.ForgeRegistry/REGISTRIES]: Registry minecraft:item: Fixed minecraft:item id mismatch cartaddon:elizabellos_crown: 1510 (init) -> 1524 (map).
[20Sep2026 21:12:31.828] [Render thread/DEBUG] [net.minecraftforge.registries.ForgeRegistry/REGISTRIES]: Registry minecraft:item: Fixed minecraft:item id mismatch cartaddon:enel_boots: 1580 (init) -> 1594 (map).
[20Sep2026 21:12:31.828] [Render thread/DEBUG] [net.minecraftforge.registries.ForgeRegistry/REGISTRIES]: Registry minecraft:item: Fixed minecraft:item id mismatch cartaddon:enel_chestplate: 1578 (init) -> 1592 (map).
[20Sep2026 21:12:31.828] [Render thread/DEBUG] [net.minecraftforge.registries.ForgeRegistry/REGISTRIES]: Registry minecraft:item: Fixed minecraft:item id mismatch cartaddon:enel_helmet: 1577 (init) -> 1591 (map).
[20Sep2026 21:12:31.828] [Render thread/DEBUG] [net.minecraftforge.registries.ForgeRegistry/REGISTRIES]: Registry minecraft:item: Fixed minecraft:item id mismatch cartaddon:enel_leggings: 1579 (init) -> 1593 (map).
[20Sep2026 21:12:31.828] [Render thread/DEBUG] [net.minecraftforge.registries.ForgeRegistry/REGISTRIES]: Registry minecraft:item: Fixed minecraft:item id mismatch cartaddon:energy_steroid: 1399 (init) -> 1413 (map).
[20Sep2026 21:12:31.828] [Render thread/DEBUG] [net.minecraftforge.registries.ForgeRegistry/REGISTRIES]: Registry minecraft:item: Fixed minecraft:item id mismatch cartaddon:eustass_kid_dagger: 1371 (init) -> 1385 (map).
[20Sep2026 21:12:31.828] [Render thread/DEBUG] [net.minecraftforge.registries.ForgeRegistry/REGISTRIES]: Registry minecraft:item: Fixed minecraft:item id mismatch cartaddon:false_yoru: 1354 (init) -> 1368 (map).
[20Sep2026 21:12:31.828] [Render thread/DEBUG] [net.minecraftforge.registries.ForgeRegistry/REGISTRIES]: Registry minecraft:item: Fixed minecraft:item id mismatch cartaddon:fighting_fish_fin: 1416 (init) -> 1430 (map).
[20Sep2026 21:12:31.828] [Render thread/DEBUG] [net.minecraftforge.registries.ForgeRegistry/REGISTRIES]: Registry minecraft:item: Fixed minecraft:item id mismatch cartaddon:fighting_fish_horn: 1417 (init) -> 1431 (map).
[20Sep2026 21:12:31.828] [Render thread/DEBUG] [net.minecraftforge.registries.ForgeRegistry/REGISTRIES]: Registry minecraft:item: Fixed minecraft:item id mismatch cartaddon:fighting_fish_scale: 1413 (init) -> 1427 (map).
[20Sep2026 21:12:31.828] [Render thread/DEBUG] [net.minecraftforge.registries.ForgeRegistry/REGISTRIES]: Registry minecraft:item: Fixed minecraft:item id mismatch cartaddon:fighting_fish_tail: 1414 (init) -> 1428 (map).
[20Sep2026 21:12:31.828] [Render thread/DEBUG] [net.minecraftforge.registries.ForgeRegistry/REGISTRIES]: Registry minecraft:item: Fixed minecraft:item id mismatch cartaddon:fighting_fish_tooth: 1415 (init) -> 1429 (map).
[20Sep2026 21:12:31.828] [Render thread/DEBUG] [net.minecraftforge.registries.ForgeRegistry/REGISTRIES]: Registry minecraft:item: Fixed minecraft:item id mismatch cartaddon:flying_fish_eye: 1426 (init) -> 1440 (map).
[20Sep2026 21:12:31.828] [Render thread/DEBUG] [net.minecraftforge.registries.ForgeRegistry/REGISTRIES]: Registry minecraft:item: Fixed minecraft:item id mismatch cartaddon:flying_fish_scale: 1429 (init) -> 1443 (map).
[20Sep2026 21:12:31.828] [Render thread/DEBUG] [net.minecraftforge.registries.ForgeRegistry/REGISTRIES]: Registry minecraft:item: Fixed minecraft:item id mismatch cartaddon:flying_fish_tail: 1427 (init) -> 1441 (map).
[20Sep2026 21:12:31.828] [Render thread/DEBUG] [net.minecraftforge.registries.ForgeRegistry/REGISTRIES]: Registry minecraft:item: Fixed minecraft:item id mismatch cartaddon:flying_fish_wing: 1428 (init) -> 1442 (map).
[20Sep2026 21:12:31.828] [Render thread/DEBUG] [net.minecraftforge.registries.ForgeRegistry/REGISTRIES]: Registry minecraft:item: Fixed minecraft:item id mismatch cartaddon:fujitora_boots: 1542 (init) -> 1556 (map).
[20Sep2026 21:12:31.828] [Render thread/DEBUG] [net.minecraftforge.registries.ForgeRegistry/REGISTRIES]: Registry minecraft:item: Fixed minecraft:item id mismatch cartaddon:fujitora_chestplate: 1540 (init) -> 1554 (map).
[20Sep2026 21:12:31.828] [Render thread/DEBUG] [net.minecraftforge.registries.ForgeRegistry/REGISTRIES]: Registry minecraft:item: Fixed minecraft:item id mismatch cartaddon:fujitora_leggings: 1541 (init) -> 1555 (map).
[20Sep2026 21:12:31.828] [Render thread/DEBUG] [net.minecraftforge.registries.ForgeRegistry/REGISTRIES]: Registry minecraft:item: Fixed minecraft:item id mismatch cartaddon:fuwa_fuwa_no_mi: 1486 (init) -> 1500 (map).
[20Sep2026 21:12:31.828] [Render thread/DEBUG] [net.minecraftforge.registries.ForgeRegistry/REGISTRIES]: Registry minecraft:item: Fixed minecraft:item id mismatch cartaddon:gaban_axe: 1377 (init) -> 1391 (map).
[20Sep2026 21:12:31.828] [Render thread/DEBUG] [net.minecraftforge.registries.ForgeRegistry/REGISTRIES]: Registry minecraft:item: Fixed minecraft:item id mismatch cartaddon:garp_boots: 1587 (init) -> 1601 (map).
[20Sep2026 21:12:31.828] [Render thread/DEBUG] [net.minecraftforge.registries.ForgeRegistry/REGISTRIES]: Registry minecraft:item: Fixed minecraft:item id mismatch cartaddon:garp_chestplate: 1584 (init) -> 1598 (map).
[20Sep2026 21:12:31.828] [Render thread/DEBUG] [net.minecraftforge.registries.ForgeRegistry/REGISTRIES]: Registry minecraft:item: Fixed minecraft:item id mismatch cartaddon:garp_leggings: 1586 (init) -> 1600 (map).
[20Sep2026 21:12:31.828] [Render thread/DEBUG] [net.minecraftforge.registries.ForgeRegistry/REGISTRIES]: Registry minecraft:item: Fixed minecraft:item id mismatch cartaddon:garp_shirt: 1585 (init) -> 1599 (map).
[20Sep2026 21:12:31.828] [Render thread/DEBUG] [net.minecraftforge.registries.ForgeRegistry/REGISTRIES]: Registry minecraft:item: Fixed minecraft:item id mismatch cartaddon:giant_warrior_cape: 1614 (init) -> 1628 (map).
[20Sep2026 21:12:31.828] [Render thread/DEBUG] [net.minecraftforge.registries.ForgeRegistry/REGISTRIES]: Registry minecraft:item: Fixed minecraft:item id mismatch cartaddon:giro_giro_no_mi: 1480 (init) -> 1494 (map).
[20Sep2026 21:12:31.828] [Render thread/DEBUG] [net.minecraftforge.registries.ForgeRegistry/REGISTRIES]: Registry minecraft:item: Fixed minecraft:item id mismatch cartaddon:golden_tonfa: 1350 (init) -> 1364 (map).
[20Sep2026 21:12:31.828] [Render thread/DEBUG] [net.minecraftforge.registries.ForgeRegistry/REGISTRIES]: Registry minecraft:item: Fixed minecraft:item id mismatch cartaddon:goru_block: 1680 (init) -> 1694 (map).
[20Sep2026 21:12:31.828] [Render thread/DEBUG] [net.minecraftforge.registries.ForgeRegistry/REGISTRIES]: Registry minecraft:item: Fixed minecraft:item id mismatch cartaddon:goru_goru_axe: 1346 (init) -> 1360 (map).
[20Sep2026 21:12:31.828] [Render thread/DEBUG] [net.minecraftforge.registries.ForgeRegistry/REGISTRIES]: Registry minecraft:item: Fixed minecraft:item id mismatch cartaddon:goru_goru_no_mi: 1449 (init) -> 1463 (map).
[20Sep2026 21:12:31.828] [Render thread/DEBUG] [net.minecraftforge.registries.ForgeRegistry/REGISTRIES]: Registry minecraft:item: Fixed minecraft:item id mismatch cartaddon:gravestone: 1407 (init) -> 1421 (map).
[20Sep2026 21:12:31.828] [Render thread/DEBUG] [net.minecraftforge.registries.ForgeRegistry/REGISTRIES]: Registry minecraft:item: Fixed minecraft:item id mismatch cartaddon:great_blade_trainer_spawn_egg: 1678 (init) -> 1692 (map).
[20Sep2026 21:12:31.828] [Render thread/DEBUG] [net.minecraftforge.registries.ForgeRegistry/REGISTRIES]: Registry minecraft:item: Fixed minecraft:item id mismatch cartaddon:guru_guru_no_mi: 1471 (init) -> 1485 (map).
[20Sep2026 21:12:31.828] [Render thread/DEBUG] [net.minecraftforge.registries.ForgeRegistry/REGISTRIES]: Registry minecraft:item: Fixed minecraft:item id mismatch cartaddon:hasshoken_trainer_spawn_egg: 1669 (init) -> 1683 (map).
[20Sep2026 21:12:31.828] [Render thread/DEBUG] [net.minecraftforge.registries.ForgeRegistry/REGISTRIES]: Registry minecraft:item: Fixed minecraft:item id mismatch cartaddon:head_jailer_helmet: 1558 (init) -> 1572 (map).
[20Sep2026 21:12:31.828] [Render thread/DEBUG] [net.minecraftforge.registries.ForgeRegistry/REGISTRIES]: Registry minecraft:item: Fixed minecraft:item id mismatch cartaddon:health_charm: 1441 (init) -> 1455 (map).
[20Sep2026 21:12:31.828] [Render thread/DEBUG] [net.minecraftforge.registries.ForgeRegistry/REGISTRIES]: Registry minecraft:item: Fixed minecraft:item id mismatch cartaddon:hebi_hebi_no_mi_model_anaconda: 1465 (init) -> 1479 (map).
[20Sep2026 21:12:31.828] [Render thread/DEBUG] [net.minecraftforge.registries.ForgeRegistry/REGISTRIES]: Registry minecraft:item: Fixed minecraft:item id mismatch cartaddon:hebi_hebi_no_mi_model_king_cobra: 1464 (init) -> 1478 (map).
[20Sep2026 21:12:31.828] [Render thread/DEBUG] [net.minecraftforge.registries.ForgeRegistry/REGISTRIES]: Registry minecraft:item: Fixed minecraft:item id mismatch cartaddon:hebi_hebi_no_mi_model_yamata_no_orochi: 1488 (init) -> 1502 (map).
[20Sep2026 21:12:31.828] [Render thread/DEBUG] [net.minecraftforge.registries.ForgeRegistry/REGISTRIES]: Registry minecraft:item: Fixed minecraft:item id mismatch cartaddon:holy_knight_boots: 1547 (init) -> 1561 (map).
[20Sep2026 21:12:31.828] [Render thread/DEBUG] [net.minecraftforge.registries.ForgeRegistry/REGISTRIES]: Registry minecraft:item: Fixed minecraft:item id mismatch cartaddon:holy_knight_chestplate: 1545 (init) -> 1559 (map).
[20Sep2026 21:12:31.828] [Render thread/DEBUG] [net.minecraftforge.registries.ForgeRegistry/REGISTRIES]: Registry minecraft:item: Fixed minecraft:item id mismatch cartaddon:holy_knight_leggings: 1546 (init) -> 1560 (map).
[20Sep2026 21:12:31.828] [Render thread/DEBUG] [net.minecraftforge.registries.ForgeRegistry/REGISTRIES]: Registry minecraft:item: Fixed minecraft:item id mismatch cartaddon:holy_spear: 1386 (init) -> 1400 (map).
[20Sep2026 21:12:31.828] [Render thread/DEBUG] [net.minecraftforge.registries.ForgeRegistry/REGISTRIES]: Registry minecraft:item: Fixed minecraft:item id mismatch cartaddon:hoya_hoya_no_mi: 1454 (init) -> 1468 (map).
[20Sep2026 21:12:31.828] [Render thread/DEBUG] [net.minecraftforge.registries.ForgeRegistry/REGISTRIES]: Registry minecraft:item: Fixed minecraft:item id mismatch cartaddon:impel_guard_boots: 1553 (init) -> 1567 (map).
[20Sep2026 21:12:31.828] [Render thread/DEBUG] [net.minecraftforge.registries.ForgeRegistry/REGISTRIES]: Registry minecraft:item: Fixed minecraft:item id mismatch cartaddon:impel_guard_chestplate: 1551 (init) -> 1565 (map).
[20Sep2026 21:12:31.828] [Render thread/DEBUG] [net.minecraftforge.registries.ForgeRegistry/REGISTRIES]: Registry minecraft:item: Fixed minecraft:item id mismatch cartaddon:impel_guard_helmet: 1550 (init) -> 1564 (map).
[20Sep2026 21:12:31.828] [Render thread/DEBUG] [net.minecraftforge.registries.ForgeRegistry/REGISTRIES]: Registry minecraft:item: Fixed minecraft:item id mismatch cartaddon:impel_guard_leggings: 1552 (init) -> 1566 (map).
[20Sep2026 21:12:31.828] [Render thread/DEBUG] [net.minecraftforge.registries.ForgeRegistry/REGISTRIES]: Registry minecraft:item: Fixed minecraft:item id mismatch cartaddon:inu_inu_no_mi_model_bake_danuki: 1466 (init) -> 1480 (map).
[20Sep2026 21:12:31.828] [Render thread/DEBUG] [net.minecraftforge.registries.ForgeRegistry/REGISTRIES]: Registry minecraft:item: Fixed minecraft:item id mismatch cartaddon:inu_inu_no_mi_model_cerberus: 1472 (init) -> 1486 (map).
[20Sep2026 21:12:31.828] [Render thread/DEBUG] [net.minecraftforge.registries.ForgeRegistry/REGISTRIES]: Registry minecraft:item: Fixed minecraft:item id mismatch cartaddon:inu_inu_no_mi_model_jackal: 1497 (init) -> 1511 (map).
[20Sep2026 21:12:31.828] [Render thread/DEBUG] [net.minecraftforge.registries.ForgeRegistry/REGISTRIES]: Registry minecraft:item: Fixed minecraft:item id mismatch cartaddon:inu_inu_no_mi_model_kyubi_no_kitsune: 1467 (init) -> 1481 (map).
[20Sep2026 21:12:31.828] [Render thread/DEBUG] [net.minecraftforge.registries.ForgeRegistry/REGISTRIES]: Registry minecraft:item: Fixed minecraft:item id mismatch cartaddon:inu_inu_no_mi_model_okuchi_no_makami: 1455 (init) -> 1469 (map).
[20Sep2026 21:12:31.829] [Render thread/DEBUG] [net.minecraftforge.registries.ForgeRegistry/REGISTRIES]: Registry minecraft:item: Fixed minecraft:item id mismatch cartaddon:inu_inu_no_mi_model_wolf: 1458 (init) -> 1472 (map).
[20Sep2026 21:12:31.829] [Render thread/DEBUG] [net.minecraftforge.registries.ForgeRegistry/REGISTRIES]: Registry minecraft:item: Fixed minecraft:item id mismatch cartaddon:inverted_marine_captain_cape: 1561 (init) -> 1575 (map).
[20Sep2026 21:12:31.829] [Render thread/DEBUG] [net.minecraftforge.registries.ForgeRegistry/REGISTRIES]: Registry minecraft:item: Fixed minecraft:item id mismatch cartaddon:ishi_ishi_no_mi: 1483 (init) -> 1497 (map).
[20Sep2026 21:12:31.829] [Render thread/DEBUG] [net.minecraftforge.registries.ForgeRegistry/REGISTRIES]: Registry minecraft:item: Fixed minecraft:item id mismatch cartaddon:ito: 1690 (init) -> 1704 (map).
[20Sep2026 21:12:31.829] [Render thread/DEBUG] [net.minecraftforge.registries.ForgeRegistry/REGISTRIES]: Registry minecraft:item: Fixed minecraft:item id mismatch cartaddon:izou_boots: 1572 (init) -> 1586 (map).
[20Sep2026 21:12:31.829] [Render thread/DEBUG] [net.minecraftforge.registries.ForgeRegistry/REGISTRIES]: Registry minecraft:item: Fixed minecraft:item id mismatch cartaddon:izou_chestplate: 1570 (init) -> 1584 (map).
[20Sep2026 21:12:31.829] [Render thread/DEBUG] [net.minecraftforge.registries.ForgeRegistry/REGISTRIES]: Registry minecraft:item: Fixed minecraft:item id mismatch cartaddon:izou_leggings: 1571 (init) -> 1585 (map).
[20Sep2026 21:12:31.829] [Render thread/DEBUG] [net.minecraftforge.registries.ForgeRegistry/REGISTRIES]: Registry minecraft:item: Fixed minecraft:item id mismatch cartaddon:jolly_rogerless_cape: 1504 (init) -> 1518 (map).
[20Sep2026 21:12:31.829] [Render thread/DEBUG] [net.minecraftforge.registries.ForgeRegistry/REGISTRIES]: Registry minecraft:item: Fixed minecraft:item id mismatch cartaddon:kakusan: 1358 (init) -> 1372 (map).
[20Sep2026 21:12:31.829] [Render thread/DEBUG] [net.minecraftforge.registries.ForgeRegistry/REGISTRIES]: Registry minecraft:item: Fixed minecraft:item id mismatch cartaddon:kama_kama_no_mi: 1475 (init) -> 1489 (map).
[20Sep2026 21:12:31.829] [Render thread/DEBUG] [net.minecraftforge.registries.ForgeRegistry/REGISTRIES]: Registry minecraft:item: Fixed minecraft:item id mismatch cartaddon:katakuri_boots: 1531 (init) -> 1545 (map).
[20Sep2026 21:12:31.829] [Render thread/DEBUG] [net.minecraftforge.registries.ForgeRegistry/REGISTRIES]: Registry minecraft:item: Fixed minecraft:item id mismatch cartaddon:katakuri_cape: 1534 (init) -> 1548 (map).
[20Sep2026 21:12:31.829] [Render thread/DEBUG] [net.minecraftforge.registries.ForgeRegistry/REGISTRIES]: Registry minecraft:item: Fixed minecraft:item id mismatch cartaddon:katakuri_chestplate: 1530 (init) -> 1544 (map).
[20Sep2026 21:12:31.829] [Render thread/DEBUG] [net.minecraftforge.registries.ForgeRegistry/REGISTRIES]: Registry minecraft:item: Fixed minecraft:item id mismatch cartaddon:katakuri_leggings: 1532 (init) -> 1546 (map).
[20Sep2026 21:12:31.829] [Render thread/DEBUG] [net.minecraftforge.registries.ForgeRegistry/REGISTRIES]: Registry minecraft:item: Fixed minecraft:item id mismatch cartaddon:katakuri_scarf: 1533 (init) -> 1547 (map).
[20Sep2026 21:12:31.829] [Render thread/DEBUG] [net.minecraftforge.registries.ForgeRegistry/REGISTRIES]: Registry minecraft:item: Fixed minecraft:item id mismatch cartaddon:king_boots: 1608 (init) -> 1622 (map).
[20Sep2026 21:12:31.829] [Render thread/DEBUG] [net.minecraftforge.registries.ForgeRegistry/REGISTRIES]: Registry minecraft:item: Fixed minecraft:item id mismatch cartaddon:king_chestplate_closed: 1605 (init) -> 1619 (map).
[20Sep2026 21:12:31.829] [Render thread/DEBUG] [net.minecraftforge.registries.ForgeRegistry/REGISTRIES]: Registry minecraft:item: Fixed minecraft:item id mismatch cartaddon:king_chestplate_open: 1606 (init) -> 1620 (map).
[20Sep2026 21:12:31.829] [Render thread/DEBUG] [net.minecraftforge.registries.ForgeRegistry/REGISTRIES]: Registry minecraft:item: Fixed minecraft:item id mismatch cartaddon:king_helmet: 1604 (init) -> 1618 (map).
[20Sep2026 21:12:31.829] [Render thread/DEBUG] [net.minecraftforge.registries.ForgeRegistry/REGISTRIES]: Registry minecraft:item: Fixed minecraft:item id mismatch cartaddon:king_leggings: 1607 (init) -> 1621 (map).
[20Sep2026 21:12:31.829] [Render thread/DEBUG] [net.minecraftforge.registries.ForgeRegistry/REGISTRIES]: Registry minecraft:item: Fixed minecraft:item id mismatch cartaddon:koalas_hat: 1506 (init) -> 1520 (map).
[20Sep2026 21:12:31.829] [Render thread/DEBUG] [net.minecraftforge.registries.ForgeRegistry/REGISTRIES]: Registry minecraft:item: Fixed minecraft:item id mismatch cartaddon:koby_boots: 1622 (init) -> 1636 (map).
[20Sep2026 21:12:31.829] [Render thread/DEBUG] [net.minecraftforge.registries.ForgeRegistry/REGISTRIES]: Registry minecraft:item: Fixed minecraft:item id mismatch cartaddon:koby_chestplate: 1620 (init) -> 1634 (map).
[20Sep2026 21:12:31.829] [Render thread/DEBUG] [net.minecraftforge.registries.ForgeRegistry/REGISTRIES]: Registry minecraft:item: Fixed minecraft:item id mismatch cartaddon:koby_hat: 1619 (init) -> 1633 (map).
[20Sep2026 21:12:31.829] [Render thread/DEBUG] [net.minecraftforge.registries.ForgeRegistry/REGISTRIES]: Registry minecraft:item: Fixed minecraft:item id mismatch cartaddon:koby_leggings: 1621 (init) -> 1635 (map).
[20Sep2026 21:12:31.829] [Render thread/DEBUG] [net.minecraftforge.registries.ForgeRegistry/REGISTRIES]: Registry minecraft:item: Fixed minecraft:item id mismatch cartaddon:kumo_kumo_no_mi_model_rosamygale_grauvogeli: 1477 (init) -> 1491 (map).
[20Sep2026 21:12:31.829] [Render thread/DEBUG] [net.minecraftforge.registries.ForgeRegistry/REGISTRIES]: Registry minecraft:item: Fixed minecraft:item id mismatch cartaddon:kunai: 1374 (init) -> 1388 (map).
[20Sep2026 21:12:31.829] [Render thread/DEBUG] [net.minecraftforge.registries.ForgeRegistry/REGISTRIES]: Registry minecraft:item: Fixed minecraft:item id mismatch cartaddon:lapahn_ear: 1425 (init) -> 1439 (map).
[20Sep2026 21:12:31.829] [Render thread/DEBUG] [net.minecraftforge.registries.ForgeRegistry/REGISTRIES]: Registry minecraft:item: Fixed minecraft:item id mismatch cartaddon:lapahn_fur: 1422 (init) -> 1436 (map).
[20Sep2026 21:12:31.829] [Render thread/DEBUG] [net.minecraftforge.registries.ForgeRegistry/REGISTRIES]: Registry minecraft:item: Fixed minecraft:item id mismatch cartaddon:lapahn_nose: 1424 (init) -> 1438 (map).
[20Sep2026 21:12:31.829] [Render thread/DEBUG] [net.minecraftforge.registries.ForgeRegistry/REGISTRIES]: Registry minecraft:item: Fixed minecraft:item id mismatch cartaddon:lapahn_tail: 1423 (init) -> 1437 (map).
[20Sep2026 21:12:31.829] [Render thread/DEBUG] [net.minecraftforge.registries.ForgeRegistry/REGISTRIES]: Registry minecraft:item: Fixed minecraft:item id mismatch cartaddon:large_bisu: 1396 (init) -> 1410 (map).
[20Sep2026 21:12:31.829] [Render thread/DEBUG] [net.minecraftforge.registries.ForgeRegistry/REGISTRIES]: Registry minecraft:item: Fixed minecraft:item id mismatch cartaddon:laws_cap: 1502 (init) -> 1516 (map).
[20Sep2026 21:12:31.829] [Render thread/DEBUG] [net.minecraftforge.registries.ForgeRegistry/REGISTRIES]: Registry minecraft:item: Fixed minecraft:item id mismatch cartaddon:leaf_axe: 1363 (init) -> 1377 (map).
[20Sep2026 21:12:31.829] [Render thread/DEBUG] [net.minecraftforge.registries.ForgeRegistry/REGISTRIES]: Registry minecraft:item: Fixed minecraft:item id mismatch cartaddon:leaf_hoe: 1364 (init) -> 1378 (map).
[20Sep2026 21:12:31.830] [Render thread/DEBUG] [net.minecraftforge.registries.ForgeRegistry/REGISTRIES]: Registry minecraft:item: Fixed minecraft:item id mismatch cartaddon:leaf_pickaxe: 1365 (init) -> 1379 (map).
[20Sep2026 21:12:31.830] [Render thread/DEBUG] [net.minecraftforge.registries.ForgeRegistry/REGISTRIES]: Registry minecraft:item: Fixed minecraft:item id mismatch cartaddon:leaf_shovel: 1366 (init) -> 1380 (map).
[20Sep2026 21:12:31.830] [Render thread/DEBUG] [net.minecraftforge.registries.ForgeRegistry/REGISTRIES]: Registry minecraft:item: Fixed minecraft:item id mismatch cartaddon:leaf_sword: 1362 (init) -> 1376 (map).
[20Sep2026 21:12:31.830] [Render thread/DEBUG] [net.minecraftforge.registries.ForgeRegistry/REGISTRIES]: Registry minecraft:item: Fixed minecraft:item id mismatch cartaddon:lucy_chestplate: 1537 (init) -> 1551 (map).
[20Sep2026 21:12:31.830] [Render thread/DEBUG] [net.minecraftforge.registries.ForgeRegistry/REGISTRIES]: Registry minecraft:item: Fixed minecraft:item id mismatch cartaddon:lucy_helmet: 1536 (init) -> 1550 (map).
[20Sep2026 21:12:31.830] [Render thread/DEBUG] [net.minecraftforge.registries.ForgeRegistry/REGISTRIES]: Registry minecraft:item: Fixed minecraft:item id mismatch cartaddon:lucy_pants: 1538 (init) -> 1552 (map).
[20Sep2026 21:12:31.830] [Render thread/DEBUG] [net.minecraftforge.registries.ForgeRegistry/REGISTRIES]: Registry minecraft:item: Fixed minecraft:item id mismatch cartaddon:magellan_boots: 1557 (init) -> 1571 (map).
[20Sep2026 21:12:31.830] [Render thread/DEBUG] [net.minecraftforge.registries.ForgeRegistry/REGISTRIES]: Registry minecraft:item: Fixed minecraft:item id mismatch cartaddon:magellan_chestplate: 1555 (init) -> 1569 (map).
[20Sep2026 21:12:31.830] [Render thread/DEBUG] [net.minecraftforge.registries.ForgeRegistry/REGISTRIES]: Registry minecraft:item: Fixed minecraft:item id mismatch cartaddon:magellan_helmet: 1554 (init) -> 1568 (map).
[20Sep2026 21:12:31.830] [Render thread/DEBUG] [net.minecraftforge.registries.ForgeRegistry/REGISTRIES]: Registry minecraft:item: Fixed minecraft:item id mismatch cartaddon:magellan_leggings: 1556 (init) -> 1570 (map).
[20Sep2026 21:12:31.830] [Render thread/DEBUG] [net.minecraftforge.registries.ForgeRegistry/REGISTRIES]: Registry minecraft:item: Fixed minecraft:item id mismatch cartaddon:marine_fit_boots: 1648 (init) -> 1662 (map).
[20Sep2026 21:12:31.830] [Render thread/DEBUG] [net.minecraftforge.registries.ForgeRegistry/REGISTRIES]: Registry minecraft:item: Fixed minecraft:item id mismatch cartaddon:marine_fit_chestplate: 1646 (init) -> 1660 (map).
[20Sep2026 21:12:31.830] [Render thread/DEBUG] [net.minecraftforge.registries.ForgeRegistry/REGISTRIES]: Registry minecraft:item: Fixed minecraft:item id mismatch cartaddon:marine_fit_hat: 1645 (init) -> 1659 (map).
[20Sep2026 21:12:31.830] [Render thread/DEBUG] [net.minecraftforge.registries.ForgeRegistry/REGISTRIES]: Registry minecraft:item: Fixed minecraft:item id mismatch cartaddon:marine_fit_pants: 1647 (init) -> 1661 (map).
[20Sep2026 21:12:31.830] [Render thread/DEBUG] [net.minecraftforge.registries.ForgeRegistry/REGISTRIES]: Registry minecraft:item: Fixed minecraft:item id mismatch cartaddon:marine_rifleman_spawn_egg: 1674 (init) -> 1688 (map).
[20Sep2026 21:12:31.830] [Render thread/DEBUG] [net.minecraftforge.registries.ForgeRegistry/REGISTRIES]: Registry minecraft:item: Fixed minecraft:item id mismatch cartaddon:mato_mato_no_mi: 1485 (init) -> 1499 (map).
[20Sep2026 21:12:31.830] [Render thread/DEBUG] [net.minecraftforge.registries.ForgeRegistry/REGISTRIES]: Registry minecraft:item: Fixed minecraft:item id mismatch cartaddon:meadow_axe: 1382 (init) -> 1396 (map).
[20Sep2026 21:12:31.830] [Render thread/DEBUG] [net.minecraftforge.registries.ForgeRegistry/REGISTRIES]: Registry minecraft:item: Fixed minecraft:item id mismatch cartaddon:mihawk_outfit_boots: 1652 (init) -> 1666 (map).
[20Sep2026 21:12:31.830] [Render thread/DEBUG] [net.minecraftforge.registries.ForgeRegistry/REGISTRIES]: Registry minecraft:item: Fixed minecraft:item id mismatch cartaddon:mihawk_outfit_chestplate: 1650 (init) -> 1664 (map).
[20Sep2026 21:12:31.830] [Render thread/DEBUG] [net.minecraftforge.registries.ForgeRegistry/REGISTRIES]: Registry minecraft:item: Fixed minecraft:item id mismatch cartaddon:mihawk_outfit_hat: 1649 (init) -> 1663 (map).
[20Sep2026 21:12:31.830] [Render thread/DEBUG] [net.minecraftforge.registries.ForgeRegistry/REGISTRIES]: Registry minecraft:item: Fixed minecraft:item id mismatch cartaddon:mihawk_outfit_pants: 1651 (init) -> 1665 (map).
[20Sep2026 21:12:31.830] [Render thread/DEBUG] [net.minecraftforge.registries.ForgeRegistry/REGISTRIES]: Registry minecraft:item: Fixed minecraft:item id mismatch cartaddon:mini_merry: 1440 (init) -> 1454 (map).
[20Sep2026 21:12:31.830] [Render thread/DEBUG] [net.minecraftforge.registries.ForgeRegistry/REGISTRIES]: Registry minecraft:item: Fixed minecraft:item id mismatch cartaddon:mixologist_spawn_egg: 1672 (init) -> 1686 (map).
[20Sep2026 21:12:31.830] [Render thread/DEBUG] [net.minecraftforge.registries.ForgeRegistry/REGISTRIES]: Registry minecraft:item: Fixed minecraft:item id mismatch cartaddon:mochi: 1392 (init) -> 1406 (map).
[20Sep2026 21:12:31.830] [Render thread/DEBUG] [net.minecraftforge.registries.ForgeRegistry/REGISTRIES]: Registry minecraft:item: Fixed minecraft:item id mismatch cartaddon:mochi_block: 1682 (init) -> 1696 (map).
[20Sep2026 21:12:31.830] [Render thread/DEBUG] [net.minecraftforge.registries.ForgeRegistry/REGISTRIES]: Registry minecraft:item: Fixed minecraft:item id mismatch cartaddon:mochi_donut: 1394 (init) -> 1408 (map).
[20Sep2026 21:12:31.830] [Render thread/DEBUG] [net.minecraftforge.registries.ForgeRegistry/REGISTRIES]: Registry minecraft:item: Fixed minecraft:item id mismatch cartaddon:mochi_mochi_no_mi: 1457 (init) -> 1471 (map).
[20Sep2026 21:12:31.830] [Render thread/DEBUG] [net.minecraftforge.registries.ForgeRegistry/REGISTRIES]: Registry minecraft:item: Fixed minecraft:item id mismatch cartaddon:mori_block: 1681 (init) -> 1695 (map).
[20Sep2026 21:12:31.830] [Render thread/DEBUG] [net.minecraftforge.registries.ForgeRegistry/REGISTRIES]: Registry minecraft:item: Fixed minecraft:item id mismatch cartaddon:mori_mori_no_mi: 1450 (init) -> 1464 (map).
[20Sep2026 21:12:31.830] [Render thread/DEBUG] [net.minecraftforge.registries.ForgeRegistry/REGISTRIES]: Registry minecraft:item: Fixed minecraft:item id mismatch cartaddon:mushi_mushi_no_mi_model_kabutomushi: 1481 (init) -> 1495 (map).
[20Sep2026 21:12:31.830] [Render thread/DEBUG] [net.minecraftforge.registries.ForgeRegistry/REGISTRIES]: Registry minecraft:item: Fixed minecraft:item id mismatch cartaddon:mushi_mushi_no_mi_model_suzumebachi: 1484 (init) -> 1498 (map).
[20Sep2026 21:12:31.830] [Render thread/DEBUG] [net.minecraftforge.registries.ForgeRegistry/REGISTRIES]: Registry minecraft:item: Fixed minecraft:item id mismatch cartaddon:neko_neko_no_mi_model_saber_tiger: 1476 (init) -> 1490 (map).
[20Sep2026 21:12:31.830] [Render thread/DEBUG] [net.minecraftforge.registries.ForgeRegistry/REGISTRIES]: Registry minecraft:item: Fixed minecraft:item id mismatch cartaddon:neon_green: 1684 (init) -> 1698 (map).
[20Sep2026 21:12:31.830] [Render thread/DEBUG] [net.minecraftforge.registries.ForgeRegistry/REGISTRIES]: Registry minecraft:item: Fixed minecraft:item id mismatch cartaddon:netherite_box: 1391 (init) -> 1405 (map).
[20Sep2026 21:12:31.830] [Render thread/DEBUG] [net.minecraftforge.registries.ForgeRegistry/REGISTRIES]: Registry minecraft:item: Fixed minecraft:item id mismatch cartaddon:nitoryu_trainer_spawn_egg: 1654 (init) -> 1668 (map).
[20Sep2026 21:12:31.830] [Render thread/DEBUG] [net.minecraftforge.registries.ForgeRegistry/REGISTRIES]: Registry minecraft:item: Fixed minecraft:item id mismatch cartaddon:noko_noko_no_mi: 1493 (init) -> 1507 (map).
[20Sep2026 21:12:31.830] [Render thread/DEBUG] [net.minecraftforge.registries.ForgeRegistry/REGISTRIES]: Registry minecraft:item: Fixed minecraft:item id mismatch cartaddon:nonosama_staff: 1387 (init) -> 1401 (map).
[20Sep2026 21:12:31.831] [Render thread/DEBUG] [net.minecraftforge.registries.ForgeRegistry/REGISTRIES]: Registry minecraft:item: Fixed minecraft:item id mismatch cartaddon:nui_nui_no_mi: 1482 (init) -> 1496 (map).
[20Sep2026 21:12:31.831] [Render thread/DEBUG] [net.minecraftforge.registries.ForgeRegistry/REGISTRIES]: Registry minecraft:item: Fixed minecraft:item id mismatch cartaddon:numa_numa_no_mi: 1470 (init) -> 1484 (map).
[20Sep2026 21:12:31.831] [Render thread/DEBUG] [net.minecraftforge.registries.ForgeRegistry/REGISTRIES]: Registry minecraft:item: Fixed minecraft:item id mismatch cartaddon:odens_daisukirope: 1514 (init) -> 1528 (map).
[20Sep2026 21:12:31.831] [Render thread/DEBUG] [net.minecraftforge.registries.ForgeRegistry/REGISTRIES]: Registry minecraft:item: Fixed minecraft:item id mismatch cartaddon:officer_hat: 1508 (init) -> 1522 (map).
[20Sep2026 21:12:31.831] [Render thread/DEBUG] [net.minecraftforge.registries.ForgeRegistry/REGISTRIES]: Registry minecraft:item: Fixed minecraft:item id mismatch cartaddon:onigiri: 1437 (init) -> 1451 (map).
[20Sep2026 21:12:31.831] [Render thread/DEBUG] [net.minecraftforge.registries.ForgeRegistry/REGISTRIES]: Registry minecraft:item: Fixed minecraft:item id mismatch cartaddon:pacifista_mark_two_spawn_egg: 1663 (init) -> 1677 (map).
[20Sep2026 21:12:31.831] [Render thread/DEBUG] [net.minecraftforge.registries.ForgeRegistry/REGISTRIES]: Registry minecraft:item: Fixed minecraft:item id mismatch cartaddon:pamu_pamu_no_mi: 1494 (init) -> 1508 (map).
[20Sep2026 21:12:31.831] [Render thread/DEBUG] [net.minecraftforge.registries.ForgeRegistry/REGISTRIES]: Registry minecraft:item: Fixed minecraft:item id mismatch cartaddon:panda_shark_eye: 1419 (init) -> 1433 (map).
[20Sep2026 21:12:31.831] [Render thread/DEBUG] [net.minecraftforge.registries.ForgeRegistry/REGISTRIES]: Registry minecraft:item: Fixed minecraft:item id mismatch cartaddon:panda_shark_fin: 1421 (init) -> 1435 (map).
[20Sep2026 21:12:31.831] [Render thread/DEBUG] [net.minecraftforge.registries.ForgeRegistry/REGISTRIES]: Registry minecraft:item: Fixed minecraft:item id mismatch cartaddon:panda_shark_scale: 1418 (init) -> 1432 (map).
[20Sep2026 21:12:31.831] [Render thread/DEBUG] [net.minecraftforge.registries.ForgeRegistry/REGISTRIES]: Registry minecraft:item: Fixed minecraft:item id mismatch cartaddon:panda_shark_tail: 1420 (init) -> 1434 (map).
[20Sep2026 21:12:31.831] [Render thread/DEBUG] [net.minecraftforge.registries.ForgeRegistry/REGISTRIES]: Registry minecraft:item: Fixed minecraft:item id mismatch cartaddon:pasa_pasa_no_mi: 1492 (init) -> 1506 (map).
[20Sep2026 21:12:31.831] [Render thread/DEBUG] [net.minecraftforge.registries.ForgeRegistry/REGISTRIES]: Registry minecraft:item: Fixed minecraft:item id mismatch cartaddon:pedro_boots: 1588 (init) -> 1602 (map).
[20Sep2026 21:12:31.831] [Render thread/DEBUG] [net.minecraftforge.registries.ForgeRegistry/REGISTRIES]: Registry minecraft:item: Fixed minecraft:item id mismatch cartaddon:pedro_chestplate: 1589 (init) -> 1603 (map).
[20Sep2026 21:12:31.831] [Render thread/DEBUG] [net.minecraftforge.registries.ForgeRegistry/REGISTRIES]: Registry minecraft:item: Fixed minecraft:item id mismatch cartaddon:pedro_leggings: 1590 (init) -> 1604 (map).
[20Sep2026 21:12:31.831] [Render thread/DEBUG] [net.minecraftforge.registries.ForgeRegistry/REGISTRIES]: Registry minecraft:item: Fixed minecraft:item id mismatch cartaddon:pirate_rifleman_spawn_egg: 1675 (init) -> 1689 (map).
[20Sep2026 21:12:31.831] [Render thread/DEBUG] [net.minecraftforge.registries.ForgeRegistry/REGISTRIES]: Registry minecraft:item: Fixed minecraft:item id mismatch cartaddon:pirate_sniper_spawn_egg: 1671 (init) -> 1685 (map).
[20Sep2026 21:12:31.831] [Render thread/DEBUG] [net.minecraftforge.registries.ForgeRegistry/REGISTRIES]: Registry minecraft:item: Fixed minecraft:item id mismatch cartaddon:poison_pink_canister: 1402 (init) -> 1416 (map).
[20Sep2026 21:12:31.831] [Render thread/DEBUG] [net.minecraftforge.registries.ForgeRegistry/REGISTRIES]: Registry minecraft:item: Fixed minecraft:item id mismatch cartaddon:pretzel: 1389 (init) -> 1403 (map).
[20Sep2026 21:12:31.831] [Render thread/DEBUG] [net.minecraftforge.registries.ForgeRegistry/REGISTRIES]: Registry minecraft:item: Fixed minecraft:item id mismatch cartaddon:prisoner_chestplate: 1559 (init) -> 1573 (map).
[20Sep2026 21:12:31.831] [Render thread/DEBUG] [net.minecraftforge.registries.ForgeRegistry/REGISTRIES]: Registry minecraft:item: Fixed minecraft:item id mismatch cartaddon:prisoner_leggings: 1560 (init) -> 1574 (map).
[20Sep2026 21:12:31.831] [Render thread/DEBUG] [net.minecraftforge.registries.ForgeRegistry/REGISTRIES]: Registry minecraft:item: Fixed minecraft:item id mismatch cartaddon:punch_charm: 1442 (init) -> 1456 (map).
[20Sep2026 21:12:31.831] [Render thread/DEBUG] [net.minecraftforge.registries.ForgeRegistry/REGISTRIES]: Registry minecraft:item: Fixed minecraft:item id mismatch cartaddon:ragnir: 1385 (init) -> 1399 (map).
[20Sep2026 21:12:31.831] [Render thread/DEBUG] [net.minecraftforge.registries.ForgeRegistry/REGISTRIES]: Registry minecraft:item: Fixed minecraft:item id mismatch cartaddon:raid_flag_five: 1447 (init) -> 1461 (map).
[20Sep2026 21:12:31.831] [Render thread/DEBUG] [net.minecraftforge.registries.ForgeRegistry/REGISTRIES]: Registry minecraft:item: Fixed minecraft:item id mismatch cartaddon:raid_flag_four: 1446 (init) -> 1460 (map).
[20Sep2026 21:12:31.831] [Render thread/DEBUG] [net.minecraftforge.registries.ForgeRegistry/REGISTRIES]: Registry minecraft:item: Fixed minecraft:item id mismatch cartaddon:raid_flag_one: 1443 (init) -> 1457 (map).
[20Sep2026 21:12:31.831] [Render thread/DEBUG] [net.minecraftforge.registries.ForgeRegistry/REGISTRIES]: Registry minecraft:item: Fixed minecraft:item id mismatch cartaddon:raid_flag_three: 1445 (init) -> 1459 (map).
[20Sep2026 21:12:31.831] [Render thread/DEBUG] [net.minecraftforge.registries.ForgeRegistry/REGISTRIES]: Registry minecraft:item: Fixed minecraft:item id mismatch cartaddon:raid_flag_twenty: 1448 (init) -> 1462 (map).
[20Sep2026 21:12:31.831] [Render thread/DEBUG] [net.minecraftforge.registries.ForgeRegistry/REGISTRIES]: Registry minecraft:item: Fixed minecraft:item id mismatch cartaddon:raid_flag_two: 1444 (init) -> 1458 (map).
[20Sep2026 21:12:31.831] [Render thread/DEBUG] [net.minecraftforge.registries.ForgeRegistry/REGISTRIES]: Registry minecraft:item: Fixed minecraft:item id mismatch cartaddon:raiu: 1359 (init) -> 1373 (map).
[20Sep2026 21:12:31.831] [Render thread/DEBUG] [net.minecraftforge.registries.ForgeRegistry/REGISTRIES]: Registry minecraft:item: Fixed minecraft:item id mismatch cartaddon:raw_mochi_donut: 1393 (init) -> 1407 (map).
[20Sep2026 21:12:31.831] [Render thread/DEBUG] [net.minecraftforge.registries.ForgeRegistry/REGISTRIES]: Registry minecraft:item: Fixed minecraft:item id mismatch cartaddon:raw_panda_shark_meat: 1400 (init) -> 1414 (map).
[20Sep2026 21:12:31.831] [Render thread/DEBUG] [net.minecraftforge.registries.ForgeRegistry/REGISTRIES]: Registry minecraft:item: Fixed minecraft:item id mismatch cartaddon:rayleigh_boots: 1612 (init) -> 1626 (map).
[20Sep2026 21:12:31.831] [Render thread/DEBUG] [net.minecraftforge.registries.ForgeRegistry/REGISTRIES]: Registry minecraft:item: Fixed minecraft:item id mismatch cartaddon:rayleigh_chestplate: 1610 (init) -> 1624 (map).
[20Sep2026 21:12:31.831] [Render thread/DEBUG] [net.minecraftforge.registries.ForgeRegistry/REGISTRIES]: Registry minecraft:item: Fixed minecraft:item id mismatch cartaddon:rayleigh_glasses: 1609 (init) -> 1623 (map).
[20Sep2026 21:12:31.831] [Render thread/DEBUG] [net.minecraftforge.registries.ForgeRegistry/REGISTRIES]: Registry minecraft:item: Fixed minecraft:item id mismatch cartaddon:rayleigh_leggings: 1611 (init) -> 1625 (map).
[20Sep2026 21:12:31.831] [Render thread/DEBUG] [net.minecraftforge.registries.ForgeRegistry/REGISTRIES]: Registry minecraft:item: Fixed minecraft:item id mismatch cartaddon:reinforced_brooks_hat: 1522 (init) -> 1536 (map).
[20Sep2026 21:12:31.831] [Render thread/DEBUG] [net.minecraftforge.registries.ForgeRegistry/REGISTRIES]: Registry minecraft:item: Fixed minecraft:item id mismatch cartaddon:reinforced_brooks_pants: 1524 (init) -> 1538 (map).
[20Sep2026 21:12:31.831] [Render thread/DEBUG] [net.minecraftforge.registries.ForgeRegistry/REGISTRIES]: Registry minecraft:item: Fixed minecraft:item id mismatch cartaddon:reinforced_brooks_scarf: 1523 (init) -> 1537 (map).
[20Sep2026 21:12:31.831] [Render thread/DEBUG] [net.minecraftforge.registries.ForgeRegistry/REGISTRIES]: Registry minecraft:item: Fixed minecraft:item id mismatch cartaddon:reinforced_brooks_shoes: 1525 (init) -> 1539 (map).
[20Sep2026 21:12:31.831] [Render thread/DEBUG] [net.minecraftforge.registries.ForgeRegistry/REGISTRIES]: Registry minecraft:item: Fixed minecraft:item id mismatch cartaddon:reinforced_cola_backpack: 1544 (init) -> 1558 (map).
[20Sep2026 21:12:31.831] [Render thread/DEBUG] [net.minecraftforge.registries.ForgeRegistry/REGISTRIES]: Registry minecraft:item: Fixed minecraft:item id mismatch cartaddon:reinforced_crocodile_cape: 1549 (init) -> 1563 (map).
[20Sep2026 21:12:31.831] [Render thread/DEBUG] [net.minecraftforge.registries.ForgeRegistry/REGISTRIES]: Registry minecraft:item: Fixed minecraft:item id mismatch cartaddon:reinforced_drippy_cape: 1499 (init) -> 1513 (map).
[20Sep2026 21:12:31.831] [Render thread/DEBUG] [net.minecraftforge.registries.ForgeRegistry/REGISTRIES]: Registry minecraft:item: Fixed minecraft:item id mismatch cartaddon:reinforced_elizabellos_crown: 1511 (init) -> 1525 (map).
[20Sep2026 21:12:31.831] [Render thread/DEBUG] [net.minecraftforge.registries.ForgeRegistry/REGISTRIES]: Registry minecraft:item: Fixed minecraft:item id mismatch cartaddon:reinforced_flintlock: 1367 (init) -> 1381 (map).
[20Sep2026 21:12:31.831] [Render thread/DEBUG] [net.minecraftforge.registries.ForgeRegistry/REGISTRIES]: Registry minecraft:item: Fixed minecraft:item id mismatch cartaddon:reinforced_inverted_marine_captain_cape: 1562 (init) -> 1576 (map).
[20Sep2026 21:12:31.831] [Render thread/DEBUG] [net.minecraftforge.registries.ForgeRegistry/REGISTRIES]: Registry minecraft:item: Fixed minecraft:item id mismatch cartaddon:reinforced_jolly_rogerless_cape: 1505 (init) -> 1519 (map).
[20Sep2026 21:12:31.831] [Render thread/DEBUG] [net.minecraftforge.registries.ForgeRegistry/REGISTRIES]: Registry minecraft:item: Fixed minecraft:item id mismatch cartaddon:reinforced_koalas_hat: 1507 (init) -> 1521 (map).
[20Sep2026 21:12:31.831] [Render thread/DEBUG] [net.minecraftforge.registries.ForgeRegistry/REGISTRIES]: Registry minecraft:item: Fixed minecraft:item id mismatch cartaddon:reinforced_laws_cap: 1503 (init) -> 1517 (map).
[20Sep2026 21:12:31.831] [Render thread/DEBUG] [net.minecraftforge.registries.ForgeRegistry/REGISTRIES]: Registry minecraft:item: Fixed minecraft:item id mismatch cartaddon:reinforced_marine_captain_cape: 1543 (init) -> 1557 (map).
[20Sep2026 21:12:31.831] [Render thread/DEBUG] [net.minecraftforge.registries.ForgeRegistry/REGISTRIES]: Registry minecraft:item: Fixed minecraft:item id mismatch cartaddon:reinforced_odens_daisukirope: 1515 (init) -> 1529 (map).
[20Sep2026 21:12:31.831] [Render thread/DEBUG] [net.minecraftforge.registries.ForgeRegistry/REGISTRIES]: Registry minecraft:item: Fixed minecraft:item id mismatch cartaddon:reinforced_officer_hat: 1509 (init) -> 1523 (map).
[20Sep2026 21:12:31.831] [Render thread/DEBUG] [net.minecraftforge.registries.ForgeRegistry/REGISTRIES]: Registry minecraft:item: Fixed minecraft:item id mismatch cartaddon:reinforced_royalty_cape: 1517 (init) -> 1531 (map).
[20Sep2026 21:12:31.831] [Render thread/DEBUG] [net.minecraftforge.registries.ForgeRegistry/REGISTRIES]: Registry minecraft:item: Fixed minecraft:item id mismatch cartaddon:reinforced_senriku: 1347 (init) -> 1361 (map).
[20Sep2026 21:12:31.831] [Render thread/DEBUG] [net.minecraftforge.registries.ForgeRegistry/REGISTRIES]: Registry minecraft:item: Fixed minecraft:item id mismatch cartaddon:reinforced_yamatos_daisukirope: 1513 (init) -> 1527 (map).
[20Sep2026 21:12:31.831] [Render thread/DEBUG] [net.minecraftforge.registries.ForgeRegistry/REGISTRIES]: Registry minecraft:item: Fixed minecraft:item id mismatch cartaddon:reinforced_zeffs_hat: 1501 (init) -> 1515 (map).
[20Sep2026 21:12:31.831] [Render thread/DEBUG] [net.minecraftforge.registries.ForgeRegistry/REGISTRIES]: Registry minecraft:item: Fixed minecraft:item id mismatch cartaddon:revolutionary_army_commander_spawn_egg: 1662 (init) -> 1676 (map).
[20Sep2026 21:12:31.831] [Render thread/DEBUG] [net.minecraftforge.registries.ForgeRegistry/REGISTRIES]: Registry minecraft:item: Fixed minecraft:item id mismatch cartaddon:revolutionary_army_grunt_spawn_egg: 1660 (init) -> 1674 (map).
[20Sep2026 21:12:31.831] [Render thread/DEBUG] [net.minecraftforge.registries.ForgeRegistry/REGISTRIES]: Registry minecraft:item: Fixed minecraft:item id mismatch cartaddon:revolutionary_army_officer_spawn_egg: 1661 (init) -> 1675 (map).
[20Sep2026 21:12:31.831] [Render thread/DEBUG] [net.minecraftforge.registries.ForgeRegistry/REGISTRIES]: Registry minecraft:item: Fixed minecraft:item id mismatch cartaddon:revolutionary_army_sniper_spawn_egg: 1670 (init) -> 1684 (map).
[20Sep2026 21:12:31.831] [Render thread/DEBUG] [net.minecraftforge.registries.ForgeRegistry/REGISTRIES]: Registry minecraft:item: Fixed minecraft:item id mismatch cartaddon:rifle: 1348 (init) -> 1362 (map).
[20Sep2026 21:12:31.831] [Render thread/DEBUG] [net.minecraftforge.registries.ForgeRegistry/REGISTRIES]: Registry minecraft:item: Fixed minecraft:item id mismatch cartaddon:riki_riki_no_mi: 1452 (init) -> 1466 (map).
[20Sep2026 21:12:31.831] [Render thread/DEBUG] [net.minecraftforge.registries.ForgeRegistry/REGISTRIES]: Registry minecraft:item: Fixed minecraft:item id mismatch cartaddon:road_poneglyph: 1688 (init) -> 1702 (map).
[20Sep2026 21:12:31.831] [Render thread/DEBUG] [net.minecraftforge.registries.ForgeRegistry/REGISTRIES]: Registry minecraft:item: Fixed minecraft:item id mismatch cartaddon:roger_boots: 1602 (init) -> 1616 (map).
[20Sep2026 21:12:31.831] [Render thread/DEBUG] [net.minecraftforge.registries.ForgeRegistry/REGISTRIES]: Registry minecraft:item: Fixed minecraft:item id mismatch cartaddon:roger_cape: 1603 (init) -> 1617 (map).
[20Sep2026 21:12:31.831] [Render thread/DEBUG] [net.minecraftforge.registries.ForgeRegistry/REGISTRIES]: Registry minecraft:item: Fixed minecraft:item id mismatch cartaddon:roger_chestplate: 1600 (init) -> 1614 (map).
[20Sep2026 21:12:31.831] [Render thread/DEBUG] [net.minecraftforge.registries.ForgeRegistry/REGISTRIES]: Registry minecraft:item: Fixed minecraft:item id mismatch cartaddon:roger_hat: 1599 (init) -> 1613 (map).
[20Sep2026 21:12:31.831] [Render thread/DEBUG] [net.minecraftforge.registries.ForgeRegistry/REGISTRIES]: Registry minecraft:item: Fixed minecraft:item id mismatch cartaddon:roger_leggings: 1601 (init) -> 1615 (map).
[20Sep2026 21:12:31.831] [Render thread/DEBUG] [net.minecraftforge.registries.ForgeRegistry/REGISTRIES]: Registry minecraft:item: Fixed minecraft:item id mismatch cartaddon:rogers_ace: 1353 (init) -> 1367 (map).
[20Sep2026 21:12:31.831] [Render thread/DEBUG] [net.minecraftforge.registries.ForgeRegistry/REGISTRIES]: Registry minecraft:item: Fixed minecraft:item id mismatch cartaddon:royal_guard_boots: 1529 (init) -> 1543 (map).
[20Sep2026 21:12:31.831] [Render thread/DEBUG] [net.minecraftforge.registries.ForgeRegistry/REGISTRIES]: Registry minecraft:item: Fixed minecraft:item id mismatch cartaddon:royal_guard_chestplate: 1527 (init) -> 1541 (map).
[20Sep2026 21:12:31.831] [Render thread/DEBUG] [net.minecraftforge.registries.ForgeRegistry/REGISTRIES]: Registry minecraft:item: Fixed minecraft:item id mismatch cartaddon:royal_guard_helmet: 1526 (init) -> 1540 (map).
[20Sep2026 21:12:31.831] [Render thread/DEBUG] [net.minecraftforge.registries.ForgeRegistry/REGISTRIES]: Registry minecraft:item: Fixed minecraft:item id mismatch cartaddon:royal_guard_leggings: 1528 (init) -> 1542 (map).
[20Sep2026 21:12:31.831] [Render thread/DEBUG] [net.minecraftforge.registries.ForgeRegistry/REGISTRIES]: Registry minecraft:item: Fixed minecraft:item id mismatch cartaddon:royalty_cape: 1516 (init) -> 1530 (map).
[20Sep2026 21:12:31.831] [Render thread/DEBUG] [net.minecraftforge.registries.ForgeRegistry/REGISTRIES]: Registry minecraft:item: Fixed minecraft:item id mismatch cartaddon:rumble_ball: 1398 (init) -> 1412 (map).
[20Sep2026 21:12:31.831] [Render thread/DEBUG] [net.minecraftforge.registries.ForgeRegistry/REGISTRIES]: Registry minecraft:item: Fixed minecraft:item id mismatch cartaddon:ryu_ryu_no_mi_model_kirin: 1489 (init) -> 1503 (map).
[20Sep2026 21:12:31.831] [Render thread/DEBUG] [net.minecraftforge.registries.ForgeRegistry/REGISTRIES]: Registry minecraft:item: Fixed minecraft:item id mismatch cartaddon:ryu_ryu_no_mi_model_pachycephalosaurus: 1474 (init) -> 1488 (map).
[20Sep2026 21:12:31.831] [Render thread/DEBUG] [net.minecraftforge.registries.ForgeRegistry/REGISTRIES]: Registry minecraft:item: Fixed minecraft:item id mismatch cartaddon:ryu_ryu_no_mi_model_spinosaurus: 1479 (init) -> 1493 (map).
[20Sep2026 21:12:31.831] [Render thread/DEBUG] [net.minecraftforge.registries.ForgeRegistry/REGISTRIES]: Registry minecraft:item: Fixed minecraft:item id mismatch cartaddon:ryu_ryu_no_mi_model_triceratops: 1463 (init) -> 1477 (map).
[20Sep2026 21:12:31.831] [Render thread/DEBUG] [net.minecraftforge.registries.ForgeRegistry/REGISTRIES]: Registry minecraft:item: Fixed minecraft:item id mismatch cartaddon:ryuma_boots: 1569 (init) -> 1583 (map).
[20Sep2026 21:12:31.831] [Render thread/DEBUG] [net.minecraftforge.registries.ForgeRegistry/REGISTRIES]: Registry minecraft:item: Fixed minecraft:item id mismatch cartaddon:ryuma_chestplate: 1568 (init) -> 1582 (map).
[20Sep2026 21:12:31.831] [Render thread/DEBUG] [net.minecraftforge.registries.ForgeRegistry/REGISTRIES]: Registry minecraft:item: Fixed minecraft:item id mismatch cartaddon:ryuma_helmet: 1567 (init) -> 1581 (map).
[20Sep2026 21:12:31.831] [Render thread/DEBUG] [net.minecraftforge.registries.ForgeRegistry/REGISTRIES]: Registry minecraft:item: Fixed minecraft:item id mismatch cartaddon:ryusoken_trainer_spawn_egg: 1655 (init) -> 1669 (map).
[20Sep2026 21:12:31.831] [Render thread/DEBUG] [net.minecraftforge.registries.ForgeRegistry/REGISTRIES]: Registry minecraft:item: Fixed minecraft:item id mismatch cartaddon:saber_trainer_spawn_egg: 1676 (init) -> 1690 (map).
[20Sep2026 21:12:31.831] [Render thread/DEBUG] [net.minecraftforge.registries.ForgeRegistry/REGISTRIES]: Registry minecraft:item: Fixed minecraft:item id mismatch cartaddon:sabo_boots: 1598 (init) -> 1612 (map).
[20Sep2026 21:12:31.831] [Render thread/DEBUG] [net.minecraftforge.registries.ForgeRegistry/REGISTRIES]: Registry minecraft:item: Fixed minecraft:item id mismatch cartaddon:sabo_chestplate: 1596 (init) -> 1610 (map).
[20Sep2026 21:12:31.831] [Render thread/DEBUG] [net.minecraftforge.registries.ForgeRegistry/REGISTRIES]: Registry minecraft:item: Fixed minecraft:item id mismatch cartaddon:sabo_hat: 1595 (init) -> 1609 (map).
[20Sep2026 21:12:31.831] [Render thread/DEBUG] [net.minecraftforge.registries.ForgeRegistry/REGISTRIES]: Registry minecraft:item: Fixed minecraft:item id mismatch cartaddon:sabo_leggings: 1597 (init) -> 1611 (map).
[20Sep2026 21:12:31.831] [Render thread/DEBUG] [net.minecraftforge.registries.ForgeRegistry/REGISTRIES]: Registry minecraft:item: Fixed minecraft:item id mismatch cartaddon:sandy_stone: 1685 (init) -> 1699 (map).
[20Sep2026 21:12:31.831] [Render thread/DEBUG] [net.minecraftforge.registries.ForgeRegistry/REGISTRIES]: Registry minecraft:item: Fixed minecraft:item id mismatch cartaddon:santoryu_trainer_spawn_egg: 1665 (init) -> 1679 (map).
[20Sep2026 21:12:31.831] [Render thread/DEBUG] [net.minecraftforge.registries.ForgeRegistry/REGISTRIES]: Registry minecraft:item: Fixed minecraft:item id mismatch cartaddon:sashimi: 1412 (init) -> 1426 (map).
[20Sep2026 21:12:31.831] [Render thread/DEBUG] [net.minecraftforge.registries.ForgeRegistry/REGISTRIES]: Registry minecraft:item: Fixed minecraft:item id mismatch cartaddon:sea_king_cape: 1613 (init) -> 1627 (map).
[20Sep2026 21:12:31.831] [Render thread/DEBUG] [net.minecraftforge.registries.ForgeRegistry/REGISTRIES]: Registry minecraft:item: Fixed minecraft:item id mismatch cartaddon:sea_king_spawn_egg: 1668 (init) -> 1682 (map).
[20Sep2026 21:12:31.831] [Render thread/DEBUG] [net.minecraftforge.registries.ForgeRegistry/REGISTRIES]: Registry minecraft:item: Fixed minecraft:item id mismatch cartaddon:sentomaru_axe: 1376 (init) -> 1390 (map).
[20Sep2026 21:12:31.831] [Render thread/DEBUG] [net.minecraftforge.registries.ForgeRegistry/REGISTRIES]: Registry minecraft:item: Fixed minecraft:item id mismatch cartaddon:shanks_cape: 1639 (init) -> 1653 (map).
[20Sep2026 21:12:31.831] [Render thread/DEBUG] [net.minecraftforge.registries.ForgeRegistry/REGISTRIES]: Registry minecraft:item: Fixed minecraft:item id mismatch cartaddon:shanks_pants: 1637 (init) -> 1651 (map).
[20Sep2026 21:12:31.831] [Render thread/DEBUG] [net.minecraftforge.registries.ForgeRegistry/REGISTRIES]: Registry minecraft:item: Fixed minecraft:item id mismatch cartaddon:shanks_sandals: 1638 (init) -> 1652 (map).
[20Sep2026 21:12:31.831] [Render thread/DEBUG] [net.minecraftforge.registries.ForgeRegistry/REGISTRIES]: Registry minecraft:item: Fixed minecraft:item id mismatch cartaddon:shanks_shirt: 1636 (init) -> 1650 (map).
[20Sep2026 21:12:31.831] [Render thread/DEBUG] [net.minecraftforge.registries.ForgeRegistry/REGISTRIES]: Registry minecraft:item: Fixed minecraft:item id mismatch cartaddon:shawk_chestplate: 1591 (init) -> 1605 (map).
[20Sep2026 21:12:31.831] [Render thread/DEBUG] [net.minecraftforge.registries.ForgeRegistry/REGISTRIES]: Registry minecraft:item: Fixed minecraft:item id mismatch cartaddon:shawk_leggings: 1592 (init) -> 1606 (map).
[20Sep2026 21:12:31.832] [Render thread/DEBUG] [net.minecraftforge.registries.ForgeRegistry/REGISTRIES]: Registry minecraft:item: Fixed minecraft:item id mismatch cartaddon:shibo_shibo_no_mi: 1490 (init) -> 1504 (map).
[20Sep2026 21:12:31.832] [Render thread/DEBUG] [net.minecraftforge.registries.ForgeRegistry/REGISTRIES]: Registry minecraft:item: Fixed minecraft:item id mismatch cartaddon:shigure: 1351 (init) -> 1365 (map).
[20Sep2026 21:12:31.832] [Render thread/DEBUG] [net.minecraftforge.registries.ForgeRegistry/REGISTRIES]: Registry minecraft:item: Fixed minecraft:item id mismatch cartaddon:shiku_shiku_no_mi: 1478 (init) -> 1492 (map).
[20Sep2026 21:12:31.832] [Render thread/DEBUG] [net.minecraftforge.registries.ForgeRegistry/REGISTRIES]: Registry minecraft:item: Fixed minecraft:item id mismatch cartaddon:shinko_kitetsu: 1352 (init) -> 1366 (map).
[20Sep2026 21:12:31.832] [Render thread/DEBUG] [net.minecraftforge.registries.ForgeRegistry/REGISTRIES]: Registry minecraft:item: Fixed minecraft:item id mismatch cartaddon:shiro_shiro_no_mi: 1451 (init) -> 1465 (map).
[20Sep2026 21:12:31.832] [Render thread/DEBUG] [net.minecraftforge.registries.ForgeRegistry/REGISTRIES]: Registry minecraft:item: Fixed minecraft:item id mismatch cartaddon:shodai_kitetsu: 1360 (init) -> 1374 (map).
[20Sep2026 21:12:31.832] [Render thread/DEBUG] [net.minecraftforge.registries.ForgeRegistry/REGISTRIES]: Registry minecraft:item: Fixed minecraft:item id mismatch cartaddon:soru_soru_no_mi: 1491 (init) -> 1505 (map).
[20Sep2026 21:12:31.832] [Render thread/DEBUG] [net.minecraftforge.registries.ForgeRegistry/REGISTRIES]: Registry minecraft:item: Fixed minecraft:item id mismatch cartaddon:soto_muso: 1361 (init) -> 1375 (map).
[20Sep2026 21:12:31.832] [Render thread/DEBUG] [net.minecraftforge.registries.ForgeRegistry/REGISTRIES]: Registry minecraft:item: Fixed minecraft:item id mismatch cartaddon:soul: 1438 (init) -> 1452 (map).
[20Sep2026 21:12:31.832] [Render thread/DEBUG] [net.minecraftforge.registries.ForgeRegistry/REGISTRIES]: Registry minecraft:item: Fixed minecraft:item id mismatch cartaddon:sparkling_red_canister: 1403 (init) -> 1417 (map).
[20Sep2026 21:12:31.832] [Render thread/DEBUG] [net.minecraftforge.registries.ForgeRegistry/REGISTRIES]: Registry minecraft:item: Fixed minecraft:item id mismatch cartaddon:spear_trainer_spawn_egg: 1679 (init) -> 1693 (map).
[20Sep2026 21:12:31.832] [Render thread/DEBUG] [net.minecraftforge.registries.ForgeRegistry/REGISTRIES]: Registry minecraft:item: Fixed minecraft:item id mismatch cartaddon:special_homie_sword: 1384 (init) -> 1398 (map).
[20Sep2026 21:12:31.832] [Render thread/DEBUG] [net.minecraftforge.registries.ForgeRegistry/REGISTRIES]: Registry minecraft:item: Fixed minecraft:item id mismatch cartaddon:ssnake_chestplate: 1593 (init) -> 1607 (map).
[20Sep2026 21:12:31.832] [Render thread/DEBUG] [net.minecraftforge.registries.ForgeRegistry/REGISTRIES]: Registry minecraft:item: Fixed minecraft:item id mismatch cartaddon:ssnake_leggings: 1594 (init) -> 1608 (map).
[20Sep2026 21:12:31.832] [Render thread/DEBUG] [net.minecraftforge.registries.ForgeRegistry/REGISTRIES]: Registry minecraft:item: Fixed minecraft:item id mismatch cartaddon:stealth_black_canister: 1405 (init) -> 1419 (map).
[20Sep2026 21:12:31.832] [Render thread/DEBUG] [net.minecraftforge.registries.ForgeRegistry/REGISTRIES]: Registry minecraft:item: Fixed minecraft:item id mismatch cartaddon:string_block: 1691 (init) -> 1705 (map).
[20Sep2026 21:12:31.832] [Render thread/DEBUG] [net.minecraftforge.registries.ForgeRegistry/REGISTRIES]: Registry minecraft:item: Fixed minecraft:item id mismatch cartaddon:sukesan: 1357 (init) -> 1371 (map).
[20Sep2026 21:12:31.832] [Render thread/DEBUG] [net.minecraftforge.registries.ForgeRegistry/REGISTRIES]: Registry minecraft:item: Fixed minecraft:item id mismatch cartaddon:susu_susu_no_mi: 1461 (init) -> 1475 (map).
[20Sep2026 21:12:31.832] [Render thread/DEBUG] [net.minecraftforge.registries.ForgeRegistry/REGISTRIES]: Registry minecraft:item: Fixed minecraft:item id mismatch cartaddon:swamp_block: 1686 (init) -> 1700 (map).
[20Sep2026 21:12:31.832] [Render thread/DEBUG] [net.minecraftforge.registries.ForgeRegistry/REGISTRIES]: Registry minecraft:item: Fixed minecraft:item id mismatch cartaddon:tanto: 1372 (init) -> 1386 (map).
[20Sep2026 21:12:31.832] [Render thread/DEBUG] [net.minecraftforge.registries.ForgeRegistry/REGISTRIES]: Registry minecraft:item: Fixed minecraft:item id mismatch cartaddon:tashigi_boots: 1576 (init) -> 1590 (map).
[20Sep2026 21:12:31.832] [Render thread/DEBUG] [net.minecraftforge.registries.ForgeRegistry/REGISTRIES]: Registry minecraft:item: Fixed minecraft:item id mismatch cartaddon:tashigi_chestplate: 1574 (init) -> 1588 (map).
[20Sep2026 21:12:31.832] [Render thread/DEBUG] [net.minecraftforge.registries.ForgeRegistry/REGISTRIES]: Registry minecraft:item: Fixed minecraft:item id mismatch cartaddon:tashigi_helmet: 1573 (init) -> 1587 (map).
[20Sep2026 21:12:31.832] [Render thread/DEBUG] [net.minecraftforge.registries.ForgeRegistry/REGISTRIES]: Registry minecraft:item: Fixed minecraft:item id mismatch cartaddon:tashigi_leggings: 1575 (init) -> 1589 (map).
[20Sep2026 21:12:31.832] [Render thread/DEBUG] [net.minecraftforge.registries.ForgeRegistry/REGISTRIES]: Registry minecraft:item: Fixed minecraft:item id mismatch cartaddon:teacup_hat: 1535 (init) -> 1549 (map).
[20Sep2026 21:12:31.832] [Render thread/DEBUG] [net.minecraftforge.registries.ForgeRegistry/REGISTRIES]: Registry minecraft:item: Fixed minecraft:item id mismatch cartaddon:tori_tori_no_mi_model_falcon: 1462 (init) -> 1476 (map).
[20Sep2026 21:12:31.832] [Render thread/DEBUG] [net.minecraftforge.registries.ForgeRegistry/REGISTRIES]: Registry minecraft:item: Fixed minecraft:item id mismatch cartaddon:tori_tori_no_mi_model_nue: 1487 (init) -> 1501 (map).
[20Sep2026 21:12:31.832] [Render thread/DEBUG] [net.minecraftforge.registries.ForgeRegistry/REGISTRIES]: Registry minecraft:item: Fixed minecraft:item id mismatch cartaddon:ts_koby_boots: 1626 (init) -> 1640 (map).
[20Sep2026 21:12:31.832] [Render thread/DEBUG] [net.minecraftforge.registries.ForgeRegistry/REGISTRIES]: Registry minecraft:item: Fixed minecraft:item id mismatch cartaddon:ts_koby_chestplate: 1624 (init) -> 1638 (map).
[20Sep2026 21:12:31.832] [Render thread/DEBUG] [net.minecraftforge.registries.ForgeRegistry/REGISTRIES]: Registry minecraft:item: Fixed minecraft:item id mismatch cartaddon:ts_koby_hat: 1623 (init) -> 1637 (map).
[20Sep2026 21:12:31.832] [Render thread/DEBUG] [net.minecraftforge.registries.ForgeRegistry/REGISTRIES]: Registry minecraft:item: Fixed minecraft:item id mismatch cartaddon:ts_koby_leggings: 1625 (init) -> 1639 (map).
[20Sep2026 21:12:31.832] [Render thread/DEBUG] [net.minecraftforge.registries.ForgeRegistry/REGISTRIES]: Registry minecraft:item: Fixed minecraft:item id mismatch cartaddon:twin_barrel_trainer_spawn_egg: 1664 (init) -> 1678 (map).
[20Sep2026 21:12:31.832] [Render thread/DEBUG] [net.minecraftforge.registries.ForgeRegistry/REGISTRIES]: Registry minecraft:item: Fixed minecraft:item id mismatch cartaddon:uma_uma_no_mi: 1468 (init) -> 1482 (map).
[20Sep2026 21:12:31.832] [Render thread/DEBUG] [net.minecraftforge.registries.ForgeRegistry/REGISTRIES]: Registry minecraft:item: Fixed minecraft:item id mismatch cartaddon:uma_uma_no_mi_model_pegasus: 1469 (init) -> 1483 (map).
[20Sep2026 21:12:31.832] [Render thread/DEBUG] [net.minecraftforge.registries.ForgeRegistry/REGISTRIES]: Registry minecraft:item: Fixed minecraft:item id mismatch cartaddon:underworld_broker_spawn_egg: 1673 (init) -> 1687 (map).
[20Sep2026 21:12:31.832] [Render thread/DEBUG] [net.minecraftforge.registries.ForgeRegistry/REGISTRIES]: Registry minecraft:item: Fixed minecraft:item id mismatch cartaddon:uo_uo_no_mi_model_seiryu: 1459 (init) -> 1473 (map).
[20Sep2026 21:12:31.832] [Render thread/DEBUG] [net.minecraftforge.registries.ForgeRegistry/REGISTRIES]: Registry minecraft:item: Fixed minecraft:item id mismatch cartaddon:uta_uta_no_mi: 1496 (init) -> 1510 (map).
[20Sep2026 21:12:31.832] [Render thread/DEBUG] [net.minecraftforge.registries.ForgeRegistry/REGISTRIES]: Registry minecraft:item: Fixed minecraft:item id mismatch cartaddon:wapu_wapu_no_mi: 1460 (init) -> 1474 (map).
[20Sep2026 21:12:31.832] [Render thread/DEBUG] [net.minecraftforge.registries.ForgeRegistry/REGISTRIES]: Registry minecraft:item: Fixed minecraft:item id mismatch cartaddon:warashi_axe: 1380 (init) -> 1394 (map).
[20Sep2026 21:12:31.832] [Render thread/DEBUG] [net.minecraftforge.registries.ForgeRegistry/REGISTRIES]: Registry minecraft:item: Fixed minecraft:item id mismatch cartaddon:wetton_axe: 1381 (init) -> 1395 (map).
[20Sep2026 21:12:31.832] [Render thread/DEBUG] [net.minecraftforge.registries.ForgeRegistry/REGISTRIES]: Registry minecraft:item: Fixed minecraft:item id mismatch cartaddon:whitebeard_boots: 1635 (init) -> 1649 (map).
[20Sep2026 21:12:31.832] [Render thread/DEBUG] [net.minecraftforge.registries.ForgeRegistry/REGISTRIES]: Registry minecraft:item: Fixed minecraft:item id mismatch cartaddon:whitebeard_cloth: 1633 (init) -> 1647 (map).
[20Sep2026 21:12:31.832] [Render thread/DEBUG] [net.minecraftforge.registries.ForgeRegistry/REGISTRIES]: Registry minecraft:item: Fixed minecraft:item id mismatch cartaddon:whitebeard_hat: 1631 (init) -> 1645 (map).
[20Sep2026 21:12:31.832] [Render thread/DEBUG] [net.minecraftforge.registries.ForgeRegistry/REGISTRIES]: Registry minecraft:item: Fixed minecraft:item id mismatch cartaddon:whitebeard_pants: 1634 (init) -> 1648 (map).
[20Sep2026 21:12:31.832] [Render thread/DEBUG] [net.minecraftforge.registries.ForgeRegistry/REGISTRIES]: Registry minecraft:item: Fixed minecraft:item id mismatch cartaddon:whitebeard_stache: 1632 (init) -> 1646 (map).
[20Sep2026 21:12:31.832] [Render thread/DEBUG] [net.minecraftforge.registries.ForgeRegistry/REGISTRIES]: Registry minecraft:item: Fixed minecraft:item id mismatch cartaddon:whos_who_dagger: 1373 (init) -> 1387 (map).
[20Sep2026 21:12:31.832] [Render thread/DEBUG] [net.minecraftforge.registries.ForgeRegistry/REGISTRIES]: Registry minecraft:item: Fixed minecraft:item id mismatch cartaddon:winch_green_canister: 1406 (init) -> 1420 (map).
[20Sep2026 21:12:31.832] [Render thread/DEBUG] [net.minecraftforge.registries.ForgeRegistry/REGISTRIES]: Registry minecraft:item: Fixed minecraft:item id mismatch cartaddon:x_drake_axe: 1383 (init) -> 1397 (map).
[20Sep2026 21:12:31.832] [Render thread/DEBUG] [net.minecraftforge.registries.ForgeRegistry/REGISTRIES]: Registry minecraft:item: Fixed minecraft:item id mismatch cartaddon:xebec_boots: 1630 (init) -> 1644 (map).
[20Sep2026 21:12:31.832] [Render thread/DEBUG] [net.minecraftforge.registries.ForgeRegistry/REGISTRIES]: Registry minecraft:item: Fixed minecraft:item id mismatch cartaddon:xebec_chestplate: 1628 (init) -> 1642 (map).
[20Sep2026 21:12:31.832] [Render thread/DEBUG] [net.minecraftforge.registries.ForgeRegistry/REGISTRIES]: Registry minecraft:item: Fixed minecraft:item id mismatch cartaddon:xebec_earrings: 1627 (init) -> 1641 (map).
[20Sep2026 21:12:31.832] [Render thread/DEBUG] [net.minecraftforge.registries.ForgeRegistry/REGISTRIES]: Registry minecraft:item: Fixed minecraft:item id mismatch cartaddon:xebec_leggings: 1629 (init) -> 1643 (map).
[20Sep2026 21:12:31.832] [Render thread/DEBUG] [net.minecraftforge.registries.ForgeRegistry/REGISTRIES]: Registry minecraft:item: Fixed minecraft:item id mismatch cartaddon:yakuza_kasen: 1356 (init) -> 1370 (map).
[20Sep2026 21:12:31.832] [Render thread/DEBUG] [net.minecraftforge.registries.ForgeRegistry/REGISTRIES]: Registry minecraft:item: Fixed minecraft:item id mismatch cartaddon:yamatos_daisukirope: 1512 (init) -> 1526 (map).
[20Sep2026 21:12:31.832] [Render thread/DEBUG] [net.minecraftforge.registries.ForgeRegistry/REGISTRIES]: Registry minecraft:item: Fixed minecraft:item id mismatch cartaddon:yubashiri: 1355 (init) -> 1369 (map).
[20Sep2026 21:12:31.833] [Render thread/DEBUG] [net.minecraftforge.registries.ForgeRegistry/REGISTRIES]: Registry minecraft:item: Fixed minecraft:item id mismatch cartaddon:z_arm: 1640 (init) -> 1654 (map).
[20Sep2026 21:12:31.833] [Render thread/DEBUG] [net.minecraftforge.registries.ForgeRegistry/REGISTRIES]: Registry minecraft:item: Fixed minecraft:item id mismatch cartaddon:z_cape: 1643 (init) -> 1657 (map).
[20Sep2026 21:12:31.833] [Render thread/DEBUG] [net.minecraftforge.registries.ForgeRegistry/REGISTRIES]: Registry minecraft:item: Fixed minecraft:item id mismatch cartaddon:z_glasses: 1642 (init) -> 1656 (map).
[20Sep2026 21:12:31.833] [Render thread/DEBUG] [net.minecraftforge.registries.ForgeRegistry/REGISTRIES]: Registry minecraft:item: Fixed minecraft:item id mismatch cartaddon:z_pants: 1641 (init) -> 1655 (map).
[20Sep2026 21:12:31.833] [Render thread/DEBUG] [net.minecraftforge.registries.ForgeRegistry/REGISTRIES]: Registry minecraft:item: Fixed minecraft:item id mismatch cartaddon:zeffs_hat: 1500 (init) -> 1514 (map).
[20Sep2026 21:12:31.833] [Render thread/DEBUG] [net.minecraftforge.registries.ForgeRegistry/REGISTRIES]: Registry minecraft:item: Fixed minecraft:item id mismatch cartaddon:zeus_clima_tact: 1388 (init) -> 1402 (map).
[20Sep2026 21:12:31.833] [Render thread/DEBUG] [net.minecraftforge.registries.ForgeRegistry/REGISTRIES]: Registry minecraft:item: Fixed minecraft:item id mismatch cartaddon:zoro_boots: 1566 (init) -> 1580 (map).
[20Sep2026 21:12:31.833] [Render thread/DEBUG] [net.minecraftforge.registries.ForgeRegistry/REGISTRIES]: Registry minecraft:item: Fixed minecraft:item id mismatch cartaddon:zoro_chestplate: 1564 (init) -> 1578 (map).
[20Sep2026 21:12:31.833] [Render thread/DEBUG] [net.minecraftforge.registries.ForgeRegistry/REGISTRIES]: Registry minecraft:item: Fixed minecraft:item id mismatch cartaddon:zoro_helmet: 1563 (init) -> 1577 (map).
[20Sep2026 21:12:31.833] [Render thread/DEBUG] [net.minecraftforge.registries.ForgeRegistry/REGISTRIES]: Registry minecraft:item: Fixed minecraft:item id mismatch cartaddon:zoro_leggings: 1565 (init) -> 1579 (map).
[20Sep2026 21:12:31.833] [Render thread/DEBUG] [net.minecraftforge.registries.ForgeRegistry/REGISTRIES]: Registry minecraft:item: Fixed minecraft:item id mismatch curios:amulet: 1343 (init) -> 1357 (map).
[20Sep2026 21:12:31.833] [Render thread/DEBUG] [net.minecraftforge.registries.ForgeRegistry/REGISTRIES]: Registry minecraft:item: Fixed minecraft:item id mismatch curios:crown: 1344 (init) -> 1358 (map).
[20Sep2026 21:12:31.833] [Render thread/DEBUG] [net.minecraftforge.registries.ForgeRegistry/REGISTRIES]: Registry minecraft:item: Fixed minecraft:item id mismatch curios:knuckles: 1345 (init) -> 1359 (map).
[20Sep2026 21:12:31.833] [Render thread/DEBUG] [net.minecraftforge.registries.ForgeRegistry/REGISTRIES]: Registry minecraft:item: Fixed minecraft:item id mismatch curios:ring: 1342 (init) -> 1356 (map).
[20Sep2026 21:12:31.833] [Render thread/DEBUG] [net.minecraftforge.registries.ForgeRegistry/REGISTRIES]: Registry minecraft:item: Fixed minecraft:item id mismatch kazimod:awakening_essence: 1700 (init) -> 1350 (map).
[20Sep2026 21:12:31.833] [Render thread/DEBUG] [net.minecraftforge.registries.ForgeRegistry/REGISTRIES]: Registry minecraft:item: Fixed minecraft:item id mismatch kazimod:custom_coarse_dirt: 1707 (init) -> 1706 (map).
[20Sep2026 21:12:31.833] [Render thread/DEBUG] [net.minecraftforge.registries.ForgeRegistry/REGISTRIES]: Registry minecraft:item: Fixed minecraft:item id mismatch kazimod:custom_coarse_sand: 1708 (init) -> 1707 (map).
[20Sep2026 21:12:31.833] [Render thread/DEBUG] [net.minecraftforge.registries.ForgeRegistry/REGISTRIES]: Registry minecraft:item: Fixed minecraft:item id mismatch kazimod:kake_kake_no_mi: 1696 (init) -> 1346 (map).
[20Sep2026 21:12:31.833] [Render thread/DEBUG] [net.minecraftforge.registries.ForgeRegistry/REGISTRIES]: Registry minecraft:item: Fixed minecraft:item id mismatch kazimod:kanshou_bakuya: 1702 (init) -> 1710 (map).
[20Sep2026 21:12:31.833] [Render thread/DEBUG] [net.minecraftforge.registries.ForgeRegistry/REGISTRIES]: Registry minecraft:item: Fixed minecraft:item id mismatch kazimod:koku_koku_no_mi: 1695 (init) -> 1345 (map).
[20Sep2026 21:12:31.833] [Render thread/DEBUG] [net.minecraftforge.registries.ForgeRegistry/REGISTRIES]: Registry minecraft:item: Fixed minecraft:item id mismatch kazimod:kyoka_kyoka_no_mi: 1698 (init) -> 1348 (map).
[20Sep2026 21:12:31.833] [Render thread/DEBUG] [net.minecraftforge.registries.ForgeRegistry/REGISTRIES]: Registry minecraft:item: Fixed minecraft:item id mismatch kazimod:nusu_nusu_no_mi: 1697 (init) -> 1347 (map).
[20Sep2026 21:12:31.833] [Render thread/DEBUG] [net.minecraftforge.registries.ForgeRegistry/REGISTRIES]: Registry minecraft:item: Fixed minecraft:item id mismatch kazimod:reality_marble_gear: 1709 (init) -> 1708 (map).
[20Sep2026 21:12:31.833] [Render thread/DEBUG] [net.minecraftforge.registries.ForgeRegistry/REGISTRIES]: Registry minecraft:item: Fixed minecraft:item id mismatch kazimod:reality_marble_mugen_gear: 1710 (init) -> 1709 (map).
[20Sep2026 21:12:31.833] [Render thread/DEBUG] [net.minecraftforge.registries.ForgeRegistry/REGISTRIES]: Registry minecraft:item: Fixed minecraft:item id mismatch kazimod:shadow_axe: 1706 (init) -> 1355 (map).
[20Sep2026 21:12:31.833] [Render thread/DEBUG] [net.minecraftforge.registries.ForgeRegistry/REGISTRIES]: Registry minecraft:item: Fixed minecraft:item id mismatch kazimod:shadow_knife: 1704 (init) -> 1353 (map).
[20Sep2026 21:12:31.833] [Render thread/DEBUG] [net.minecraftforge.registries.ForgeRegistry/REGISTRIES]: Registry minecraft:item: Fixed minecraft:item id mismatch kazimod:shadow_mace: 1703 (init) -> 1352 (map).
[20Sep2026 21:12:31.833] [Render thread/DEBUG] [net.minecraftforge.registries.ForgeRegistry/REGISTRIES]: Registry minecraft:item: Fixed minecraft:item id mismatch kazimod:shadow_spear: 1705 (init) -> 1354 (map).
[20Sep2026 21:12:31.833] [Render thread/DEBUG] [net.minecraftforge.registries.ForgeRegistry/REGISTRIES]: Registry minecraft:item: Fixed minecraft:item id mismatch kazimod:shadow_sword: 1701 (init) -> 1351 (map).
[20Sep2026 21:12:31.833] [Render thread/DEBUG] [net.minecraftforge.registries.ForgeRegistry/REGISTRIES]: Registry minecraft:item: Fixed minecraft:item id mismatch kazimod:skill_book: 1699 (init) -> 1349 (map).
[20Sep2026 21:12:31.833] [Render thread/DEBUG] [net.minecraftforge.registries.ForgeRegistry/REGISTRIES]: Registry minecraft:item: Fixed minecraft:item id mismatch kazimod:tenki_tenki_no_mi: 1694 (init) -> 1344 (map).
[20Sep2026 21:12:31.833] [Render thread/DEBUG] [net.minecraftforge.registries.ForgeRegistry/REGISTRIES]: Registry minecraft:item: Fixed minecraft:item id mismatch kazimod:toki_toki_no_mi: 1693 (init) -> 1343 (map).
[20Sep2026 21:12:31.833] [Render thread/DEBUG] [net.minecraftforge.registries.ForgeRegistry/REGISTRIES]: Registry minecraft:item: Fixed minecraft:item id mismatch kazimod:toshi_toshi_no_mi: 1692 (init) -> 1342 (map).
[20Sep2026 21:12:31.837] [Render thread/DEBUG] [net.minecraftforge.registries.ForgeRegistry/REGISTRIES]: Registry minecraft:item: Fixed minecraft:item id mismatch mineminenomi:awa_awa_no_mi: 1266 (init) -> 1261 (map).
[20Sep2026 21:12:31.838] [Render thread/DEBUG] [net.minecraftforge.registries.ForgeRegistry/REGISTRIES]: Registry minecraft:item: Fixed minecraft:item id mismatch mineminenomi:axe_dial: 1210 (init) -> 1211 (map).
[20Sep2026 21:12:31.838] [Render thread/DEBUG] [net.minecraftforge.registries.ForgeRegistry/REGISTRIES]: Registry minecraft:item: Fixed minecraft:item id mismatch mineminenomi:baku_baku_no_mi: 1275 (init) -> 1267 (map).
[20Sep2026 21:12:31.838] [Render thread/DEBUG] [net.minecraftforge.registries.ForgeRegistry/REGISTRIES]: Registry minecraft:item: Fixed minecraft:item id mismatch mineminenomi:bane_bane_no_mi: 1297 (init) -> 1288 (map).
[20Sep2026 21:12:31.838] [Render thread/DEBUG] [net.minecraftforge.registries.ForgeRegistry/REGISTRIES]: Registry minecraft:item: Fixed minecraft:item id mismatch mineminenomi:bari_bari_no_mi: 1286 (init) -> 1276 (map).
[20Sep2026 21:12:31.838] [Render thread/DEBUG] [net.minecraftforge.registries.ForgeRegistry/REGISTRIES]: Registry minecraft:item: Fixed minecraft:item id mismatch mineminenomi:beta_beta_no_mi: 1253 (init) -> 1252 (map).
[20Sep2026 21:12:31.838] [Render thread/DEBUG] [net.minecraftforge.registries.ForgeRegistry/REGISTRIES]: Registry minecraft:item: Fixed minecraft:item id mismatch mineminenomi:bomu_bomu_no_mi: 1290 (init) -> 1284 (map).
[20Sep2026 21:12:31.838] [Render thread/DEBUG] [net.minecraftforge.registries.ForgeRegistry/REGISTRIES]: Registry minecraft:item: Fixed minecraft:item id mismatch mineminenomi:breath_dial: 1213 (init) -> 1214 (map).
[20Sep2026 21:12:31.838] [Render thread/DEBUG] [net.minecraftforge.registries.ForgeRegistry/REGISTRIES]: Registry minecraft:item: Fixed minecraft:item id mismatch mineminenomi:cannon: 1204 (init) -> 1205 (map).
[20Sep2026 21:12:31.838] [Render thread/DEBUG] [net.minecraftforge.registries.ForgeRegistry/REGISTRIES]: Registry minecraft:item: Fixed minecraft:item id mismatch mineminenomi:challenge_air: 1208 (init) -> 1209 (map).
[20Sep2026 21:12:31.838] [Render thread/DEBUG] [net.minecraftforge.registries.ForgeRegistry/REGISTRIES]: Registry minecraft:item: Fixed minecraft:item id mismatch mineminenomi:chiyu_chiyu_no_mi: 1256 (init) -> 1259 (map).
[20Sep2026 21:12:31.838] [Render thread/DEBUG] [net.minecraftforge.registries.ForgeRegistry/REGISTRIES]: Registry minecraft:item: Fixed minecraft:item id mismatch mineminenomi:deka_deka_no_mi: 1289 (init) -> 1294 (map).
[20Sep2026 21:12:31.838] [Render thread/DEBUG] [net.minecraftforge.registries.ForgeRegistry/REGISTRIES]: Registry minecraft:item: Fixed minecraft:item id mismatch mineminenomi:design_barrel: 1206 (init) -> 1207 (map).
[20Sep2026 21:12:31.838] [Render thread/DEBUG] [net.minecraftforge.registries.ForgeRegistry/REGISTRIES]: Registry minecraft:item: Fixed minecraft:item id mismatch mineminenomi:doa_doa_no_mi: 1270 (init) -> 1264 (map).
[20Sep2026 21:12:31.838] [Render thread/DEBUG] [net.minecraftforge.registries.ForgeRegistry/REGISTRIES]: Registry minecraft:item: Fixed minecraft:item id mismatch mineminenomi:doku_doku_no_mi: 1237 (init) -> 1241 (map).
[20Sep2026 21:12:31.838] [Render thread/DEBUG] [net.minecraftforge.registries.ForgeRegistry/REGISTRIES]: Registry minecraft:item: Fixed minecraft:item id mismatch mineminenomi:doru_doru_no_mi: 1293 (init) -> 1297 (map).
[20Sep2026 21:12:31.838] [Render thread/DEBUG] [net.minecraftforge.registries.ForgeRegistry/REGISTRIES]: Registry minecraft:item: Fixed minecraft:item id mismatch mineminenomi:eisen_dial: 1214 (init) -> 1215 (map).
[20Sep2026 21:12:31.838] [Render thread/DEBUG] [net.minecraftforge.registries.ForgeRegistry/REGISTRIES]: Registry minecraft:item: Fixed minecraft:item id mismatch mineminenomi:flag: 1209 (init) -> 1210 (map).
[20Sep2026 21:12:31.838] [Render thread/DEBUG] [net.minecraftforge.registries.ForgeRegistry/REGISTRIES]: Registry minecraft:item: Fixed minecraft:item id mismatch mineminenomi:flame_dial: 1216 (init) -> 1217 (map).
[20Sep2026 21:12:31.838] [Render thread/DEBUG] [net.minecraftforge.registries.ForgeRegistry/REGISTRIES]: Registry minecraft:item: Fixed minecraft:item id mismatch mineminenomi:flash_dial: 1212 (init) -> 1213 (map).
[20Sep2026 21:12:31.838] [Render thread/DEBUG] [net.minecraftforge.registries.ForgeRegistry/REGISTRIES]: Registry minecraft:item: Fixed minecraft:item id mismatch mineminenomi:gasu_gasu_no_mi: 1285 (init) -> 1291 (map).
[20Sep2026 21:12:31.838] [Render thread/DEBUG] [net.minecraftforge.registries.ForgeRegistry/REGISTRIES]: Registry minecraft:item: Fixed minecraft:item id mismatch mineminenomi:goe_goe_no_mi: 1255 (init) -> 1258 (map).
[20Sep2026 21:12:31.838] [Render thread/DEBUG] [net.minecraftforge.registries.ForgeRegistry/REGISTRIES]: Registry minecraft:item: Fixed minecraft:item id mismatch mineminenomi:gomu_gomu_no_mi: 1296 (init) -> 1287 (map).
[20Sep2026 21:12:31.838] [Render thread/DEBUG] [net.minecraftforge.registries.ForgeRegistry/REGISTRIES]: Registry minecraft:item: Fixed minecraft:item id mismatch mineminenomi:goro_goro_no_mi: 1249 (init) -> 1254 (map).
[20Sep2026 21:12:31.838] [Render thread/DEBUG] [net.minecraftforge.registries.ForgeRegistry/REGISTRIES]: Registry minecraft:item: Fixed minecraft:item id mismatch mineminenomi:gura_gura_no_mi: 1242 (init) -> 1244 (map).
[20Sep2026 21:12:31.838] [Render thread/DEBUG] [net.minecraftforge.registries.ForgeRegistry/REGISTRIES]: Registry minecraft:item: Fixed minecraft:item id mismatch mineminenomi:hana_hana_no_mi: 1250 (init) -> 1249 (map).
[20Sep2026 21:12:31.838] [Render thread/DEBUG] [net.minecraftforge.registries.ForgeRegistry/REGISTRIES]: Registry minecraft:item: Fixed minecraft:item id mismatch mineminenomi:hie_hie_no_mi: 1277 (init) -> 1289 (map).
[20Sep2026 21:12:31.838] [Render thread/DEBUG] [net.minecraftforge.registries.ForgeRegistry/REGISTRIES]: Registry minecraft:item: Fixed minecraft:item id mismatch mineminenomi:hiso_hiso_no_mi: 1251 (init) -> 1250 (map).
[20Sep2026 21:12:31.838] [Render thread/DEBUG] [net.minecraftforge.registries.ForgeRegistry/REGISTRIES]: Registry minecraft:item: Fixed minecraft:item id mismatch mineminenomi:hito_hito_no_mi: 1236 (init) -> 1235 (map).
[20Sep2026 21:12:31.838] [Render thread/DEBUG] [net.minecraftforge.registries.ForgeRegistry/REGISTRIES]: Registry minecraft:item: Fixed minecraft:item id mismatch mineminenomi:horo_horo_no_mi: 1283 (init) -> 1273 (map).
[20Sep2026 21:12:31.838] [Render thread/DEBUG] [net.minecraftforge.registries.ForgeRegistry/REGISTRIES]: Registry minecraft:item: Fixed minecraft:item id mismatch mineminenomi:horu_horu_no_mi: 1276 (init) -> 1268 (map).
[20Sep2026 21:12:31.838] [Render thread/DEBUG] [net.minecraftforge.registries.ForgeRegistry/REGISTRIES]: Registry minecraft:item: Fixed minecraft:item id mismatch mineminenomi:impact_dial: 1211 (init) -> 1212 (map).
[20Sep2026 21:12:31.838] [Render thread/DEBUG] [net.minecraftforge.registries.ForgeRegistry/REGISTRIES]: Registry minecraft:item: Fixed minecraft:item id mismatch mineminenomi:ito_ito_no_mi: 1288 (init) -> 1293 (map).
[20Sep2026 21:12:31.838] [Render thread/DEBUG] [net.minecraftforge.registries.ForgeRegistry/REGISTRIES]: Registry minecraft:item: Fixed minecraft:item id mismatch mineminenomi:jiki_jiki_no_mi: 1261 (init) -> 1277 (map).
[20Sep2026 21:12:31.838] [Render thread/DEBUG] [net.minecraftforge.registries.ForgeRegistry/REGISTRIES]: Registry minecraft:item: Fixed minecraft:item id mismatch mineminenomi:kachi_kachi_no_mi: 1269 (init) -> 1263 (map).
[20Sep2026 21:12:31.838] [Render thread/DEBUG] [net.minecraftforge.registries.ForgeRegistry/REGISTRIES]: Registry minecraft:item: Fixed minecraft:item id mismatch mineminenomi:kage_kage_no_mi: 1287 (init) -> 1292 (map).
[20Sep2026 21:12:31.839] [Render thread/DEBUG] [net.minecraftforge.registries.ForgeRegistry/REGISTRIES]: Registry minecraft:item: Fixed minecraft:item id mismatch mineminenomi:karu_karu_no_mi: 1244 (init) -> 1243 (map).
[20Sep2026 21:12:31.839] [Render thread/DEBUG] [net.minecraftforge.registries.ForgeRegistry/REGISTRIES]: Registry minecraft:item: Fixed minecraft:item id mismatch mineminenomi:kilo_kilo_no_mi: 1279 (init) -> 1269 (map).
[20Sep2026 21:12:31.839] [Render thread/DEBUG] [net.minecraftforge.registries.ForgeRegistry/REGISTRIES]: Registry minecraft:item: Fixed minecraft:item id mismatch mineminenomi:kuku_kuku_no_mi: 1252 (init) -> 1251 (map).
[20Sep2026 21:12:31.839] [Render thread/DEBUG] [net.minecraftforge.registries.ForgeRegistry/REGISTRIES]: Registry minecraft:item: Fixed minecraft:item id mismatch mineminenomi:magu_magu_no_mi: 1234 (init) -> 1238 (map).
[20Sep2026 21:12:31.839] [Render thread/DEBUG] [net.minecraftforge.registries.ForgeRegistry/REGISTRIES]: Registry minecraft:item: Fixed minecraft:item id mismatch mineminenomi:mane_mane_no_mi: 1243 (init) -> 1242 (map).
[20Sep2026 21:12:31.839] [Render thread/DEBUG] [net.minecraftforge.registries.ForgeRegistry/REGISTRIES]: Registry minecraft:item: Fixed minecraft:item id mismatch mineminenomi:mangrove_log: 1218 (init) -> 1219 (map).
[20Sep2026 21:12:31.839] [Render thread/DEBUG] [net.minecraftforge.registries.ForgeRegistry/REGISTRIES]: Registry minecraft:item: Fixed minecraft:item id mismatch mineminenomi:mera_mera_no_mi: 1291 (init) -> 1295 (map).
[20Sep2026 21:12:31.839] [Render thread/DEBUG] [net.minecraftforge.registries.ForgeRegistry/REGISTRIES]: Registry minecraft:item: Fixed minecraft:item id mismatch mineminenomi:mero_mero_no_mi: 1280 (init) -> 1270 (map).
[20Sep2026 21:12:31.839] [Render thread/DEBUG] [net.minecraftforge.registries.ForgeRegistry/REGISTRIES]: Registry minecraft:item: Fixed minecraft:item id mismatch mineminenomi:milky_dial: 1215 (init) -> 1216 (map).
[20Sep2026 21:12:31.839] [Render thread/DEBUG] [net.minecraftforge.registries.ForgeRegistry/REGISTRIES]: Registry minecraft:item: Fixed minecraft:item id mismatch mineminenomi:mini_mini_no_mi: 1263 (init) -> 1279 (map).
[20Sep2026 21:12:31.839] [Render thread/DEBUG] [net.minecraftforge.registries.ForgeRegistry/REGISTRIES]: Registry minecraft:item: Fixed minecraft:item id mismatch mineminenomi:mogu_mogu_no_mi: 1239 (init) -> 1237 (map).
[20Sep2026 21:12:31.839] [Render thread/DEBUG] [net.minecraftforge.registries.ForgeRegistry/REGISTRIES]: Registry minecraft:item: Fixed minecraft:item id mismatch mineminenomi:moku_moku_no_mi: 1219 (init) -> 1204 (map).
[20Sep2026 21:12:31.839] [Render thread/DEBUG] [net.minecraftforge.registries.ForgeRegistry/REGISTRIES]: Registry minecraft:item: Fixed minecraft:item id mismatch mineminenomi:nagi_nagi_no_mi: 1254 (init) -> 1253 (map).
[20Sep2026 21:12:31.839] [Render thread/DEBUG] [net.minecraftforge.registries.ForgeRegistry/REGISTRIES]: Registry minecraft:item: Fixed minecraft:item id mismatch mineminenomi:netsu_netsu_no_mi: 1259 (init) -> 1256 (map).
[20Sep2026 21:12:31.839] [Render thread/DEBUG] [net.minecraftforge.registries.ForgeRegistry/REGISTRIES]: Registry minecraft:item: Fixed minecraft:item id mismatch mineminenomi:nikyu_nikyu_no_mi: 1257 (init) -> 1260 (map).
[20Sep2026 21:12:31.839] [Render thread/DEBUG] [net.minecraftforge.registries.ForgeRegistry/REGISTRIES]: Registry minecraft:item: Fixed minecraft:item id mismatch mineminenomi:noro_noro_no_mi: 1294 (init) -> 1285 (map).
[20Sep2026 21:12:31.839] [Render thread/DEBUG] [net.minecraftforge.registries.ForgeRegistry/REGISTRIES]: Registry minecraft:item: Fixed minecraft:item id mismatch mineminenomi:oil_spill: 1205 (init) -> 1206 (map).
[20Sep2026 21:12:31.839] [Render thread/DEBUG] [net.minecraftforge.registries.ForgeRegistry/REGISTRIES]: Registry minecraft:item: Fixed minecraft:item id mismatch mineminenomi:ope_ope_no_mi: 1272 (init) -> 1282 (map).
[20Sep2026 21:12:31.839] [Render thread/DEBUG] [net.minecraftforge.registries.ForgeRegistry/REGISTRIES]: Registry minecraft:item: Fixed minecraft:item id mismatch mineminenomi:ori_ori_no_mi: 1281 (init) -> 1271 (map).
[20Sep2026 21:12:31.839] [Render thread/DEBUG] [net.minecraftforge.registries.ForgeRegistry/REGISTRIES]: Registry minecraft:item: Fixed minecraft:item id mismatch mineminenomi:oto_oto_no_mi: 1264 (init) -> 1280 (map).
[20Sep2026 21:12:31.839] [Render thread/DEBUG] [net.minecraftforge.registries.ForgeRegistry/REGISTRIES]: Registry minecraft:item: Fixed minecraft:item id mismatch mineminenomi:pero_pero_no_mi: 1258 (init) -> 1255 (map).
[20Sep2026 21:12:31.839] [Render thread/DEBUG] [net.minecraftforge.registries.ForgeRegistry/REGISTRIES]: Registry minecraft:item: Fixed minecraft:item id mismatch mineminenomi:pika_pika_no_mi: 1229 (init) -> 1228 (map).
[20Sep2026 21:12:31.840] [Render thread/DEBUG] [net.minecraftforge.registries.ForgeRegistry/REGISTRIES]: Registry minecraft:item: Fixed minecraft:item id mismatch mineminenomi:reject_dial: 1217 (init) -> 1218 (map).
[20Sep2026 21:12:31.840] [Render thread/DEBUG] [net.minecraftforge.registries.ForgeRegistry/REGISTRIES]: Registry minecraft:item: Fixed minecraft:item id mismatch mineminenomi:ryu_ryu_no_mi_model_allosaurus: 1292 (init) -> 1296 (map).
[20Sep2026 21:12:31.840] [Render thread/DEBUG] [net.minecraftforge.registries.ForgeRegistry/REGISTRIES]: Registry minecraft:item: Fixed minecraft:item id mismatch mineminenomi:ryu_ryu_no_mi_model_brachiosaurus: 1273 (init) -> 1283 (map).
[20Sep2026 21:12:31.840] [Render thread/DEBUG] [net.minecraftforge.registries.ForgeRegistry/REGISTRIES]: Registry minecraft:item: Fixed minecraft:item id mismatch mineminenomi:ryu_ryu_no_mi_model_pteranodon: 1262 (init) -> 1278 (map).
[20Sep2026 21:12:31.840] [Render thread/DEBUG] [net.minecraftforge.registries.ForgeRegistry/REGISTRIES]: Registry minecraft:item: Fixed minecraft:item id mismatch mineminenomi:sabi_sabi_no_mi: 1271 (init) -> 1265 (map).
[20Sep2026 21:12:31.840] [Render thread/DEBUG] [net.minecraftforge.registries.ForgeRegistry/REGISTRIES]: Registry minecraft:item: Fixed minecraft:item id mismatch mineminenomi:sai_sai_no_mi: 1228 (init) -> 1229 (map).
[20Sep2026 21:12:31.840] [Render thread/DEBUG] [net.minecraftforge.registries.ForgeRegistry/REGISTRIES]: Registry minecraft:item: Fixed minecraft:item id mismatch mineminenomi:sara_sara_no_mi_model_axolotl: 1267 (init) -> 1281 (map).
[20Sep2026 21:12:31.840] [Render thread/DEBUG] [net.minecraftforge.registries.ForgeRegistry/REGISTRIES]: Registry minecraft:item: Fixed minecraft:item id mismatch mineminenomi:structure_air: 1207 (init) -> 1208 (map).
[20Sep2026 21:12:31.840] [Render thread/DEBUG] [net.minecraftforge.registries.ForgeRegistry/REGISTRIES]: Registry minecraft:item: Fixed minecraft:item id mismatch mineminenomi:sui_sui_no_mi: 1265 (init) -> 1257 (map).
[20Sep2026 21:12:31.840] [Render thread/DEBUG] [net.minecraftforge.registries.ForgeRegistry/REGISTRIES]: Registry minecraft:item: Fixed minecraft:item id mismatch mineminenomi:suke_suke_no_mi: 1295 (init) -> 1286 (map).
[20Sep2026 21:12:31.840] [Render thread/DEBUG] [net.minecraftforge.registries.ForgeRegistry/REGISTRIES]: Registry minecraft:item: Fixed minecraft:item id mismatch mineminenomi:suna_suna_no_mi: 1260 (init) -> 1274 (map).
[20Sep2026 21:12:31.840] [Render thread/DEBUG] [net.minecraftforge.registries.ForgeRegistry/REGISTRIES]: Registry minecraft:item: Fixed minecraft:item id mismatch mineminenomi:supa_supa_no_mi: 1282 (init) -> 1272 (map).
[20Sep2026 21:12:31.840] [Render thread/DEBUG] [net.minecraftforge.registries.ForgeRegistry/REGISTRIES]: Registry minecraft:item: Fixed minecraft:item id mismatch mineminenomi:ushi_ushi_no_mi_model_bison: 1240 (init) -> 1239 (map).
[20Sep2026 21:12:31.840] [Render thread/DEBUG] [net.minecraftforge.registries.ForgeRegistry/REGISTRIES]: Registry minecraft:item: Fixed minecraft:item id mismatch mineminenomi:ushi_ushi_no_mi_model_giraffe: 1238 (init) -> 1236 (map).
[20Sep2026 21:12:31.840] [Render thread/DEBUG] [net.minecraftforge.registries.ForgeRegistry/REGISTRIES]: Registry minecraft:item: Fixed minecraft:item id mismatch mineminenomi:wara_wara_no_mi: 1268 (init) -> 1262 (map).
[20Sep2026 21:12:31.840] [Render thread/DEBUG] [net.minecraftforge.registries.ForgeRegistry/REGISTRIES]: Registry minecraft:item: Fixed minecraft:item id mismatch mineminenomi:yomi_yomi_no_mi: 1274 (init) -> 1266 (map).
[20Sep2026 21:12:31.840] [Render thread/DEBUG] [net.minecraftforge.registries.ForgeRegistry/REGISTRIES]: Registry minecraft:item: Fixed minecraft:item id mismatch mineminenomi:yuki_yuki_no_mi: 1278 (init) -> 1290 (map).
[20Sep2026 21:12:31.840] [Render thread/DEBUG] [net.minecraftforge.registries.ForgeRegistry/REGISTRIES]: Registry minecraft:item: Fixed minecraft:item id mismatch mineminenomi:zou_zou_no_mi: 1241 (init) -> 1240 (map).
[20Sep2026 21:12:31.840] [Render thread/DEBUG] [net.minecraftforge.registries.ForgeRegistry/REGISTRIES]: Registry minecraft:item: Fixed minecraft:item id mismatch mineminenomi:zou_zou_no_mi_model_mammoth: 1235 (init) -> 1234 (map).
[20Sep2026 21:12:31.840] [Render thread/DEBUG] [net.minecraftforge.registries.ForgeRegistry/REGISTRIES]: Registry minecraft:item: Fixed minecraft:item id mismatch mineminenomi:zushi_zushi_no_mi: 1284 (init) -> 1275 (map).
[20Sep2026 21:12:31.841] [Render thread/DEBUG] [net.minecraftforge.registries.ForgeRegistry/REGISTRIES]: Registry minecraft:mob_effect: Fixed minecraft:mob_effect id mismatch cartaddon:absinthe: 140 (init) -> 146 (map).
[20Sep2026 21:12:31.841] [Render thread/DEBUG] [net.minecraftforge.registries.ForgeRegistry/REGISTRIES]: Registry minecraft:mob_effect: Fixed minecraft:mob_effect id mismatch cartaddon:adreneline_overuse_disease: 127 (init) -> 133 (map).
[20Sep2026 21:12:31.841] [Render thread/DEBUG] [net.minecraftforge.registries.ForgeRegistry/REGISTRIES]: Registry minecraft:mob_effect: Fixed minecraft:mob_effect id mismatch cartaddon:aged: 137 (init) -> 143 (map).
[20Sep2026 21:12:31.841] [Render thread/DEBUG] [net.minecraftforge.registries.ForgeRegistry/REGISTRIES]: Registry minecraft:mob_effect: Fixed minecraft:mob_effect id mismatch cartaddon:anti_body_adreneline_overuse_disease: 126 (init) -> 132 (map).
[20Sep2026 21:12:31.841] [Render thread/DEBUG] [net.minecraftforge.registries.ForgeRegistry/REGISTRIES]: Registry minecraft:mob_effect: Fixed minecraft:mob_effect id mismatch cartaddon:anti_body_disruption_disease: 134 (init) -> 140 (map).
[20Sep2026 21:12:31.841] [Render thread/DEBUG] [net.minecraftforge.registries.ForgeRegistry/REGISTRIES]: Registry minecraft:mob_effect: Fixed minecraft:mob_effect id mismatch cartaddon:anti_body_new_plague: 128 (init) -> 134 (map).
[20Sep2026 21:12:31.841] [Render thread/DEBUG] [net.minecraftforge.registries.ForgeRegistry/REGISTRIES]: Registry minecraft:mob_effect: Fixed minecraft:mob_effect id mismatch cartaddon:anti_body_onna_ni_naru_byo: 124 (init) -> 130 (map).
[20Sep2026 21:12:31.841] [Render thread/DEBUG] [net.minecraftforge.registries.ForgeRegistry/REGISTRIES]: Registry minecraft:mob_effect: Fixed minecraft:mob_effect id mismatch cartaddon:anti_body_pestilence_disease: 130 (init) -> 136 (map).
[20Sep2026 21:12:31.841] [Render thread/DEBUG] [net.minecraftforge.registries.ForgeRegistry/REGISTRIES]: Registry minecraft:mob_effect: Fixed minecraft:mob_effect id mismatch cartaddon:anti_body_regeneration_disease: 132 (init) -> 138 (map).
[20Sep2026 21:12:31.841] [Render thread/DEBUG] [net.minecraftforge.registries.ForgeRegistry/REGISTRIES]: Registry minecraft:mob_effect: Fixed minecraft:mob_effect id mismatch cartaddon:beer: 139 (init) -> 145 (map).
[20Sep2026 21:12:31.841] [Render thread/DEBUG] [net.minecraftforge.registries.ForgeRegistry/REGISTRIES]: Registry minecraft:mob_effect: Fixed minecraft:mob_effect id mismatch cartaddon:brandy: 141 (init) -> 147 (map).
[20Sep2026 21:12:31.841] [Render thread/DEBUG] [net.minecraftforge.registries.ForgeRegistry/REGISTRIES]: Registry minecraft:mob_effect: Fixed minecraft:mob_effect id mismatch cartaddon:burnt: 111 (init) -> 117 (map).
[20Sep2026 21:12:31.841] [Render thread/DEBUG] [net.minecraftforge.registries.ForgeRegistry/REGISTRIES]: Registry minecraft:mob_effect: Fixed minecraft:mob_effect id mismatch cartaddon:butter: 159 (init) -> 165 (map).
[20Sep2026 21:12:31.841] [Render thread/DEBUG] [net.minecraftforge.registries.ForgeRegistry/REGISTRIES]: Registry minecraft:mob_effect: Fixed minecraft:mob_effect id mismatch cartaddon:cognac: 142 (init) -> 148 (map).
[20Sep2026 21:12:31.841] [Render thread/DEBUG] [net.minecraftforge.registries.ForgeRegistry/REGISTRIES]: Registry minecraft:mob_effect: Fixed minecraft:mob_effect id mismatch cartaddon:contagion_cure: 123 (init) -> 129 (map).
[20Sep2026 21:12:31.841] [Render thread/DEBUG] [net.minecraftforge.registries.ForgeRegistry/REGISTRIES]: Registry minecraft:mob_effect: Fixed minecraft:mob_effect id mismatch cartaddon:dagger_invisibility: 145 (init) -> 151 (map).
[20Sep2026 21:12:31.841] [Render thread/DEBUG] [net.minecraftforge.registries.ForgeRegistry/REGISTRIES]: Registry minecraft:mob_effect: Fixed minecraft:mob_effect id mismatch cartaddon:disabled_abilities: 116 (init) -> 122 (map).
[20Sep2026 21:12:31.841] [Render thread/DEBUG] [net.minecraftforge.registries.ForgeRegistry/REGISTRIES]: Registry minecraft:mob_effect: Fixed minecraft:mob_effect id mismatch cartaddon:disoriented: 160 (init) -> 166 (map).
[20Sep2026 21:12:31.841] [Render thread/DEBUG] [net.minecraftforge.registries.ForgeRegistry/REGISTRIES]: Registry minecraft:mob_effect: Fixed minecraft:mob_effect id mismatch cartaddon:disruption_disease: 135 (init) -> 141 (map).
[20Sep2026 21:12:31.841] [Render thread/DEBUG] [net.minecraftforge.registries.ForgeRegistry/REGISTRIES]: Registry minecraft:mob_effect: Fixed minecraft:mob_effect id mismatch cartaddon:divine_blessing: 114 (init) -> 120 (map).
[20Sep2026 21:12:31.841] [Render thread/DEBUG] [net.minecraftforge.registries.ForgeRegistry/REGISTRIES]: Registry minecraft:mob_effect: Fixed minecraft:mob_effect id mismatch cartaddon:energy_steroid: 119 (init) -> 125 (map).
[20Sep2026 21:12:31.841] [Render thread/DEBUG] [net.minecraftforge.registries.ForgeRegistry/REGISTRIES]: Registry minecraft:mob_effect: Fixed minecraft:mob_effect id mismatch cartaddon:flame_blessing: 152 (init) -> 158 (map).
[20Sep2026 21:12:31.841] [Render thread/DEBUG] [net.minecraftforge.registries.ForgeRegistry/REGISTRIES]: Registry minecraft:mob_effect: Fixed minecraft:mob_effect id mismatch cartaddon:golden_statue: 106 (init) -> 112 (map).
[20Sep2026 21:12:31.841] [Render thread/DEBUG] [net.minecraftforge.registries.ForgeRegistry/REGISTRIES]: Registry minecraft:mob_effect: Fixed minecraft:mob_effect id mismatch cartaddon:hardened_guts: 117 (init) -> 123 (map).
[20Sep2026 21:12:31.841] [Render thread/DEBUG] [net.minecraftforge.registries.ForgeRegistry/REGISTRIES]: Registry minecraft:mob_effect: Fixed minecraft:mob_effect id mismatch cartaddon:heavy_bleeding: 144 (init) -> 150 (map).
[20Sep2026 21:12:31.841] [Render thread/DEBUG] [net.minecraftforge.registries.ForgeRegistry/REGISTRIES]: Registry minecraft:mob_effect: Fixed minecraft:mob_effect id mismatch cartaddon:hebi_venom: 153 (init) -> 159 (map).
[20Sep2026 21:12:31.841] [Render thread/DEBUG] [net.minecraftforge.registries.ForgeRegistry/REGISTRIES]: Registry minecraft:mob_effect: Fixed minecraft:mob_effect id mismatch cartaddon:high_altitude_acclimatization: 118 (init) -> 124 (map).
[20Sep2026 21:12:31.841] [Render thread/DEBUG] [net.minecraftforge.registries.ForgeRegistry/REGISTRIES]: Registry minecraft:mob_effect: Fixed minecraft:mob_effect id mismatch cartaddon:ice_skating: 120 (init) -> 126 (map).
[20Sep2026 21:12:31.841] [Render thread/DEBUG] [net.minecraftforge.registries.ForgeRegistry/REGISTRIES]: Registry minecraft:mob_effect: Fixed minecraft:mob_effect id mismatch cartaddon:jogo: 108 (init) -> 114 (map).
[20Sep2026 21:12:31.841] [Render thread/DEBUG] [net.minecraftforge.registries.ForgeRegistry/REGISTRIES]: Registry minecraft:mob_effect: Fixed minecraft:mob_effect id mismatch cartaddon:marked: 149 (init) -> 155 (map).
[20Sep2026 21:12:31.841] [Render thread/DEBUG] [net.minecraftforge.registries.ForgeRegistry/REGISTRIES]: Registry minecraft:mob_effect: Fixed minecraft:mob_effect id mismatch cartaddon:mochi_block: 151 (init) -> 157 (map).
[20Sep2026 21:12:31.841] [Render thread/DEBUG] [net.minecraftforge.registries.ForgeRegistry/REGISTRIES]: Registry minecraft:mob_effect: Fixed minecraft:mob_effect id mismatch cartaddon:mochi_covered: 148 (init) -> 154 (map).
[20Sep2026 21:12:31.841] [Render thread/DEBUG] [net.minecraftforge.registries.ForgeRegistry/REGISTRIES]: Registry minecraft:mob_effect: Fixed minecraft:mob_effect id mismatch cartaddon:new_plague: 129 (init) -> 135 (map).
[20Sep2026 21:12:31.841] [Render thread/DEBUG] [net.minecraftforge.registries.ForgeRegistry/REGISTRIES]: Registry minecraft:mob_effect: Fixed minecraft:mob_effect id mismatch cartaddon:note_restraint: 161 (init) -> 167 (map).
[20Sep2026 21:12:31.841] [Render thread/DEBUG] [net.minecraftforge.registries.ForgeRegistry/REGISTRIES]: Registry minecraft:mob_effect: Fixed minecraft:mob_effect id mismatch cartaddon:onna_ni_naru_byo: 125 (init) -> 131 (map).
[20Sep2026 21:12:31.841] [Render thread/DEBUG] [net.minecraftforge.registries.ForgeRegistry/REGISTRIES]: Registry minecraft:mob_effect: Fixed minecraft:mob_effect id mismatch cartaddon:orochi_headless: 155 (init) -> 161 (map).
[20Sep2026 21:12:31.841] [Render thread/DEBUG] [net.minecraftforge.registries.ForgeRegistry/REGISTRIES]: Registry minecraft:mob_effect: Fixed minecraft:mob_effect id mismatch cartaddon:orochi_heads: 154 (init) -> 160 (map).
[20Sep2026 21:12:31.841] [Render thread/DEBUG] [net.minecraftforge.registries.ForgeRegistry/REGISTRIES]: Registry minecraft:mob_effect: Fixed minecraft:mob_effect id mismatch cartaddon:oshizumaria: 136 (init) -> 142 (map).
[20Sep2026 21:12:31.841] [Render thread/DEBUG] [net.minecraftforge.registries.ForgeRegistry/REGISTRIES]: Registry minecraft:mob_effect: Fixed minecraft:mob_effect id mismatch cartaddon:overgrown: 107 (init) -> 113 (map).
[20Sep2026 21:12:31.841] [Render thread/DEBUG] [net.minecraftforge.registries.ForgeRegistry/REGISTRIES]: Registry minecraft:mob_effect: Fixed minecraft:mob_effect id mismatch cartaddon:paralysis_poison: 143 (init) -> 149 (map).
[20Sep2026 21:12:31.841] [Render thread/DEBUG] [net.minecraftforge.registries.ForgeRegistry/REGISTRIES]: Registry minecraft:mob_effect: Fixed minecraft:mob_effect id mismatch cartaddon:passive_cooldown: 158 (init) -> 164 (map).
[20Sep2026 21:12:31.841] [Render thread/DEBUG] [net.minecraftforge.registries.ForgeRegistry/REGISTRIES]: Registry minecraft:mob_effect: Fixed minecraft:mob_effect id mismatch cartaddon:pegasus_blessing: 121 (init) -> 127 (map).
[20Sep2026 21:12:31.841] [Render thread/DEBUG] [net.minecraftforge.registries.ForgeRegistry/REGISTRIES]: Registry minecraft:mob_effect: Fixed minecraft:mob_effect id mismatch cartaddon:perennial_youth: 115 (init) -> 121 (map).
[20Sep2026 21:12:31.841] [Render thread/DEBUG] [net.minecraftforge.registries.ForgeRegistry/REGISTRIES]: Registry minecraft:mob_effect: Fixed minecraft:mob_effect id mismatch cartaddon:pestilence_disease: 131 (init) -> 137 (map).
[20Sep2026 21:12:31.841] [Render thread/DEBUG] [net.minecraftforge.registries.ForgeRegistry/REGISTRIES]: Registry minecraft:mob_effect: Fixed minecraft:mob_effect id mismatch cartaddon:petrified: 147 (init) -> 153 (map).
[20Sep2026 21:12:31.841] [Render thread/DEBUG] [net.minecraftforge.registries.ForgeRegistry/REGISTRIES]: Registry minecraft:mob_effect: Fixed minecraft:mob_effect id mismatch cartaddon:poison_pink: 110 (init) -> 116 (map).
[20Sep2026 21:12:31.841] [Render thread/DEBUG] [net.minecraftforge.registries.ForgeRegistry/REGISTRIES]: Registry minecraft:mob_effect: Fixed minecraft:mob_effect id mismatch cartaddon:regeneration_disease: 133 (init) -> 139 (map).
[20Sep2026 21:12:31.841] [Render thread/DEBUG] [net.minecraftforge.registries.ForgeRegistry/REGISTRIES]: Registry minecraft:mob_effect: Fixed minecraft:mob_effect id mismatch cartaddon:rumble: 112 (init) -> 118 (map).
[20Sep2026 21:12:31.841] [Render thread/DEBUG] [net.minecraftforge.registries.ForgeRegistry/REGISTRIES]: Registry minecraft:mob_effect: Fixed minecraft:mob_effect id mismatch cartaddon:sleepy: 156 (init) -> 162 (map).
[20Sep2026 21:12:31.841] [Render thread/DEBUG] [net.minecraftforge.registries.ForgeRegistry/REGISTRIES]: Registry minecraft:mob_effect: Fixed minecraft:mob_effect id mismatch cartaddon:soot: 113 (init) -> 119 (map).
[20Sep2026 21:12:31.841] [Render thread/DEBUG] [net.minecraftforge.registries.ForgeRegistry/REGISTRIES]: Registry minecraft:mob_effect: Fixed minecraft:mob_effect id mismatch cartaddon:spore_toxin: 157 (init) -> 163 (map).
[20Sep2026 21:12:31.841] [Render thread/DEBUG] [net.minecraftforge.registries.ForgeRegistry/REGISTRIES]: Registry minecraft:mob_effect: Fixed minecraft:mob_effect id mismatch cartaddon:starstep_groove: 162 (init) -> 168 (map).
[20Sep2026 21:12:31.841] [Render thread/DEBUG] [net.minecraftforge.registries.ForgeRegistry/REGISTRIES]: Registry minecraft:mob_effect: Fixed minecraft:mob_effect id mismatch cartaddon:stealth: 109 (init) -> 115 (map).
[20Sep2026 21:12:31.841] [Render thread/DEBUG] [net.minecraftforge.registries.ForgeRegistry/REGISTRIES]: Registry minecraft:mob_effect: Fixed minecraft:mob_effect id mismatch cartaddon:stitched: 146 (init) -> 152 (map).
[20Sep2026 21:12:31.841] [Render thread/DEBUG] [net.minecraftforge.registries.ForgeRegistry/REGISTRIES]: Registry minecraft:mob_effect: Fixed minecraft:mob_effect id mismatch cartaddon:stolen_life: 138 (init) -> 144 (map).
[20Sep2026 21:12:31.841] [Render thread/DEBUG] [net.minecraftforge.registries.ForgeRegistry/REGISTRIES]: Registry minecraft:mob_effect: Fixed minecraft:mob_effect id mismatch cartaddon:suzumebachi_toxin: 150 (init) -> 156 (map).
[20Sep2026 21:12:31.842] [Render thread/DEBUG] [net.minecraftforge.registries.ForgeRegistry/REGISTRIES]: Registry minecraft:mob_effect: Fixed minecraft:mob_effect id mismatch cartaddon:swampy: 122 (init) -> 128 (map).
[20Sep2026 21:12:31.842] [Render thread/DEBUG] [net.minecraftforge.registries.ForgeRegistry/REGISTRIES]: Registry minecraft:mob_effect: Fixed minecraft:mob_effect id mismatch kazimod:bouncy: 169 (init) -> 110 (map).
[20Sep2026 21:12:31.842] [Render thread/DEBUG] [net.minecraftforge.registries.ForgeRegistry/REGISTRIES]: Registry minecraft:mob_effect: Fixed minecraft:mob_effect id mismatch kazimod:enhanced_movement: 166 (init) -> 107 (map).
[20Sep2026 21:12:31.842] [Render thread/DEBUG] [net.minecraftforge.registries.ForgeRegistry/REGISTRIES]: Registry minecraft:mob_effect: Fixed minecraft:mob_effect id mismatch kazimod:flaming_rot: 168 (init) -> 109 (map).
[20Sep2026 21:12:31.842] [Render thread/DEBUG] [net.minecraftforge.registries.ForgeRegistry/REGISTRIES]: Registry minecraft:mob_effect: Fixed minecraft:mob_effect id mismatch kazimod:kirin_sleep: 163 (init) -> 170 (map).
[20Sep2026 21:12:31.842] [Render thread/DEBUG] [net.minecraftforge.registries.ForgeRegistry/REGISTRIES]: Registry minecraft:mob_effect: Fixed minecraft:mob_effect id mismatch kazimod:lost_works_fruit_lock: 164 (init) -> 169 (map).
[20Sep2026 21:12:31.842] [Render thread/DEBUG] [net.minecraftforge.registries.ForgeRegistry/REGISTRIES]: Registry minecraft:mob_effect: Fixed minecraft:mob_effect id mismatch kazimod:miniaturized: 170 (init) -> 111 (map).
[20Sep2026 21:12:31.842] [Render thread/DEBUG] [net.minecraftforge.registries.ForgeRegistry/REGISTRIES]: Registry minecraft:mob_effect: Fixed minecraft:mob_effect id mismatch kazimod:tired: 167 (init) -> 108 (map).
[20Sep2026 21:12:31.842] [Render thread/DEBUG] [net.minecraftforge.registries.ForgeRegistry/REGISTRIES]: Registry minecraft:mob_effect: Fixed minecraft:mob_effect id mismatch kazimod:weakened_movement: 165 (init) -> 106 (map).
[20Sep2026 21:12:31.843] [Render thread/DEBUG] [net.minecraftforge.registries.ForgeRegistry/REGISTRIES]: Registry mineminenomi:particle_effect: Fixed mineminenomi:particle_effect id mismatch cartaddon:particle_effect.cartaddon.advanced_bisu_hei: 163 (init) -> 191 (map).
[20Sep2026 21:12:31.843] [Render thread/DEBUG] [net.minecraftforge.registries.ForgeRegistry/REGISTRIES]: Registry mineminenomi:particle_effect: Fixed mineminenomi:particle_effect id mismatch cartaddon:particle_effect.cartaddon.aria_aegis: 266 (init) -> 294 (map).
[20Sep2026 21:12:31.843] [Render thread/DEBUG] [net.minecraftforge.registries.ForgeRegistry/REGISTRIES]: Registry mineminenomi:particle_effect: Fixed mineminenomi:particle_effect id mismatch cartaddon:particle_effect.cartaddon.bakuretsu_kazan: 215 (init) -> 243 (map).
[20Sep2026 21:12:31.843] [Render thread/DEBUG] [net.minecraftforge.registries.ForgeRegistry/REGISTRIES]: Registry mineminenomi:particle_effect: Fixed mineminenomi:particle_effect id mismatch cartaddon:particle_effect.cartaddon.bat_swarm: 256 (init) -> 284 (map).
[20Sep2026 21:12:31.843] [Render thread/DEBUG] [net.minecraftforge.registries.ForgeRegistry/REGISTRIES]: Registry mineminenomi:particle_effect: Fixed mineminenomi:particle_effect id mismatch cartaddon:particle_effect.cartaddon.beouf_burst: 205 (init) -> 233 (map).
[20Sep2026 21:12:31.843] [Render thread/DEBUG] [net.minecraftforge.registries.ForgeRegistry/REGISTRIES]: Registry mineminenomi:particle_effect: Fixed mineminenomi:particle_effect id mismatch cartaddon:particle_effect.cartaddon.big_flaming_twister: 173 (init) -> 201 (map).
[20Sep2026 21:12:31.843] [Render thread/DEBUG] [net.minecraftforge.registries.ForgeRegistry/REGISTRIES]: Registry mineminenomi:particle_effect: Fixed mineminenomi:particle_effect id mismatch cartaddon:particle_effect.cartaddon.bisu_creation: 164 (init) -> 192 (map).
[20Sep2026 21:12:31.843] [Render thread/DEBUG] [net.minecraftforge.registries.ForgeRegistry/REGISTRIES]: Registry mineminenomi:particle_effect: Fixed mineminenomi:particle_effect id mismatch cartaddon:particle_effect.cartaddon.bisu_guard: 161 (init) -> 189 (map).
[20Sep2026 21:12:31.843] [Render thread/DEBUG] [net.minecraftforge.registries.ForgeRegistry/REGISTRIES]: Registry mineminenomi:particle_effect: Fixed mineminenomi:particle_effect id mismatch cartaddon:particle_effect.cartaddon.bisu_hei: 162 (init) -> 190 (map).
[20Sep2026 21:12:31.843] [Render thread/DEBUG] [net.minecraftforge.registries.ForgeRegistry/REGISTRIES]: Registry mineminenomi:particle_effect: Fixed mineminenomi:particle_effect id mismatch cartaddon:particle_effect.cartaddon.black_blade_wild_slash: 227 (init) -> 255 (map).
[20Sep2026 21:12:31.843] [Render thread/DEBUG] [net.minecraftforge.registries.ForgeRegistry/REGISTRIES]: Registry mineminenomi:particle_effect: Fixed mineminenomi:particle_effect id mismatch cartaddon:particle_effect.cartaddon.bolo_breath: 191 (init) -> 219 (map).
[20Sep2026 21:12:31.843] [Render thread/DEBUG] [net.minecraftforge.registries.ForgeRegistry/REGISTRIES]: Registry mineminenomi:particle_effect: Fixed mineminenomi:particle_effect id mismatch cartaddon:particle_effect.cartaddon.bullet_rush: 234 (init) -> 262 (map).
[20Sep2026 21:12:31.843] [Render thread/DEBUG] [net.minecraftforge.registries.ForgeRegistry/REGISTRIES]: Registry mineminenomi:particle_effect: Fixed mineminenomi:particle_effect id mismatch cartaddon:particle_effect.cartaddon.burn_bazooka: 224 (init) -> 252 (map).
[20Sep2026 21:12:31.843] [Render thread/DEBUG] [net.minecraftforge.registries.ForgeRegistry/REGISTRIES]: Registry mineminenomi:particle_effect: Fixed mineminenomi:particle_effect id mismatch cartaddon:particle_effect.cartaddon.cape_guard: 178 (init) -> 206 (map).
[20Sep2026 21:12:31.843] [Render thread/DEBUG] [net.minecraftforge.registries.ForgeRegistry/REGISTRIES]: Registry mineminenomi:particle_effect: Fixed mineminenomi:particle_effect id mismatch cartaddon:particle_effect.cartaddon.charge_mori_skewer: 155 (init) -> 183 (map).
[20Sep2026 21:12:31.843] [Render thread/DEBUG] [net.minecraftforge.registries.ForgeRegistry/REGISTRIES]: Registry mineminenomi:particle_effect: Fixed mineminenomi:particle_effect id mismatch cartaddon:particle_effect.cartaddon.concasse_ifrite: 200 (init) -> 228 (map).
[20Sep2026 21:12:31.843] [Render thread/DEBUG] [net.minecraftforge.registries.ForgeRegistry/REGISTRIES]: Registry mineminenomi:particle_effect: Fixed mineminenomi:particle_effect id mismatch cartaddon:particle_effect.cartaddon.counter_shift: 194 (init) -> 222 (map).
[20Sep2026 21:12:31.843] [Render thread/DEBUG] [net.minecraftforge.registries.ForgeRegistry/REGISTRIES]: Registry mineminenomi:particle_effect: Fixed mineminenomi:particle_effect id mismatch cartaddon:particle_effect.cartaddon.curtain: 221 (init) -> 249 (map).
[20Sep2026 21:12:31.843] [Render thread/DEBUG] [net.minecraftforge.registries.ForgeRegistry/REGISTRIES]: Registry mineminenomi:particle_effect: Fixed mineminenomi:particle_effect id mismatch cartaddon:particle_effect.cartaddon.divine_blessing: 214 (init) -> 242 (map).
[20Sep2026 21:12:31.843] [Render thread/DEBUG] [net.minecraftforge.registries.ForgeRegistry/REGISTRIES]: Registry mineminenomi:particle_effect: Fixed mineminenomi:particle_effect id mismatch cartaddon:particle_effect.cartaddon.divine_cut: 261 (init) -> 289 (map).
[20Sep2026 21:12:31.844] [Render thread/DEBUG] [net.minecraftforge.registries.ForgeRegistry/REGISTRIES]: Registry mineminenomi:particle_effect: Fixed mineminenomi:particle_effect id mismatch cartaddon:particle_effect.cartaddon.divine_cut_projectile: 260 (init) -> 288 (map).
[20Sep2026 21:12:31.844] [Render thread/DEBUG] [net.minecraftforge.registries.ForgeRegistry/REGISTRIES]: Registry mineminenomi:particle_effect: Fixed mineminenomi:particle_effect id mismatch cartaddon:particle_effect.cartaddon.electric_field: 181 (init) -> 209 (map).
[20Sep2026 21:12:31.844] [Render thread/DEBUG] [net.minecraftforge.registries.ForgeRegistry/REGISTRIES]: Registry mineminenomi:particle_effect: Fixed mineminenomi:particle_effect id mismatch cartaddon:particle_effect.cartaddon.electrical_surge: 229 (init) -> 257 (map).
[20Sep2026 21:12:31.844] [Render thread/DEBUG] [net.minecraftforge.registries.ForgeRegistry/REGISTRIES]: Registry mineminenomi:particle_effect: Fixed mineminenomi:particle_effect id mismatch cartaddon:particle_effect.cartaddon.fallen_hit: 242 (init) -> 270 (map).
[20Sep2026 21:12:31.844] [Render thread/DEBUG] [net.minecraftforge.registries.ForgeRegistry/REGISTRIES]: Registry mineminenomi:particle_effect: Fixed mineminenomi:particle_effect id mismatch cartaddon:particle_effect.cartaddon.final_execution: 240 (init) -> 268 (map).
[20Sep2026 21:12:31.844] [Render thread/DEBUG] [net.minecraftforge.registries.ForgeRegistry/REGISTRIES]: Registry mineminenomi:particle_effect: Fixed mineminenomi:particle_effect id mismatch cartaddon:particle_effect.cartaddon.fist_impact: 230 (init) -> 258 (map).
[20Sep2026 21:12:31.844] [Render thread/DEBUG] [net.minecraftforge.registries.ForgeRegistry/REGISTRIES]: Registry mineminenomi:particle_effect: Fixed mineminenomi:particle_effect id mismatch cartaddon:particle_effect.cartaddon.flame_on: 171 (init) -> 199 (map).
[20Sep2026 21:12:31.844] [Render thread/DEBUG] [net.minecraftforge.registries.ForgeRegistry/REGISTRIES]: Registry mineminenomi:particle_effect: Fixed mineminenomi:particle_effect id mismatch cartaddon:particle_effect.cartaddon.flame_on_blue: 263 (init) -> 291 (map).
[20Sep2026 21:12:31.844] [Render thread/DEBUG] [net.minecraftforge.registries.ForgeRegistry/REGISTRIES]: Registry mineminenomi:particle_effect: Fixed mineminenomi:particle_effect id mismatch cartaddon:particle_effect.cartaddon.flaming_twister: 172 (init) -> 200 (map).
[20Sep2026 21:12:31.844] [Render thread/DEBUG] [net.minecraftforge.registries.ForgeRegistry/REGISTRIES]: Registry mineminenomi:particle_effect: Fixed mineminenomi:particle_effect id mismatch cartaddon:particle_effect.cartaddon.flower_field: 153 (init) -> 181 (map).
[20Sep2026 21:12:31.844] [Render thread/DEBUG] [net.minecraftforge.registries.ForgeRegistry/REGISTRIES]: Registry mineminenomi:particle_effect: Fixed mineminenomi:particle_effect id mismatch cartaddon:particle_effect.cartaddon.galaxy_impact: 199 (init) -> 227 (map).
[20Sep2026 21:12:31.844] [Render thread/DEBUG] [net.minecraftforge.registries.ForgeRegistry/REGISTRIES]: Registry mineminenomi:particle_effect: Fixed mineminenomi:particle_effect id mismatch cartaddon:particle_effect.cartaddon.gokuro: 209 (init) -> 237 (map).
[20Sep2026 21:12:31.844] [Render thread/DEBUG] [net.minecraftforge.registries.ForgeRegistry/REGISTRIES]: Registry mineminenomi:particle_effect: Fixed mineminenomi:particle_effect id mismatch cartaddon:particle_effect.cartaddon.golden_age: 148 (init) -> 176 (map).
[20Sep2026 21:12:31.844] [Render thread/DEBUG] [net.minecraftforge.registries.ForgeRegistry/REGISTRIES]: Registry mineminenomi:particle_effect: Fixed mineminenomi:particle_effect id mismatch cartaddon:particle_effect.cartaddon.golden_guard: 146 (init) -> 174 (map).
[20Sep2026 21:12:31.844] [Render thread/DEBUG] [net.minecraftforge.registries.ForgeRegistry/REGISTRIES]: Registry mineminenomi:particle_effect: Fixed mineminenomi:particle_effect id mismatch cartaddon:particle_effect.cartaddon.golden_guard2: 147 (init) -> 175 (map).
[20Sep2026 21:12:31.844] [Render thread/DEBUG] [net.minecraftforge.registries.ForgeRegistry/REGISTRIES]: Registry mineminenomi:particle_effect: Fixed mineminenomi:particle_effect id mismatch cartaddon:particle_effect.cartaddon.gon_blast: 150 (init) -> 178 (map).
[20Sep2026 21:12:31.844] [Render thread/DEBUG] [net.minecraftforge.registries.ForgeRegistry/REGISTRIES]: Registry mineminenomi:particle_effect: Fixed mineminenomi:particle_effect id mismatch cartaddon:particle_effect.cartaddon.gon_bomba: 149 (init) -> 177 (map).
[20Sep2026 21:12:31.844] [Render thread/DEBUG] [net.minecraftforge.registries.ForgeRegistry/REGISTRIES]: Registry mineminenomi:particle_effect: Fixed mineminenomi:particle_effect id mismatch cartaddon:particle_effect.cartaddon.goshikito: 262 (init) -> 290 (map).
[20Sep2026 21:12:31.844] [Render thread/DEBUG] [net.minecraftforge.registries.ForgeRegistry/REGISTRIES]: Registry mineminenomi:particle_effect: Fixed mineminenomi:particle_effect id mismatch cartaddon:particle_effect.cartaddon.heal: 241 (init) -> 269 (map).
[20Sep2026 21:12:31.844] [Render thread/DEBUG] [net.minecraftforge.registries.ForgeRegistry/REGISTRIES]: Registry mineminenomi:particle_effect: Fixed mineminenomi:particle_effect id mismatch cartaddon:particle_effect.cartaddon.hibashira_ground: 246 (init) -> 274 (map).
[20Sep2026 21:12:31.844] [Render thread/DEBUG] [net.minecraftforge.registries.ForgeRegistry/REGISTRIES]: Registry mineminenomi:particle_effect: Fixed mineminenomi:particle_effect id mismatch cartaddon:particle_effect.cartaddon.himorogiri: 159 (init) -> 187 (map).
[20Sep2026 21:12:31.844] [Render thread/DEBUG] [net.minecraftforge.registries.ForgeRegistry/REGISTRIES]: Registry mineminenomi:particle_effect: Fixed mineminenomi:particle_effect id mismatch cartaddon:particle_effect.cartaddon.homie_cloud_puff: 258 (init) -> 286 (map).
[20Sep2026 21:12:31.844] [Render thread/DEBUG] [net.minecraftforge.registries.ForgeRegistry/REGISTRIES]: Registry mineminenomi:particle_effect: Fixed mineminenomi:particle_effect id mismatch cartaddon:particle_effect.cartaddon.ifrit_bien_cuit_grill_shot: 203 (init) -> 231 (map).
[20Sep2026 21:12:31.844] [Render thread/DEBUG] [net.minecraftforge.registries.ForgeRegistry/REGISTRIES]: Registry mineminenomi:particle_effect: Fixed mineminenomi:particle_effect id mismatch cartaddon:particle_effect.cartaddon.ifrit_extra_hachi_diable: 204 (init) -> 232 (map).
[20Sep2026 21:12:31.844] [Render thread/DEBUG] [net.minecraftforge.registries.ForgeRegistry/REGISTRIES]: Registry mineminenomi:particle_effect: Fixed mineminenomi:particle_effect id mismatch cartaddon:particle_effect.cartaddon.ifrit_jambe: 201 (init) -> 229 (map).
[20Sep2026 21:12:31.844] [Render thread/DEBUG] [net.minecraftforge.registries.ForgeRegistry/REGISTRIES]: Registry mineminenomi:particle_effect: Fixed mineminenomi:particle_effect id mismatch cartaddon:particle_effect.cartaddon.ikidomaria: 238 (init) -> 266 (map).
[20Sep2026 21:12:31.844] [Render thread/DEBUG] [net.minecraftforge.registries.ForgeRegistry/REGISTRIES]: Registry mineminenomi:particle_effect: Fixed mineminenomi:particle_effect id mismatch cartaddon:particle_effect.cartaddon.injection: 222 (init) -> 250 (map).
[20Sep2026 21:12:31.844] [Render thread/DEBUG] [net.minecraftforge.registries.ForgeRegistry/REGISTRIES]: Registry mineminenomi:particle_effect: Fixed mineminenomi:particle_effect id mismatch cartaddon:particle_effect.cartaddon.jewel: 207 (init) -> 235 (map).
[20Sep2026 21:12:31.844] [Render thread/DEBUG] [net.minecraftforge.registries.ForgeRegistry/REGISTRIES]: Registry mineminenomi:particle_effect: Fixed mineminenomi:particle_effect id mismatch cartaddon:particle_effect.cartaddon.jump_shots: 226 (init) -> 254 (map).
[20Sep2026 21:12:31.844] [Render thread/DEBUG] [net.minecraftforge.registries.ForgeRegistry/REGISTRIES]: Registry mineminenomi:particle_effect: Fixed mineminenomi:particle_effect id mismatch cartaddon:particle_effect.cartaddon.kaen_daiko: 192 (init) -> 220 (map).
[20Sep2026 21:12:31.844] [Render thread/DEBUG] [net.minecraftforge.registries.ForgeRegistry/REGISTRIES]: Registry mineminenomi:particle_effect: Fixed mineminenomi:particle_effect id mismatch cartaddon:particle_effect.cartaddon.kag_no_eisu: 250 (init) -> 278 (map).
[20Sep2026 21:12:31.844] [Render thread/DEBUG] [net.minecraftforge.registries.ForgeRegistry/REGISTRIES]: Registry mineminenomi:particle_effect: Fixed mineminenomi:particle_effect id mismatch cartaddon:particle_effect.cartaddon.karasusu: 208 (init) -> 236 (map).
[20Sep2026 21:12:31.844] [Render thread/DEBUG] [net.minecraftforge.registries.ForgeRegistry/REGISTRIES]: Registry mineminenomi:particle_effect: Fixed mineminenomi:particle_effect id mismatch cartaddon:particle_effect.cartaddon.kirin_puff: 254 (init) -> 282 (map).
[20Sep2026 21:12:31.844] [Render thread/DEBUG] [net.minecraftforge.registries.ForgeRegistry/REGISTRIES]: Registry mineminenomi:particle_effect: Fixed mineminenomi:particle_effect id mismatch cartaddon:particle_effect.cartaddon.maelstrom_sonata: 265 (init) -> 293 (map).
[20Sep2026 21:12:31.844] [Render thread/DEBUG] [net.minecraftforge.registries.ForgeRegistry/REGISTRIES]: Registry mineminenomi:particle_effect: Fixed mineminenomi:particle_effect id mismatch cartaddon:particle_effect.cartaddon.magu_fly: 243 (init) -> 271 (map).
[20Sep2026 21:12:31.844] [Render thread/DEBUG] [net.minecraftforge.registries.ForgeRegistry/REGISTRIES]: Registry mineminenomi:particle_effect: Fixed mineminenomi:particle_effect id mismatch cartaddon:particle_effect.cartaddon.majin_puff: 158 (init) -> 186 (map).
[20Sep2026 21:12:31.844] [Render thread/DEBUG] [net.minecraftforge.registries.ForgeRegistry/REGISTRIES]: Registry mineminenomi:particle_effect: Fixed mineminenomi:particle_effect id mismatch cartaddon:particle_effect.cartaddon.mera_fly: 244 (init) -> 272 (map).
[20Sep2026 21:12:31.844] [Render thread/DEBUG] [net.minecraftforge.registries.ForgeRegistry/REGISTRIES]: Registry mineminenomi:particle_effect: Fixed mineminenomi:particle_effect id mismatch cartaddon:particle_effect.cartaddon.mercies_charging: 231 (init) -> 259 (map).
[20Sep2026 21:12:31.844] [Render thread/DEBUG] [net.minecraftforge.registries.ForgeRegistry/REGISTRIES]: Registry mineminenomi:particle_effect: Fixed mineminenomi:particle_effect id mismatch cartaddon:particle_effect.cartaddon.mercies_dash: 233 (init) -> 261 (map).
[20Sep2026 21:12:31.844] [Render thread/DEBUG] [net.minecraftforge.registries.ForgeRegistry/REGISTRIES]: Registry mineminenomi:particle_effect: Fixed mineminenomi:particle_effect id mismatch cartaddon:particle_effect.cartaddon.mercies_flash: 232 (init) -> 260 (map).
[20Sep2026 21:12:31.844] [Render thread/DEBUG] [net.minecraftforge.registries.ForgeRegistry/REGISTRIES]: Registry mineminenomi:particle_effect: Fixed mineminenomi:particle_effect id mismatch cartaddon:particle_effect.cartaddon.mochi_barrage: 170 (init) -> 198 (map).
[20Sep2026 21:12:31.844] [Render thread/DEBUG] [net.minecraftforge.registries.ForgeRegistry/REGISTRIES]: Registry mineminenomi:particle_effect: Fixed mineminenomi:particle_effect id mismatch cartaddon:particle_effect.cartaddon.mochi_grab: 168 (init) -> 196 (map).
[20Sep2026 21:12:31.844] [Render thread/DEBUG] [net.minecraftforge.registries.ForgeRegistry/REGISTRIES]: Registry mineminenomi:particle_effect: Fixed mineminenomi:particle_effect id mismatch cartaddon:particle_effect.cartaddon.mochi_logia: 169 (init) -> 197 (map).
[20Sep2026 21:12:31.844] [Render thread/DEBUG] [net.minecraftforge.registries.ForgeRegistry/REGISTRIES]: Registry mineminenomi:particle_effect: Fixed mineminenomi:particle_effect id mismatch cartaddon:particle_effect.cartaddon.mori_drain: 154 (init) -> 182 (map).
[20Sep2026 21:12:31.844] [Render thread/DEBUG] [net.minecraftforge.registries.ForgeRegistry/REGISTRIES]: Registry mineminenomi:particle_effect: Fixed mineminenomi:particle_effect id mismatch cartaddon:particle_effect.cartaddon.mori_growth: 156 (init) -> 184 (map).
[20Sep2026 21:12:31.844] [Render thread/DEBUG] [net.minecraftforge.registries.ForgeRegistry/REGISTRIES]: Registry mineminenomi:particle_effect: Fixed mineminenomi:particle_effect id mismatch cartaddon:particle_effect.cartaddon.mori_logia: 151 (init) -> 179 (map).
[20Sep2026 21:12:31.844] [Render thread/DEBUG] [net.minecraftforge.registries.ForgeRegistry/REGISTRIES]: Registry mineminenomi:particle_effect: Fixed mineminenomi:particle_effect id mismatch cartaddon:particle_effect.cartaddon.nadare_yuki: 245 (init) -> 273 (map).
[20Sep2026 21:12:31.844] [Render thread/DEBUG] [net.minecraftforge.registries.ForgeRegistry/REGISTRIES]: Registry mineminenomi:particle_effect: Fixed mineminenomi:particle_effect id mismatch cartaddon:particle_effect.cartaddon.nagare_mochi: 165 (init) -> 193 (map).
[20Sep2026 21:12:31.844] [Render thread/DEBUG] [net.minecraftforge.registries.ForgeRegistry/REGISTRIES]: Registry mineminenomi:particle_effect: Fixed mineminenomi:particle_effect id mismatch cartaddon:particle_effect.cartaddon.namuji_hyoga: 160 (init) -> 188 (map).
[20Sep2026 21:12:31.844] [Render thread/DEBUG] [net.minecraftforge.registries.ForgeRegistry/REGISTRIES]: Registry mineminenomi:particle_effect: Fixed mineminenomi:particle_effect id mismatch cartaddon:particle_effect.cartaddon.new_tensei_no_soen: 216 (init) -> 244 (map).
[20Sep2026 21:12:31.844] [Render thread/DEBUG] [net.minecraftforge.registries.ForgeRegistry/REGISTRIES]: Registry mineminenomi:particle_effect: Fixed mineminenomi:particle_effect id mismatch cartaddon:particle_effect.cartaddon.nue_flame: 247 (init) -> 275 (map).
[20Sep2026 21:12:31.844] [Render thread/DEBUG] [net.minecraftforge.registries.ForgeRegistry/REGISTRIES]: Registry mineminenomi:particle_effect: Fixed mineminenomi:particle_effect id mismatch cartaddon:particle_effect.cartaddon.nue_flames_charging: 248 (init) -> 276 (map).
[20Sep2026 21:12:31.844] [Render thread/DEBUG] [net.minecraftforge.registries.ForgeRegistry/REGISTRIES]: Registry mineminenomi:particle_effect: Fixed mineminenomi:particle_effect id mismatch cartaddon:particle_effect.cartaddon.nue_flames_ring: 249 (init) -> 277 (map).
[20Sep2026 21:12:31.844] [Render thread/DEBUG] [net.minecraftforge.registries.ForgeRegistry/REGISTRIES]: Registry mineminenomi:particle_effect: Fixed mineminenomi:particle_effect id mismatch cartaddon:particle_effect.cartaddon.numa_charging: 236 (init) -> 264 (map).
[20Sep2026 21:12:31.844] [Render thread/DEBUG] [net.minecraftforge.registries.ForgeRegistry/REGISTRIES]: Registry mineminenomi:particle_effect: Fixed mineminenomi:particle_effect id mismatch cartaddon:particle_effect.cartaddon.numa_logia: 235 (init) -> 263 (map).
[20Sep2026 21:12:31.844] [Render thread/DEBUG] [net.minecraftforge.registries.ForgeRegistry/REGISTRIES]: Registry mineminenomi:particle_effect: Fixed mineminenomi:particle_effect id mismatch cartaddon:particle_effect.cartaddon.omori_charging: 174 (init) -> 202 (map).
[20Sep2026 21:12:31.844] [Render thread/DEBUG] [net.minecraftforge.registries.ForgeRegistry/REGISTRIES]: Registry mineminenomi:particle_effect: Fixed mineminenomi:particle_effect id mismatch cartaddon:particle_effect.cartaddon.omori_flash: 175 (init) -> 203 (map).
[20Sep2026 21:12:31.844] [Render thread/DEBUG] [net.minecraftforge.registries.ForgeRegistry/REGISTRIES]: Registry mineminenomi:particle_effect: Fixed mineminenomi:particle_effect id mismatch cartaddon:particle_effect.cartaddon.oni_awakening: 176 (init) -> 204 (map).
[20Sep2026 21:12:31.844] [Render thread/DEBUG] [net.minecraftforge.registries.ForgeRegistry/REGISTRIES]: Registry mineminenomi:particle_effect: Fixed mineminenomi:particle_effect id mismatch cartaddon:particle_effect.cartaddon.paper_flurry: 252 (init) -> 280 (map).
[20Sep2026 21:12:31.844] [Render thread/DEBUG] [net.minecraftforge.registries.ForgeRegistry/REGISTRIES]: Registry mineminenomi:particle_effect: Fixed mineminenomi:particle_effect id mismatch cartaddon:particle_effect.cartaddon.paradise_totsuka: 198 (init) -> 226 (map).
[20Sep2026 21:12:31.844] [Render thread/DEBUG] [net.minecraftforge.registries.ForgeRegistry/REGISTRIES]: Registry mineminenomi:particle_effect: Fixed mineminenomi:particle_effect id mismatch cartaddon:particle_effect.cartaddon.partytable_ifrit: 202 (init) -> 230 (map).
[20Sep2026 21:12:31.844] [Render thread/DEBUG] [net.minecraftforge.registries.ForgeRegistry/REGISTRIES]: Registry mineminenomi:particle_effect: Fixed mineminenomi:particle_effect id mismatch cartaddon:particle_effect.cartaddon.pasa_logia: 251 (init) -> 279 (map).
[20Sep2026 21:12:31.844] [Render thread/DEBUG] [net.minecraftforge.registries.ForgeRegistry/REGISTRIES]: Registry mineminenomi:particle_effect: Fixed mineminenomi:particle_effect id mismatch cartaddon:particle_effect.cartaddon.pastry_river: 167 (init) -> 195 (map).
[20Sep2026 21:12:31.844] [Render thread/DEBUG] [net.minecraftforge.registries.ForgeRegistry/REGISTRIES]: Registry mineminenomi:particle_effect: Fixed mineminenomi:particle_effect id mismatch cartaddon:particle_effect.cartaddon.petal_sonata: 264 (init) -> 292 (map).
[20Sep2026 21:12:31.844] [Render thread/DEBUG] [net.minecraftforge.registries.ForgeRegistry/REGISTRIES]: Registry mineminenomi:particle_effect: Fixed mineminenomi:particle_effect id mismatch cartaddon:particle_effect.cartaddon.phantom_vail: 239 (init) -> 267 (map).
[20Sep2026 21:12:31.844] [Render thread/DEBUG] [net.minecraftforge.registries.ForgeRegistry/REGISTRIES]: Registry mineminenomi:particle_effect: Fixed mineminenomi:particle_effect id mismatch cartaddon:particle_effect.cartaddon.photosynthesis: 152 (init) -> 180 (map).
[20Sep2026 21:12:31.844] [Render thread/DEBUG] [net.minecraftforge.registries.ForgeRegistry/REGISTRIES]: Registry mineminenomi:particle_effect: Fixed mineminenomi:particle_effect id mismatch cartaddon:particle_effect.cartaddon.pink_hornet: 180 (init) -> 208 (map).
[20Sep2026 21:12:31.844] [Render thread/DEBUG] [net.minecraftforge.registries.ForgeRegistry/REGISTRIES]: Registry mineminenomi:particle_effect: Fixed mineminenomi:particle_effect id mismatch cartaddon:particle_effect.cartaddon.poison_guard: 179 (init) -> 207 (map).
[20Sep2026 21:12:31.844] [Render thread/DEBUG] [net.minecraftforge.registries.ForgeRegistry/REGISTRIES]: Registry mineminenomi:particle_effect: Fixed mineminenomi:particle_effect id mismatch cartaddon:particle_effect.cartaddon.poison_punch: 187 (init) -> 215 (map).
[20Sep2026 21:12:31.844] [Render thread/DEBUG] [net.minecraftforge.registries.ForgeRegistry/REGISTRIES]: Registry mineminenomi:particle_effect: Fixed mineminenomi:particle_effect id mismatch cartaddon:particle_effect.cartaddon.poison_twister: 228 (init) -> 256 (map).
[20Sep2026 21:12:31.845] [Render thread/DEBUG] [net.minecraftforge.registries.ForgeRegistry/REGISTRIES]: Registry mineminenomi:particle_effect: Fixed mineminenomi:particle_effect id mismatch cartaddon:particle_effect.cartaddon.radio_knife: 220 (init) -> 248 (map).
[20Sep2026 21:12:31.845] [Render thread/DEBUG] [net.minecraftforge.registries.ForgeRegistry/REGISTRIES]: Registry mineminenomi:particle_effect: Fixed mineminenomi:particle_effect id mismatch cartaddon:particle_effect.cartaddon.root_rampage: 157 (init) -> 185 (map).
[20Sep2026 21:12:31.845] [Render thread/DEBUG] [net.minecraftforge.registries.ForgeRegistry/REGISTRIES]: Registry mineminenomi:particle_effect: Fixed mineminenomi:particle_effect id mismatch cartaddon:particle_effect.cartaddon.ryusoken_impact: 197 (init) -> 225 (map).
[20Sep2026 21:12:31.845] [Render thread/DEBUG] [net.minecraftforge.registries.ForgeRegistry/REGISTRIES]: Registry mineminenomi:particle_effect: Fixed mineminenomi:particle_effect id mismatch cartaddon:particle_effect.cartaddon.self_destruct: 185 (init) -> 213 (map).
[20Sep2026 21:12:31.845] [Render thread/DEBUG] [net.minecraftforge.registries.ForgeRegistry/REGISTRIES]: Registry mineminenomi:particle_effect: Fixed mineminenomi:particle_effect id mismatch cartaddon:particle_effect.cartaddon.shadows_asgard: 257 (init) -> 285 (map).
[20Sep2026 21:12:31.845] [Render thread/DEBUG] [net.minecraftforge.registries.ForgeRegistry/REGISTRIES]: Registry mineminenomi:particle_effect: Fixed mineminenomi:particle_effect id mismatch cartaddon:particle_effect.cartaddon.shock_punch: 184 (init) -> 212 (map).
[20Sep2026 21:12:31.845] [Render thread/DEBUG] [net.minecraftforge.registries.ForgeRegistry/REGISTRIES]: Registry mineminenomi:particle_effect: Fixed mineminenomi:particle_effect id mismatch cartaddon:particle_effect.cartaddon.shocking_dash: 186 (init) -> 214 (map).
[20Sep2026 21:12:31.845] [Render thread/DEBUG] [net.minecraftforge.registries.ForgeRegistry/REGISTRIES]: Registry mineminenomi:particle_effect: Fixed mineminenomi:particle_effect id mismatch cartaddon:particle_effect.cartaddon.shokuro: 210 (init) -> 238 (map).
[20Sep2026 21:12:31.845] [Render thread/DEBUG] [net.minecraftforge.registries.ForgeRegistry/REGISTRIES]: Registry mineminenomi:particle_effect: Fixed mineminenomi:particle_effect id mismatch cartaddon:particle_effect.cartaddon.skull_basher: 177 (init) -> 205 (map).
[20Sep2026 21:12:31.845] [Render thread/DEBUG] [net.minecraftforge.registries.ForgeRegistry/REGISTRIES]: Registry mineminenomi:particle_effect: Fixed mineminenomi:particle_effect id mismatch cartaddon:particle_effect.cartaddon.snow_spore: 253 (init) -> 281 (map).
[20Sep2026 21:12:31.845] [Render thread/DEBUG] [net.minecraftforge.registries.ForgeRegistry/REGISTRIES]: Registry mineminenomi:particle_effect: Fixed mineminenomi:particle_effect id mismatch cartaddon:particle_effect.cartaddon.soot_debuff: 211 (init) -> 239 (map).
[20Sep2026 21:12:31.845] [Render thread/DEBUG] [net.minecraftforge.registries.ForgeRegistry/REGISTRIES]: Registry mineminenomi:particle_effect: Fixed mineminenomi:particle_effect id mismatch cartaddon:particle_effect.cartaddon.sparkling_punch: 183 (init) -> 211 (map).
[20Sep2026 21:12:31.845] [Render thread/DEBUG] [net.minecraftforge.registries.ForgeRegistry/REGISTRIES]: Registry mineminenomi:particle_effect: Fixed mineminenomi:particle_effect id mismatch cartaddon:particle_effect.cartaddon.sparkling_red: 182 (init) -> 210 (map).
[20Sep2026 21:12:31.845] [Render thread/DEBUG] [net.minecraftforge.registries.ForgeRegistry/REGISTRIES]: Registry mineminenomi:particle_effect: Fixed mineminenomi:particle_effect id mismatch cartaddon:particle_effect.cartaddon.spinning_barrel_shots: 225 (init) -> 253 (map).
[20Sep2026 21:12:31.845] [Render thread/DEBUG] [net.minecraftforge.registries.ForgeRegistry/REGISTRIES]: Registry mineminenomi:particle_effect: Fixed mineminenomi:particle_effect id mismatch cartaddon:particle_effect.cartaddon.supernova: 268 (init) -> 296 (map).
[20Sep2026 21:12:31.845] [Render thread/DEBUG] [net.minecraftforge.registries.ForgeRegistry/REGISTRIES]: Registry mineminenomi:particle_effect: Fixed mineminenomi:particle_effect id mismatch cartaddon:particle_effect.cartaddon.susu_fly: 213 (init) -> 241 (map).
[20Sep2026 21:12:31.845] [Render thread/DEBUG] [net.minecraftforge.registries.ForgeRegistry/REGISTRIES]: Registry mineminenomi:particle_effect: Fixed mineminenomi:particle_effect id mismatch cartaddon:particle_effect.cartaddon.susu_logia: 212 (init) -> 240 (map).
[20Sep2026 21:12:31.845] [Render thread/DEBUG] [net.minecraftforge.registries.ForgeRegistry/REGISTRIES]: Registry mineminenomi:particle_effect: Fixed mineminenomi:particle_effect id mismatch cartaddon:particle_effect.cartaddon.swamp_world: 237 (init) -> 265 (map).
[20Sep2026 21:12:31.845] [Render thread/DEBUG] [net.minecraftforge.registries.ForgeRegistry/REGISTRIES]: Registry mineminenomi:particle_effect: Fixed mineminenomi:particle_effect id mismatch cartaddon:particle_effect.cartaddon.takt_emergence_active: 219 (init) -> 247 (map).
[20Sep2026 21:12:31.845] [Render thread/DEBUG] [net.minecraftforge.registries.ForgeRegistry/REGISTRIES]: Registry mineminenomi:particle_effect: Fixed mineminenomi:particle_effect id mismatch cartaddon:particle_effect.cartaddon.takt_emergence_idle: 218 (init) -> 246 (map).
[20Sep2026 21:12:31.845] [Render thread/DEBUG] [net.minecraftforge.registries.ForgeRegistry/REGISTRIES]: Registry mineminenomi:particle_effect: Fixed mineminenomi:particle_effect id mismatch cartaddon:particle_effect.cartaddon.talon_strike: 195 (init) -> 223 (map).
[20Sep2026 21:12:31.845] [Render thread/DEBUG] [net.minecraftforge.registries.ForgeRegistry/REGISTRIES]: Registry mineminenomi:particle_effect: Fixed mineminenomi:particle_effect id mismatch cartaddon:particle_effect.cartaddon.tatsumaki: 190 (init) -> 218 (map).
[20Sep2026 21:12:31.845] [Render thread/DEBUG] [net.minecraftforge.registries.ForgeRegistry/REGISTRIES]: Registry mineminenomi:particle_effect: Fixed mineminenomi:particle_effect id mismatch cartaddon:particle_effect.cartaddon.thousand_slices: 259 (init) -> 287 (map).
[20Sep2026 21:12:31.845] [Render thread/DEBUG] [net.minecraftforge.registries.ForgeRegistry/REGISTRIES]: Registry mineminenomi:particle_effect: Fixed mineminenomi:particle_effect id mismatch cartaddon:particle_effect.cartaddon.thunder_domain_ground_effect: 267 (init) -> 295 (map).
[20Sep2026 21:12:31.845] [Render thread/DEBUG] [net.minecraftforge.registries.ForgeRegistry/REGISTRIES]: Registry mineminenomi:particle_effect: Fixed mineminenomi:particle_effect id mismatch cartaddon:particle_effect.cartaddon.tsuno_tokage_idle: 255 (init) -> 283 (map).
[20Sep2026 21:12:31.845] [Render thread/DEBUG] [net.minecraftforge.registries.ForgeRegistry/REGISTRIES]: Registry mineminenomi:particle_effect: Fixed mineminenomi:particle_effect id mismatch cartaddon:particle_effect.cartaddon.vajra_arrow: 193 (init) -> 221 (map).
[20Sep2026 21:12:31.845] [Render thread/DEBUG] [net.minecraftforge.registries.ForgeRegistry/REGISTRIES]: Registry mineminenomi:particle_effect: Fixed mineminenomi:particle_effect id mismatch cartaddon:particle_effect.cartaddon.warriors_spirit: 223 (init) -> 251 (map).
[20Sep2026 21:12:31.845] [Render thread/DEBUG] [net.minecraftforge.registries.ForgeRegistry/REGISTRIES]: Registry mineminenomi:particle_effect: Fixed mineminenomi:particle_effect id mismatch cartaddon:particle_effect.cartaddon.white_serpent: 217 (init) -> 245 (map).
[20Sep2026 21:12:31.845] [Render thread/DEBUG] [net.minecraftforge.registries.ForgeRegistry/REGISTRIES]: Registry mineminenomi:particle_effect: Fixed mineminenomi:particle_effect id mismatch cartaddon:particle_effect.cartaddon.winch_grab: 188 (init) -> 216 (map).
[20Sep2026 21:12:31.845] [Render thread/DEBUG] [net.minecraftforge.registries.ForgeRegistry/REGISTRIES]: Registry mineminenomi:particle_effect: Fixed mineminenomi:particle_effect id mismatch cartaddon:particle_effect.cartaddon.winch_punch: 189 (init) -> 217 (map).
[20Sep2026 21:12:31.845] [Render thread/DEBUG] [net.minecraftforge.registries.ForgeRegistry/REGISTRIES]: Registry mineminenomi:particle_effect: Fixed mineminenomi:particle_effect id mismatch cartaddon:particle_effect.cartaddon.world_of_smoke: 206 (init) -> 234 (map).
[20Sep2026 21:12:31.845] [Render thread/DEBUG] [net.minecraftforge.registries.ForgeRegistry/REGISTRIES]: Registry mineminenomi:particle_effect: Fixed mineminenomi:particle_effect id mismatch cartaddon:particle_effect.cartaddon.wrath: 196 (init) -> 224 (map).
[20Sep2026 21:12:31.845] [Render thread/DEBUG] [net.minecraftforge.registries.ForgeRegistry/REGISTRIES]: Registry mineminenomi:particle_effect: Fixed mineminenomi:particle_effect id mismatch cartaddon:particle_effect.cartaddon.zan_giri: 166 (init) -> 194 (map).
[20Sep2026 21:12:31.845] [Render thread/DEBUG] [net.minecraftforge.registries.ForgeRegistry/REGISTRIES]: Registry mineminenomi:particle_effect: Fixed mineminenomi:particle_effect id mismatch kazimod:bakugo: 272 (init) -> 149 (map).
[20Sep2026 21:12:31.845] [Render thread/DEBUG] [net.minecraftforge.registries.ForgeRegistry/REGISTRIES]: Registry mineminenomi:particle_effect: Fixed mineminenomi:particle_effect id mismatch kazimod:casino_chip: 295 (init) -> 172 (map).
[20Sep2026 21:12:31.845] [Render thread/DEBUG] [net.minecraftforge.registries.ForgeRegistry/REGISTRIES]: Registry mineminenomi:particle_effect: Fixed mineminenomi:particle_effect id mismatch kazimod:coin: 294 (init) -> 171 (map).
[20Sep2026 21:12:31.845] [Render thread/DEBUG] [net.minecraftforge.registries.ForgeRegistry/REGISTRIES]: Registry mineminenomi:particle_effect: Fixed mineminenomi:particle_effect id mismatch kazimod:dismantle: 269 (init) -> 146 (map).
[20Sep2026 21:12:31.845] [Render thread/DEBUG] [net.minecraftforge.registries.ForgeRegistry/REGISTRIES]: Registry mineminenomi:particle_effect: Fixed mineminenomi:particle_effect id mismatch kazimod:fuga: 273 (init) -> 150 (map).
[20Sep2026 21:12:31.845] [Render thread/DEBUG] [net.minecraftforge.registries.ForgeRegistry/REGISTRIES]: Registry mineminenomi:particle_effect: Fixed mineminenomi:particle_effect id mismatch kazimod:gojo_blue: 278 (init) -> 155 (map).
[20Sep2026 21:12:31.845] [Render thread/DEBUG] [net.minecraftforge.registries.ForgeRegistry/REGISTRIES]: Registry mineminenomi:particle_effect: Fixed mineminenomi:particle_effect id mismatch kazimod:gojo_blue_projectile: 279 (init) -> 156 (map).
[20Sep2026 21:12:31.845] [Render thread/DEBUG] [net.minecraftforge.registries.ForgeRegistry/REGISTRIES]: Registry mineminenomi:particle_effect: Fixed mineminenomi:particle_effect id mismatch kazimod:gojo_purple: 280 (init) -> 157 (map).
[20Sep2026 21:12:31.845] [Render thread/DEBUG] [net.minecraftforge.registries.ForgeRegistry/REGISTRIES]: Registry mineminenomi:particle_effect: Fixed mineminenomi:particle_effect id mismatch kazimod:gojo_purple_growing: 281 (init) -> 158 (map).
[20Sep2026 21:12:31.845] [Render thread/DEBUG] [net.minecraftforge.registries.ForgeRegistry/REGISTRIES]: Registry mineminenomi:particle_effect: Fixed mineminenomi:particle_effect id mismatch kazimod:gojo_red: 276 (init) -> 153 (map).
[20Sep2026 21:12:31.845] [Render thread/DEBUG] [net.minecraftforge.registries.ForgeRegistry/REGISTRIES]: Registry mineminenomi:particle_effect: Fixed mineminenomi:particle_effect id mismatch kazimod:gojo_red_charge: 277 (init) -> 154 (map).
[20Sep2026 21:12:31.845] [Render thread/DEBUG] [net.minecraftforge.registries.ForgeRegistry/REGISTRIES]: Registry mineminenomi:particle_effect: Fixed mineminenomi:particle_effect id mismatch kazimod:green_tornado: 275 (init) -> 152 (map).
[20Sep2026 21:12:31.845] [Render thread/DEBUG] [net.minecraftforge.registries.ForgeRegistry/REGISTRIES]: Registry mineminenomi:particle_effect: Fixed mineminenomi:particle_effect id mismatch kazimod:infinite_void: 282 (init) -> 159 (map).
[20Sep2026 21:12:31.845] [Render thread/DEBUG] [net.minecraftforge.registries.ForgeRegistry/REGISTRIES]: Registry mineminenomi:particle_effect: Fixed mineminenomi:particle_effect id mismatch kazimod:infinite_void_streak: 283 (init) -> 160 (map).
[20Sep2026 21:12:31.845] [Render thread/DEBUG] [net.minecraftforge.registries.ForgeRegistry/REGISTRIES]: Registry mineminenomi:particle_effect: Fixed mineminenomi:particle_effect id mismatch kazimod:lucky_slot_0: 284 (init) -> 161 (map).
[20Sep2026 21:12:31.845] [Render thread/DEBUG] [net.minecraftforge.registries.ForgeRegistry/REGISTRIES]: Registry mineminenomi:particle_effect: Fixed mineminenomi:particle_effect id mismatch kazimod:lucky_slot_1: 285 (init) -> 162 (map).
[20Sep2026 21:12:31.845] [Render thread/DEBUG] [net.minecraftforge.registries.ForgeRegistry/REGISTRIES]: Registry mineminenomi:particle_effect: Fixed mineminenomi:particle_effect id mismatch kazimod:lucky_slot_2: 286 (init) -> 163 (map).
[20Sep2026 21:12:31.845] [Render thread/DEBUG] [net.minecraftforge.registries.ForgeRegistry/REGISTRIES]: Registry mineminenomi:particle_effect: Fixed mineminenomi:particle_effect id mismatch kazimod:lucky_slot_3: 287 (init) -> 164 (map).
[20Sep2026 21:12:31.845] [Render thread/DEBUG] [net.minecraftforge.registries.ForgeRegistry/REGISTRIES]: Registry mineminenomi:particle_effect: Fixed mineminenomi:particle_effect id mismatch kazimod:lucky_slot_4: 288 (init) -> 165 (map).
[20Sep2026 21:12:31.845] [Render thread/DEBUG] [net.minecraftforge.registries.ForgeRegistry/REGISTRIES]: Registry mineminenomi:particle_effect: Fixed mineminenomi:particle_effect id mismatch kazimod:lucky_slot_5: 289 (init) -> 166 (map).
[20Sep2026 21:12:31.845] [Render thread/DEBUG] [net.minecraftforge.registries.ForgeRegistry/REGISTRIES]: Registry mineminenomi:particle_effect: Fixed mineminenomi:particle_effect id mismatch kazimod:lucky_slot_6: 290 (init) -> 167 (map).
[20Sep2026 21:12:31.845] [Render thread/DEBUG] [net.minecraftforge.registries.ForgeRegistry/REGISTRIES]: Registry mineminenomi:particle_effect: Fixed mineminenomi:particle_effect id mismatch kazimod:lucky_slot_7: 291 (init) -> 168 (map).
[20Sep2026 21:12:31.845] [Render thread/DEBUG] [net.minecraftforge.registries.ForgeRegistry/REGISTRIES]: Registry mineminenomi:particle_effect: Fixed mineminenomi:particle_effect id mismatch kazimod:lucky_slot_8: 292 (init) -> 169 (map).
[20Sep2026 21:12:31.845] [Render thread/DEBUG] [net.minecraftforge.registries.ForgeRegistry/REGISTRIES]: Registry mineminenomi:particle_effect: Fixed mineminenomi:particle_effect id mismatch kazimod:lucky_slot_9: 293 (init) -> 170 (map).
[20Sep2026 21:12:31.845] [Render thread/DEBUG] [net.minecraftforge.registries.ForgeRegistry/REGISTRIES]: Registry mineminenomi:particle_effect: Fixed mineminenomi:particle_effect id mismatch kazimod:playing_card: 296 (init) -> 173 (map).
[20Sep2026 21:12:31.845] [Render thread/DEBUG] [net.minecraftforge.registries.ForgeRegistry/REGISTRIES]: Registry mineminenomi:particle_effect: Fixed mineminenomi:particle_effect id mismatch kazimod:spiderweb_cleave: 271 (init) -> 148 (map).
[20Sep2026 21:12:31.845] [Render thread/DEBUG] [net.minecraftforge.registries.ForgeRegistry/REGISTRIES]: Registry mineminenomi:particle_effect: Fixed mineminenomi:particle_effect id mismatch kazimod:wind: 270 (init) -> 147 (map).
[20Sep2026 21:12:31.845] [Render thread/DEBUG] [net.minecraftforge.registries.ForgeRegistry/REGISTRIES]: Registry mineminenomi:particle_effect: Fixed mineminenomi:particle_effect id mismatch kazimod:wind_gust: 274 (init) -> 151 (map).
[20Sep2026 21:12:31.847] [Render thread/DEBUG] [net.minecraftforge.registries.ForgeRegistry/REGISTRIES]: Registry minecraft:sound_event: Fixed minecraft:sound_event id mismatch cartaddon:birdcage: 1063 (init) -> 1084 (map).
[20Sep2026 21:12:31.847] [Render thread/DEBUG] [net.minecraftforge.registries.ForgeRegistry/REGISTRIES]: Registry minecraft:sound_event: Fixed minecraft:sound_event id mismatch cartaddon:haoshoku_haki: 1061 (init) -> 1082 (map).
[20Sep2026 21:12:31.847] [Render thread/DEBUG] [net.minecraftforge.registries.ForgeRegistry/REGISTRIES]: Registry minecraft:sound_event: Fixed minecraft:sound_event id mismatch cartaddon:parasite_string: 1062 (init) -> 1083 (map).
[20Sep2026 21:12:31.847] [Render thread/DEBUG] [net.minecraftforge.registries.ForgeRegistry/REGISTRIES]: Registry minecraft:sound_event: Fixed minecraft:sound_event id mismatch cartaddon:raigo_charging: 1060 (init) -> 1081 (map).
[20Sep2026 21:12:31.847] [Render thread/DEBUG] [net.minecraftforge.registries.ForgeRegistry/REGISTRIES]: Registry minecraft:sound_event: Fixed minecraft:sound_event id mismatch cartaddon:tremor_crack: 1064 (init) -> 1085 (map).
[20Sep2026 21:12:31.847] [Render thread/DEBUG] [net.minecraftforge.registries.ForgeRegistry/REGISTRIES]: Registry minecraft:sound_event: Fixed minecraft:sound_event id mismatch cartaddon:wapu: 1059 (init) -> 1080 (map).
[20Sep2026 21:12:31.847] [Render thread/DEBUG] [net.minecraftforge.registries.ForgeRegistry/REGISTRIES]: Registry minecraft:sound_event: Fixed minecraft:sound_event id mismatch kazimod:blackflashhit: 1077 (init) -> 1071 (map).
[20Sep2026 21:12:31.847] [Render thread/DEBUG] [net.minecraftforge.registries.ForgeRegistry/REGISTRIES]: Registry minecraft:sound_event: Fixed minecraft:sound_event id mismatch kazimod:chronostasis: 1074 (init) -> 1068 (map).
[20Sep2026 21:12:31.847] [Render thread/DEBUG] [net.minecraftforge.registries.ForgeRegistry/REGISTRIES]: Registry minecraft:sound_event: Fixed minecraft:sound_event id mismatch kazimod:cleave_hit: 1067 (init) -> 1061 (map).
[20Sep2026 21:12:31.847] [Render thread/DEBUG] [net.minecraftforge.registries.ForgeRegistry/REGISTRIES]: Registry minecraft:sound_event: Fixed minecraft:sound_event id mismatch kazimod:cleave_start: 1066 (init) -> 1060 (map).
[20Sep2026 21:12:31.847] [Render thread/DEBUG] [net.minecraftforge.registries.ForgeRegistry/REGISTRIES]: Registry minecraft:sound_event: Fixed minecraft:sound_event id mismatch kazimod:dismantle: 1065 (init) -> 1059 (map).
[20Sep2026 21:12:31.847] [Render thread/DEBUG] [net.minecraftforge.registries.ForgeRegistry/REGISTRIES]: Registry minecraft:sound_event: Fixed minecraft:sound_event id mismatch kazimod:enhancement_fourth_charge: 1089 (init) -> 1092 (map).
[20Sep2026 21:12:31.847] [Render thread/DEBUG] [net.minecraftforge.registries.ForgeRegistry/REGISTRIES]: Registry minecraft:sound_event: Fixed minecraft:sound_event id mismatch kazimod:fuga: 1070 (init) -> 1064 (map).
[20Sep2026 21:12:31.847] [Render thread/DEBUG] [net.minecraftforge.registries.ForgeRegistry/REGISTRIES]: Registry minecraft:sound_event: Fixed minecraft:sound_event id mismatch kazimod:fuga_hit: 1071 (init) -> 1065 (map).
[20Sep2026 21:12:31.847] [Render thread/DEBUG] [net.minecraftforge.registries.ForgeRegistry/REGISTRIES]: Registry minecraft:sound_event: Fixed minecraft:sound_event id mismatch kazimod:gojobossentrance: 1090 (init) -> 1077 (map).
[20Sep2026 21:12:31.847] [Render thread/DEBUG] [net.minecraftforge.registries.ForgeRegistry/REGISTRIES]: Registry minecraft:sound_event: Fixed minecraft:sound_event id mismatch kazimod:hollownukemusic: 1082 (init) -> 1076 (map).
[20Sep2026 21:12:31.847] [Render thread/DEBUG] [net.minecraftforge.registries.ForgeRegistry/REGISTRIES]: Registry minecraft:sound_event: Fixed minecraft:sound_event id mismatch kazimod:infinite_creation_charge_secondary: 1084 (init) -> 1089 (map).
[20Sep2026 21:12:31.847] [Render thread/DEBUG] [net.minecraftforge.registries.ForgeRegistry/REGISTRIES]: Registry minecraft:sound_event: Fixed minecraft:sound_event id mismatch kazimod:infinitevoid: 1079 (init) -> 1073 (map).
[20Sep2026 21:12:31.847] [Render thread/DEBUG] [net.minecraftforge.registries.ForgeRegistry/REGISTRIES]: Registry minecraft:sound_event: Fixed minecraft:sound_event id mismatch kazimod:infinitevoidmusic: 1080 (init) -> 1074 (map).
[20Sep2026 21:12:31.847] [Render thread/DEBUG] [net.minecraftforge.registries.ForgeRegistry/REGISTRIES]: Registry minecraft:sound_event: Fixed minecraft:sound_event id mismatch kazimod:luffybossentrance: 1092 (init) -> 1079 (map).
[20Sep2026 21:12:31.847] [Render thread/DEBUG] [net.minecraftforge.registries.ForgeRegistry/REGISTRIES]: Registry minecraft:sound_event: Fixed minecraft:sound_event id mismatch kazimod:mugen_charge_secondary: 1085 (init) -> 1090 (map).
[20Sep2026 21:12:31.847] [Render thread/DEBUG] [net.minecraftforge.registries.ForgeRegistry/REGISTRIES]: Registry minecraft:sound_event: Fixed minecraft:sound_event id mismatch kazimod:purplechant: 1081 (init) -> 1075 (map).
[20Sep2026 21:12:31.847] [Render thread/DEBUG] [net.minecraftforge.registries.ForgeRegistry/REGISTRIES]: Registry minecraft:sound_event: Fixed minecraft:sound_event id mismatch kazimod:reality_marble_charge_music: 1083 (init) -> 1086 (map).
[20Sep2026 21:12:31.847] [Render thread/DEBUG] [net.minecraftforge.registries.ForgeRegistry/REGISTRIES]: Registry minecraft:sound_event: Fixed minecraft:sound_event id mismatch kazimod:redcharge: 1075 (init) -> 1069 (map).
[20Sep2026 21:12:31.847] [Render thread/DEBUG] [net.minecraftforge.registries.ForgeRegistry/REGISTRIES]: Registry minecraft:sound_event: Fixed minecraft:sound_event id mismatch kazimod:redfire: 1076 (init) -> 1070 (map).
[20Sep2026 21:12:31.847] [Render thread/DEBUG] [net.minecraftforge.registries.ForgeRegistry/REGISTRIES]: Registry minecraft:sound_event: Fixed minecraft:sound_event id mismatch kazimod:shrine_music: 1069 (init) -> 1063 (map).
[20Sep2026 21:12:31.847] [Render thread/DEBUG] [net.minecraftforge.registries.ForgeRegistry/REGISTRIES]: Registry minecraft:sound_event: Fixed minecraft:sound_event id mismatch kazimod:shrine_start: 1068 (init) -> 1062 (map).
[20Sep2026 21:12:31.847] [Render thread/DEBUG] [net.minecraftforge.registries.ForgeRegistry/REGISTRIES]: Registry minecraft:sound_event: Fixed minecraft:sound_event id mismatch kazimod:ssstik: 1078 (init) -> 1072 (map).
[20Sep2026 21:12:31.847] [Render thread/DEBUG] [net.minecraftforge.registries.ForgeRegistry/REGISTRIES]: Registry minecraft:sound_event: Fixed minecraft:sound_event id mismatch kazimod:sukunabossentrance: 1091 (init) -> 1078 (map).
[20Sep2026 21:12:31.847] [Render thread/DEBUG] [net.minecraftforge.registries.ForgeRegistry/REGISTRIES]: Registry minecraft:sound_event: Fixed minecraft:sound_event id mismatch kazimod:timeacceleration: 1073 (init) -> 1067 (map).
[20Sep2026 21:12:31.847] [Render thread/DEBUG] [net.minecraftforge.registries.ForgeRegistry/REGISTRIES]: Registry minecraft:sound_event: Fixed minecraft:sound_event id mismatch kazimod:timetheft: 1072 (init) -> 1066 (map).
[20Sep2026 21:12:31.847] [Render thread/DEBUG] [net.minecraftforge.registries.ForgeRegistry/REGISTRIES]: Registry minecraft:sound_event: Fixed minecraft:sound_event id mismatch kazimod:unlimited_lost_works_hit: 1086 (init) -> 1091 (map).
[20Sep2026 21:12:31.859] [Render thread/WARN] [net.minecraftforge.registries.ForgeRegistry/REGISTRIES]: Registry mineminenomi:abilities: Object did not get ID it asked for. Name: kazimod:phoenix_fly_point Expected: 1447 Got: 1489
[20Sep2026 21:12:31.860] [Render thread/WARN] [net.minecraftforge.registries.ForgeRegistry/REGISTRIES]: Registry mineminenomi:abilities: Object did not get ID it asked for. Name: kazimod:phoenix_assault_point Expected: 1448 Got: 1490
[20Sep2026 21:12:31.860] [Render thread/WARN] [net.minecraftforge.registries.ForgeRegistry/REGISTRIES]: Registry mineminenomi:abilities: Object did not get ID it asked for. Name: kazimod:flames_of_regeneration Expected: 1449 Got: 1491
[20Sep2026 21:12:31.865] [Render thread/DEBUG] [net.minecraftforge.registries.ForgeRegistry/REGISTRIES]: Registry minecraft:block Sync: ACTIVE -> STAGING
[20Sep2026 21:12:31.871] [Render thread/DEBUG] [net.minecraftforge.registries.ForgeRegistry/REGISTRIES]: Registry minecraft:fluid Sync: ACTIVE -> STAGING
[20Sep2026 21:12:31.871] [Render thread/DEBUG] [net.minecraftforge.registries.ForgeRegistry/REGISTRIES]: Registry minecraft:item Sync: ACTIVE -> STAGING
[20Sep2026 21:12:31.877] [Render thread/DEBUG] [net.minecraftforge.registries.ForgeRegistry/REGISTRIES]: Registry minecraft:mob_effect Sync: ACTIVE -> STAGING
[20Sep2026 21:12:31.878] [Render thread/DEBUG] [net.minecraftforge.registries.ForgeRegistry/REGISTRIES]: Registry minecraft:sound_event Sync: ACTIVE -> STAGING
[20Sep2026 21:12:31.881] [Render thread/DEBUG] [net.minecraftforge.registries.ForgeRegistry/REGISTRIES]: Registry minecraft:potion Sync: ACTIVE -> STAGING
[20Sep2026 21:12:31.882] [Render thread/DEBUG] [net.minecraftforge.registries.ForgeRegistry/REGISTRIES]: Registry minecraft:enchantment Sync: ACTIVE -> STAGING
[20Sep2026 21:12:31.882] [Render thread/DEBUG] [net.minecraftforge.registries.ForgeRegistry/REGISTRIES]: Registry minecraft:entity_type Sync: ACTIVE -> STAGING
[20Sep2026 21:12:31.885] [Render thread/DEBUG] [net.minecraftforge.registries.ForgeRegistry/REGISTRIES]: Registry minecraft:block_entity_type Sync: ACTIVE -> STAGING
[20Sep2026 21:12:31.885] [Render thread/DEBUG] [net.minecraftforge.registries.ForgeRegistry/REGISTRIES]: Registry minecraft:particle_type Sync: ACTIVE -> STAGING
[20Sep2026 21:12:31.886] [Render thread/DEBUG] [net.minecraftforge.registries.ForgeRegistry/REGISTRIES]: Registry minecraft:menu Sync: ACTIVE -> STAGING
[20Sep2026 21:12:31.887] [Render thread/DEBUG] [net.minecraftforge.registries.ForgeRegistry/REGISTRIES]: Registry minecraft:motive Sync: ACTIVE -> STAGING
[20Sep2026 21:12:31.887] [Render thread/DEBUG] [net.minecraftforge.registries.ForgeRegistry/REGISTRIES]: Registry minecraft:recipe_serializer Sync: ACTIVE -> STAGING
[20Sep2026 21:12:31.887] [Render thread/DEBUG] [net.minecraftforge.registries.ForgeRegistry/REGISTRIES]: Registry minecraft:attribute Sync: ACTIVE -> STAGING
[20Sep2026 21:12:31.887] [Render thread/DEBUG] [net.minecraftforge.registries.ForgeRegistry/REGISTRIES]: Registry minecraft:stat_type Sync: ACTIVE -> STAGING
[20Sep2026 21:12:31.887] [Render thread/DEBUG] [net.minecraftforge.registries.ForgeRegistry/REGISTRIES]: Registry minecraft:villager_profession Sync: ACTIVE -> STAGING
[20Sep2026 21:12:31.887] [Render thread/DEBUG] [net.minecraftforge.registries.ForgeRegistry/REGISTRIES]: Registry minecraft:point_of_interest_type Sync: ACTIVE -> STAGING
[20Sep2026 21:12:31.888] [Render thread/DEBUG] [net.minecraftforge.registries.ForgeRegistry/REGISTRIES]: Registry minecraft:memory_module_type Sync: ACTIVE -> STAGING
[20Sep2026 21:12:31.888] [Render thread/DEBUG] [net.minecraftforge.registries.ForgeRegistry/REGISTRIES]: Registry minecraft:sensor_type Sync: ACTIVE -> STAGING
[20Sep2026 21:12:31.888] [Render thread/DEBUG] [net.minecraftforge.registries.ForgeRegistry/REGISTRIES]: Registry minecraft:schedule Sync: ACTIVE -> STAGING
[20Sep2026 21:12:31.888] [Render thread/DEBUG] [net.minecraftforge.registries.ForgeRegistry/REGISTRIES]: Registry minecraft:activity Sync: ACTIVE -> STAGING
[20Sep2026 21:12:31.888] [Render thread/DEBUG] [net.minecraftforge.registries.ForgeRegistry/REGISTRIES]: Registry minecraft:worldgen/carver Sync: ACTIVE -> STAGING
[20Sep2026 21:12:31.888] [Render thread/DEBUG] [net.minecraftforge.registries.ForgeRegistry/REGISTRIES]: Registry minecraft:worldgen/surface_builder Sync: ACTIVE -> STAGING
[20Sep2026 21:12:31.888] [Render thread/DEBUG] [net.minecraftforge.registries.ForgeRegistry/REGISTRIES]: Registry minecraft:worldgen/feature Sync: ACTIVE -> STAGING
[20Sep2026 21:12:31.889] [Render thread/DEBUG] [net.minecraftforge.registries.ForgeRegistry/REGISTRIES]: Registry minecraft:worldgen/decorator Sync: ACTIVE -> STAGING
[20Sep2026 21:12:31.889] [Render thread/DEBUG] [net.minecraftforge.registries.ForgeRegistry/REGISTRIES]: Registry minecraft:chunk_status Sync: ACTIVE -> STAGING
[20Sep2026 21:12:31.889] [Render thread/DEBUG] [net.minecraftforge.registries.ForgeRegistry/REGISTRIES]: Registry minecraft:worldgen/structure_feature Sync: ACTIVE -> STAGING
[20Sep2026 21:12:31.889] [Render thread/DEBUG] [net.minecraftforge.registries.ForgeRegistry/REGISTRIES]: Registry minecraft:worldgen/block_state_provider_type Sync: ACTIVE -> STAGING
[20Sep2026 21:12:31.889] [Render thread/DEBUG] [net.minecraftforge.registries.ForgeRegistry/REGISTRIES]: Registry minecraft:worldgen/block_placer_type Sync: ACTIVE -> STAGING
[20Sep2026 21:12:31.889] [Render thread/DEBUG] [net.minecraftforge.registries.ForgeRegistry/REGISTRIES]: Registry minecraft:worldgen/foliage_placer_type Sync: ACTIVE -> STAGING
[20Sep2026 21:12:31.889] [Render thread/DEBUG] [net.minecraftforge.registries.ForgeRegistry/REGISTRIES]: Registry minecraft:worldgen/tree_decorator_type Sync: ACTIVE -> STAGING
[20Sep2026 21:12:31.889] [Render thread/DEBUG] [net.minecraftforge.registries.ForgeRegistry/REGISTRIES]: Registry minecraft:worldgen/biome Sync: ACTIVE -> STAGING
[20Sep2026 21:12:31.889] [Render thread/DEBUG] [net.minecraftforge.registries.ForgeRegistry/REGISTRIES]: Registry minecraft:data_serializers Sync: ACTIVE -> STAGING
[20Sep2026 21:12:31.890] [Render thread/DEBUG] [net.minecraftforge.registries.ForgeRegistry/REGISTRIES]: Registry forge:loot_modifier_serializers Sync: ACTIVE -> STAGING
[20Sep2026 21:12:31.890] [Render thread/DEBUG] [net.minecraftforge.registries.ForgeRegistry/REGISTRIES]: Registry forge:world_types Sync: ACTIVE -> STAGING
[20Sep2026 21:12:31.890] [Render thread/DEBUG] [net.minecraftforge.registries.ForgeRegistry/REGISTRIES]: Registry mineminenomi:abilities Sync: ACTIVE -> STAGING
[20Sep2026 21:12:31.894] [Render thread/DEBUG] [net.minecraftforge.registries.ForgeRegistry/REGISTRIES]: Registry mineminenomi:morphs Sync: ACTIVE -> STAGING
[20Sep2026 21:12:31.895] [Render thread/DEBUG] [net.minecraftforge.registries.ForgeRegistry/REGISTRIES]: Registry mineminenomi:quests Sync: ACTIVE -> STAGING
[20Sep2026 21:12:31.895] [Render thread/DEBUG] [net.minecraftforge.registries.ForgeRegistry/REGISTRIES]: Registry mineminenomi:jolly_roger_elements Sync: ACTIVE -> STAGING
[20Sep2026 21:12:31.896] [Render thread/DEBUG] [net.minecraftforge.registries.ForgeRegistry/REGISTRIES]: Registry mineminenomi:challenges Sync: ACTIVE -> STAGING
[20Sep2026 21:12:31.896] [Render thread/DEBUG] [net.minecraftforge.registries.ForgeRegistry/REGISTRIES]: Registry mineminenomi:particle_effect Sync: ACTIVE -> STAGING
[20Sep2026 21:12:31.897] [Render thread/DEBUG] [net.minecraftforge.registries.ForgeRegistry/REGISTRIES]: Registry mineminenomi:race Sync: ACTIVE -> STAGING
[20Sep2026 21:12:31.897] [Render thread/DEBUG] [net.minecraftforge.registries.ForgeRegistry/REGISTRIES]: Registry mineminenomi:faction Sync: ACTIVE -> STAGING
[20Sep2026 21:12:31.897] [Render thread/DEBUG] [net.minecraftforge.registries.ForgeRegistry/REGISTRIES]: Registry mineminenomi:style Sync: ACTIVE -> STAGING
[20Sep2026 21:12:31.897] [Render thread/DEBUG] [net.minecraftforge.registries.ForgeRegistry/REGISTRIES]: Registry mineminenomi:interactions Sync: ACTIVE -> STAGING
[20Sep2026 21:12:32.103] [Render thread/DEBUG] [net.minecraftforge.registries.ObjectHolderRegistry/REGISTRIES]: Applying holder lookups
[20Sep2026 21:12:32.110] [Render thread/DEBUG] [net.minecraftforge.registries.ObjectHolderRegistry/REGISTRIES]: Holder lookups applied
[20Sep2026 21:12:32.202] [Render thread/DEBUG] [net.minecraftforge.fml.server.ServerLifecycleHooks/CORE]: Generating PackInfo named mod:forge for mod file C:\Users\th3wyz\.gradle\caches\forge_gradle\minecraft_user_repo\net\minecraftforge\forge\1.16.5-36.2.39_mapped_official_1.16.5\forge-1.16.5-36.2.39_mapped_official_1.16.5-recomp.jar
[20Sep2026 21:12:32.202] [Render thread/DEBUG] [net.minecraftforge.fml.server.ServerLifecycleHooks/CORE]: Generating PackInfo named mod:mineminenomi for mod file C:\Users\th3wyz\.gradle\caches\forge_gradle\deobf_dependencies\local\mine-mine-no-mi-1.16.5\0.10.11_mapped_official_1.16.5\mine-mine-no-mi-1.16.5-0.10.11_mapped_official_1.16.5.jar
[20Sep2026 21:12:32.202] [Render thread/DEBUG] [net.minecraftforge.fml.server.ServerLifecycleHooks/CORE]: Generating PackInfo named mod:curios for mod file C:\Users\th3wyz\.gradle\caches\forge_gradle\deobf_dependencies\curse\maven\curios-309927\4419403_mapped_official_1.16.5\curios-309927-4419403_mapped_official_1.16.5.jar
[20Sep2026 21:12:32.202] [Render thread/DEBUG] [net.minecraftforge.fml.server.ServerLifecycleHooks/CORE]: Generating PackInfo named mod:cartaddon for mod file C:\Users\th3wyz\.gradle\caches\forge_gradle\deobf_dependencies\local\cartaddon\0.7.5_mapped_official_1.16.5\cartaddon-0.7.5_mapped_official_1.16.5.jar
[20Sep2026 21:12:32.203] [Render thread/DEBUG] [net.minecraftforge.fml.server.ServerLifecycleHooks/CORE]: Generating PackInfo named mod:kazimod for mod file C:\Users\th3wyz\IdeaProjects\Kaziaddon44\build\client-runtime\resources
[20Sep2026 21:12:32.203] [Render thread/DEBUG] [net.minecraftforge.common.ForgeTagHandler/]: Gathering custom tag collection reader from types.
[20Sep2026 21:12:32.209] [Render thread/WARN] [net.minecraft.command.Commands/]: Ambiguity between arguments [teleport, destination] and [teleport, targets] with inputs: [Player, 0123, @e, dd12be42-52a9-4a91-a8a1-11c01849e498]
[20Sep2026 21:12:32.210] [Render thread/WARN] [net.minecraft.command.Commands/]: Ambiguity between arguments [teleport, location] and [teleport, destination] with inputs: [0.1 -0.5 .9, 0 0 0]
[20Sep2026 21:12:32.210] [Render thread/WARN] [net.minecraft.command.Commands/]: Ambiguity between arguments [teleport, location] and [teleport, targets] with inputs: [0.1 -0.5 .9, 0 0 0]
[20Sep2026 21:12:32.210] [Render thread/WARN] [net.minecraft.command.Commands/]: Ambiguity between arguments [teleport, targets] and [teleport, destination] with inputs: [Player, 0123, dd12be42-52a9-4a91-a8a1-11c01849e498]
[20Sep2026 21:12:32.210] [Render thread/WARN] [net.minecraft.command.Commands/]: Ambiguity between arguments [teleport, targets, location] and [teleport, targets, destination] with inputs: [0.1 -0.5 .9, 0 0 0]
[20Sep2026 21:12:32.210] [Render thread/INFO] [net.minecraft.resources.SimpleReloadableResourceManager/]: Reloading ResourceManager: Default, forge-1.16.5-36.2.39_mapped_official_1.16.5-recomp.jar, mine-mine-no-mi-1.16.5-0.10.11_mapped_official_1.16.5.jar, resources, curios-309927-4419403_mapped_official_1.16.5.jar, cartaddon-0.7.5_mapped_official_1.16.5.jar
[20Sep2026 21:12:33.032] [Render thread/ERROR] [net.minecraft.tags.TagCollectionReader/]: Couldn't load entity_type tag mineminenomi:magnetic as it is missing following references: cartaddom:pacifista_mark_two (from cartaddon-0.7.5_mapped_official_1.16.5.jar),cartaddom:pacifista_world_boss (from cartaddon-0.7.5_mapped_official_1.16.5.jar)
[20Sep2026 21:12:33.036] [Render thread/ERROR] [net.minecraft.item.crafting.RecipeManager/]: Parsing error loading recipe cartaddon:zoro_robe
com.google.gson.JsonSyntaxException: Unknown item 'cartaddon:zoro_robe'
	at net.minecraft.item.crafting.ShapedRecipe.lambda$itemFromJson$0(ShapedRecipe.java:262) ~[forge-1.16.5-36.2.39_mapped_official_1.16.5-recomp.jar:?]
	at java.util.Optional.orElseThrow(Optional.java:290) ~[?:1.8.0_482]
	at net.minecraft.item.crafting.ShapedRecipe.itemFromJson(ShapedRecipe.java:261) ~[forge-1.16.5-36.2.39_mapped_official_1.16.5-recomp.jar:?]
	at net.minecraft.item.crafting.ShapedRecipe$Serializer.fromJson(ShapedRecipe.java:281) ~[forge-1.16.5-36.2.39_mapped_official_1.16.5-recomp.jar:?]
	at net.minecraft.item.crafting.ShapedRecipe$Serializer.fromJson(ShapedRecipe.java:272) ~[forge-1.16.5-36.2.39_mapped_official_1.16.5-recomp.jar:?]
	at net.minecraft.item.crafting.RecipeManager.fromJson(RecipeManager.java:141) ~[forge-1.16.5-36.2.39_mapped_official_1.16.5-recomp.jar:?]
	at net.minecraft.item.crafting.RecipeManager.apply(RecipeManager.java:61) ~[forge-1.16.5-36.2.39_mapped_official_1.16.5-recomp.jar:?]
	at net.minecraft.item.crafting.RecipeManager.apply(RecipeManager.java:38) ~[forge-1.16.5-36.2.39_mapped_official_1.16.5-recomp.jar:?]
	at net.minecraft.client.resources.ReloadListener.lambda$reload$1(ReloadListener.java:14) ~[forge-1.16.5-36.2.39_mapped_official_1.16.5-recomp.jar:?]
	at java.util.concurrent.CompletableFuture.uniAccept(CompletableFuture.java:670) ~[?:1.8.0_482]
	at java.util.concurrent.CompletableFuture$UniAccept.tryFire(CompletableFuture.java:646) ~[?:1.8.0_482]
	at java.util.concurrent.CompletableFuture$Completion.run(CompletableFuture.java:456) ~[?:1.8.0_482]
	at net.minecraft.resources.AsyncReloader.lambda$null$3(AsyncReloader.java:66) ~[forge-1.16.5-36.2.39_mapped_official_1.16.5-recomp.jar:?]
	at net.minecraft.util.concurrent.ThreadTaskExecutor.doRunTask(ThreadTaskExecutor.java:136) ~[forge-1.16.5-36.2.39_mapped_official_1.16.5-recomp.jar:?]
	at net.minecraft.util.concurrent.RecursiveEventLoop.doRunTask(RecursiveEventLoop.java:22) ~[forge-1.16.5-36.2.39_mapped_official_1.16.5-recomp.jar:?]
	at net.minecraft.util.concurrent.ThreadTaskExecutor.pollTask(ThreadTaskExecutor.java:109) ~[forge-1.16.5-36.2.39_mapped_official_1.16.5-recomp.jar:?]
	at net.minecraft.util.concurrent.ThreadTaskExecutor.managedBlock(ThreadTaskExecutor.java:119) ~[forge-1.16.5-36.2.39_mapped_official_1.16.5-recomp.jar:?]
	at net.minecraft.client.Minecraft.makeServerStem(Minecraft.java:1865) ~[forge-1.16.5-36.2.39_mapped_official_1.16.5-recomp.jar:?]
	at net.minecraft.client.Minecraft.loadWorld(Minecraft.java:1717) ~[forge-1.16.5-36.2.39_mapped_official_1.16.5-recomp.jar:?]
	at net.minecraft.client.Minecraft.loadLevel(Minecraft.java:1683) ~[forge-1.16.5-36.2.39_mapped_official_1.16.5-recomp.jar:?]
	at net.minecraft.client.gui.screen.WorldSelectionList$Entry.loadWorld(WorldSelectionList.java:364) ~[forge-1.16.5-36.2.39_mapped_official_1.16.5-recomp.jar:?]
	at net.minecraft.client.gui.screen.WorldSelectionList$Entry.joinWorld(WorldSelectionList.java:273) ~[forge-1.16.5-36.2.39_mapped_official_1.16.5-recomp.jar:?]
	at net.minecraft.client.gui.screen.WorldSelectionList$Entry.mouseClicked(WorldSelectionList.java:228) ~[forge-1.16.5-36.2.39_mapped_official_1.16.5-recomp.jar:?]
	at net.minecraft.client.gui.widget.list.AbstractList.mouseClicked(AbstractList.java:309) ~[forge-1.16.5-36.2.39_mapped_official_1.16.5-recomp.jar:?]
	at net.minecraft.client.gui.INestedGuiEventHandler.mouseClicked(INestedGuiEventHandler.java:28) ~[forge-1.16.5-36.2.39_mapped_official_1.16.5-recomp.jar:?]
	at net.minecraft.client.MouseHelper.lambda$onPress$0(MouseHelper.java:87) ~[forge-1.16.5-36.2.39_mapped_official_1.16.5-recomp.jar:?]
	at net.minecraft.client.gui.screen.Screen.wrapScreenError(Screen.java:427) ~[forge-1.16.5-36.2.39_mapped_official_1.16.5-recomp.jar:?]
	at net.minecraft.client.MouseHelper.onPress(MouseHelper.java:85) ~[forge-1.16.5-36.2.39_mapped_official_1.16.5-recomp.jar:?]
	at net.minecraft.client.MouseHelper.lambda$null$4(MouseHelper.java:181) ~[forge-1.16.5-36.2.39_mapped_official_1.16.5-recomp.jar:?]
	at net.minecraft.util.concurrent.ThreadTaskExecutor.execute(ThreadTaskExecutor.java:86) ~[forge-1.16.5-36.2.39_mapped_official_1.16.5-recomp.jar:?]
	at net.minecraft.client.MouseHelper.lambda$setup$5(MouseHelper.java:180) ~[forge-1.16.5-36.2.39_mapped_official_1.16.5-recomp.jar:?]
	at org.lwjgl.glfw.GLFWMouseButtonCallbackI.callback(GLFWMouseButtonCallbackI.java:36) ~[lwjgl-glfw-3.2.2.jar:build 10]
	at org.lwjgl.system.JNI.invokeV(Native Method) ~[lwjgl-3.2.2.jar:build 10]
	at org.lwjgl.glfw.GLFW.glfwPollEvents(GLFW.java:3101) ~[lwjgl-glfw-3.2.2.jar:build 10]
	at com.mojang.blaze3d.systems.RenderSystem.flipFrame(RenderSystem.java:93) ~[forge-1.16.5-36.2.39_mapped_official_1.16.5-recomp.jar:?]
	at net.minecraft.client.MainWindow.updateDisplay(MainWindow.java:306) ~[forge-1.16.5-36.2.39_mapped_official_1.16.5-recomp.jar:?]
	at net.minecraft.client.Minecraft.runTick(Minecraft.java:997) ~[forge-1.16.5-36.2.39_mapped_official_1.16.5-recomp.jar:?]
	at net.minecraft.client.Minecraft.run(Minecraft.java:607) ~[forge-1.16.5-36.2.39_mapped_official_1.16.5-recomp.jar:?]
	at net.minecraft.client.main.Main.main(Main.java:184) ~[forge-1.16.5-36.2.39_mapped_official_1.16.5-recomp.jar:?]
	at sun.reflect.NativeMethodAccessorImpl.invoke0(Native Method) ~[?:1.8.0_482]
	at sun.reflect.NativeMethodAccessorImpl.invoke(NativeMethodAccessorImpl.java:62) ~[?:1.8.0_482]
	at sun.reflect.DelegatingMethodAccessorImpl.invoke(DelegatingMethodAccessorImpl.java:43) ~[?:1.8.0_482]
	at java.lang.reflect.Method.invoke(Method.java:498) ~[?:1.8.0_482]
	at net.minecraftforge.userdev.FMLUserdevClientLaunchProvider.lambda$launchService$0(FMLUserdevClientLaunchProvider.java:38) ~[forge-1.16.5-36.2.39_mapped_official_1.16.5-recomp.jar:?]
	at cpw.mods.modlauncher.LaunchServiceHandlerDecorator.launch(LaunchServiceHandlerDecorator.java:37) [modlauncher-8.1.3.jar:?]
	at cpw.mods.modlauncher.LaunchServiceHandler.launch(LaunchServiceHandler.java:54) [modlauncher-8.1.3.jar:?]
	at cpw.mods.modlauncher.LaunchServiceHandler.launch(LaunchServiceHandler.java:72) [modlauncher-8.1.3.jar:?]
	at cpw.mods.modlauncher.Launcher.run(Launcher.java:82) [modlauncher-8.1.3.jar:?]
	at cpw.mods.modlauncher.Launcher.main(Launcher.java:66) [modlauncher-8.1.3.jar:?]
	at net.minecraftforge.userdev.LaunchTesting.main(LaunchTesting.java:94) [forge-1.16.5-36.2.39_mapped_official_1.16.5-recomp.jar:?]
[20Sep2026 21:12:33.037] [Render thread/ERROR] [net.minecraft.item.crafting.RecipeManager/]: Parsing error loading recipe cartaddon:reinforced_striker_from_smithing
com.google.gson.JsonSyntaxException: Unknown item 'cartaddon:reinforced_striker'
	at net.minecraft.item.crafting.ShapedRecipe.lambda$itemFromJson$0(ShapedRecipe.java:262) ~[forge-1.16.5-36.2.39_mapped_official_1.16.5-recomp.jar:?]
	at java.util.Optional.orElseThrow(Optional.java:290) ~[?:1.8.0_482]
	at net.minecraft.item.crafting.ShapedRecipe.itemFromJson(ShapedRecipe.java:261) ~[forge-1.16.5-36.2.39_mapped_official_1.16.5-recomp.jar:?]
	at net.minecraft.item.crafting.SmithingRecipe$Serializer.fromJson(SmithingRecipe.java:72) ~[forge-1.16.5-36.2.39_mapped_official_1.16.5-recomp.jar:?]
	at net.minecraft.item.crafting.SmithingRecipe$Serializer.fromJson(SmithingRecipe.java:68) ~[forge-1.16.5-36.2.39_mapped_official_1.16.5-recomp.jar:?]
	at net.minecraft.item.crafting.RecipeManager.fromJson(RecipeManager.java:141) ~[forge-1.16.5-36.2.39_mapped_official_1.16.5-recomp.jar:?]
	at net.minecraft.item.crafting.RecipeManager.apply(RecipeManager.java:61) ~[forge-1.16.5-36.2.39_mapped_official_1.16.5-recomp.jar:?]
	at net.minecraft.item.crafting.RecipeManager.apply(RecipeManager.java:38) ~[forge-1.16.5-36.2.39_mapped_official_1.16.5-recomp.jar:?]
	at net.minecraft.client.resources.ReloadListener.lambda$reload$1(ReloadListener.java:14) ~[forge-1.16.5-36.2.39_mapped_official_1.16.5-recomp.jar:?]
	at java.util.concurrent.CompletableFuture.uniAccept(CompletableFuture.java:670) ~[?:1.8.0_482]
	at java.util.concurrent.CompletableFuture$UniAccept.tryFire(CompletableFuture.java:646) ~[?:1.8.0_482]
	at java.util.concurrent.CompletableFuture$Completion.run(CompletableFuture.java:456) ~[?:1.8.0_482]
	at net.minecraft.resources.AsyncReloader.lambda$null$3(AsyncReloader.java:66) ~[forge-1.16.5-36.2.39_mapped_official_1.16.5-recomp.jar:?]
	at net.minecraft.util.concurrent.ThreadTaskExecutor.doRunTask(ThreadTaskExecutor.java:136) ~[forge-1.16.5-36.2.39_mapped_official_1.16.5-recomp.jar:?]
	at net.minecraft.util.concurrent.RecursiveEventLoop.doRunTask(RecursiveEventLoop.java:22) ~[forge-1.16.5-36.2.39_mapped_official_1.16.5-recomp.jar:?]
	at net.minecraft.util.concurrent.ThreadTaskExecutor.pollTask(ThreadTaskExecutor.java:109) ~[forge-1.16.5-36.2.39_mapped_official_1.16.5-recomp.jar:?]
	at net.minecraft.util.concurrent.ThreadTaskExecutor.managedBlock(ThreadTaskExecutor.java:119) ~[forge-1.16.5-36.2.39_mapped_official_1.16.5-recomp.jar:?]
	at net.minecraft.client.Minecraft.makeServerStem(Minecraft.java:1865) ~[forge-1.16.5-36.2.39_mapped_official_1.16.5-recomp.jar:?]
	at net.minecraft.client.Minecraft.loadWorld(Minecraft.java:1717) ~[forge-1.16.5-36.2.39_mapped_official_1.16.5-recomp.jar:?]
	at net.minecraft.client.Minecraft.loadLevel(Minecraft.java:1683) ~[forge-1.16.5-36.2.39_mapped_official_1.16.5-recomp.jar:?]
	at net.minecraft.client.gui.screen.WorldSelectionList$Entry.loadWorld(WorldSelectionList.java:364) ~[forge-1.16.5-36.2.39_mapped_official_1.16.5-recomp.jar:?]
	at net.minecraft.client.gui.screen.WorldSelectionList$Entry.joinWorld(WorldSelectionList.java:273) ~[forge-1.16.5-36.2.39_mapped_official_1.16.5-recomp.jar:?]
	at net.minecraft.client.gui.screen.WorldSelectionList$Entry.mouseClicked(WorldSelectionList.java:228) ~[forge-1.16.5-36.2.39_mapped_official_1.16.5-recomp.jar:?]
	at net.minecraft.client.gui.widget.list.AbstractList.mouseClicked(AbstractList.java:309) ~[forge-1.16.5-36.2.39_mapped_official_1.16.5-recomp.jar:?]
	at net.minecraft.client.gui.INestedGuiEventHandler.mouseClicked(INestedGuiEventHandler.java:28) ~[forge-1.16.5-36.2.39_mapped_official_1.16.5-recomp.jar:?]
	at net.minecraft.client.MouseHelper.lambda$onPress$0(MouseHelper.java:87) ~[forge-1.16.5-36.2.39_mapped_official_1.16.5-recomp.jar:?]
	at net.minecraft.client.gui.screen.Screen.wrapScreenError(Screen.java:427) ~[forge-1.16.5-36.2.39_mapped_official_1.16.5-recomp.jar:?]
	at net.minecraft.client.MouseHelper.onPress(MouseHelper.java:85) ~[forge-1.16.5-36.2.39_mapped_official_1.16.5-recomp.jar:?]
	at net.minecraft.client.MouseHelper.lambda$null$4(MouseHelper.java:181) ~[forge-1.16.5-36.2.39_mapped_official_1.16.5-recomp.jar:?]
	at net.minecraft.util.concurrent.ThreadTaskExecutor.execute(ThreadTaskExecutor.java:86) ~[forge-1.16.5-36.2.39_mapped_official_1.16.5-recomp.jar:?]
	at net.minecraft.client.MouseHelper.lambda$setup$5(MouseHelper.java:180) ~[forge-1.16.5-36.2.39_mapped_official_1.16.5-recomp.jar:?]
	at org.lwjgl.glfw.GLFWMouseButtonCallbackI.callback(GLFWMouseButtonCallbackI.java:36) ~[lwjgl-glfw-3.2.2.jar:build 10]
	at org.lwjgl.system.JNI.invokeV(Native Method) ~[lwjgl-3.2.2.jar:build 10]
	at org.lwjgl.glfw.GLFW.glfwPollEvents(GLFW.java:3101) ~[lwjgl-glfw-3.2.2.jar:build 10]
	at com.mojang.blaze3d.systems.RenderSystem.flipFrame(RenderSystem.java:93) ~[forge-1.16.5-36.2.39_mapped_official_1.16.5-recomp.jar:?]
	at net.minecraft.client.MainWindow.updateDisplay(MainWindow.java:306) ~[forge-1.16.5-36.2.39_mapped_official_1.16.5-recomp.jar:?]
	at net.minecraft.client.Minecraft.runTick(Minecraft.java:997) ~[forge-1.16.5-36.2.39_mapped_official_1.16.5-recomp.jar:?]
	at net.minecraft.client.Minecraft.run(Minecraft.java:607) ~[forge-1.16.5-36.2.39_mapped_official_1.16.5-recomp.jar:?]
	at net.minecraft.client.main.Main.main(Main.java:184) ~[forge-1.16.5-36.2.39_mapped_official_1.16.5-recomp.jar:?]
	at sun.reflect.NativeMethodAccessorImpl.invoke0(Native Method) ~[?:1.8.0_482]
	at sun.reflect.NativeMethodAccessorImpl.invoke(NativeMethodAccessorImpl.java:62) ~[?:1.8.0_482]
	at sun.reflect.DelegatingMethodAccessorImpl.invoke(DelegatingMethodAccessorImpl.java:43) ~[?:1.8.0_482]
	at java.lang.reflect.Method.invoke(Method.java:498) ~[?:1.8.0_482]
	at net.minecraftforge.userdev.FMLUserdevClientLaunchProvider.lambda$launchService$0(FMLUserdevClientLaunchProvider.java:38) ~[forge-1.16.5-36.2.39_mapped_official_1.16.5-recomp.jar:?]
	at cpw.mods.modlauncher.LaunchServiceHandlerDecorator.launch(LaunchServiceHandlerDecorator.java:37) [modlauncher-8.1.3.jar:?]
	at cpw.mods.modlauncher.LaunchServiceHandler.launch(LaunchServiceHandler.java:54) [modlauncher-8.1.3.jar:?]
	at cpw.mods.modlauncher.LaunchServiceHandler.launch(LaunchServiceHandler.java:72) [modlauncher-8.1.3.jar:?]
	at cpw.mods.modlauncher.Launcher.run(Launcher.java:82) [modlauncher-8.1.3.jar:?]
	at cpw.mods.modlauncher.Launcher.main(Launcher.java:66) [modlauncher-8.1.3.jar:?]
	at net.minecraftforge.userdev.LaunchTesting.main(LaunchTesting.java:94) [forge-1.16.5-36.2.39_mapped_official_1.16.5-recomp.jar:?]
[20Sep2026 21:12:33.040] [Render thread/INFO] [net.minecraft.item.crafting.RecipeManager/]: Loaded 7 recipes
[20Sep2026 21:12:33.686] [Render thread/INFO] [net.minecraft.advancements.AdvancementList/]: Loaded 1058 advancements
[20Sep2026 21:12:33.811] [Render thread/INFO] [net.minecraftforge.registries.GameData/REGISTRIES]: Injecting existing registry data into this CLIENT instance
[20Sep2026 21:12:33.833] [Render thread/WARN] [net.minecraftforge.registries.ForgeRegistry/REGISTRIES]: Registry mineminenomi:abilities: Object did not get ID it asked for. Name: kazimod:phoenix_fly_point Expected: 1447 Got: 1489
[20Sep2026 21:12:33.833] [Render thread/WARN] [net.minecraftforge.registries.ForgeRegistry/REGISTRIES]: Registry mineminenomi:abilities: Object did not get ID it asked for. Name: kazimod:phoenix_assault_point Expected: 1448 Got: 1490
[20Sep2026 21:12:33.833] [Render thread/WARN] [net.minecraftforge.registries.ForgeRegistry/REGISTRIES]: Registry mineminenomi:abilities: Object did not get ID it asked for. Name: kazimod:flames_of_regeneration Expected: 1449 Got: 1491
[20Sep2026 21:12:33.836] [Render thread/DEBUG] [net.minecraftforge.registries.ForgeRegistry/REGISTRIES]: Registry minecraft:block Sync: ACTIVE -> STAGING
[20Sep2026 21:12:33.838] [Render thread/DEBUG] [net.minecraftforge.registries.ForgeRegistry/REGISTRIES]: Registry minecraft:fluid Sync: ACTIVE -> STAGING
[20Sep2026 21:12:33.839] [Render thread/DEBUG] [net.minecraftforge.registries.ForgeRegistry/REGISTRIES]: Registry minecraft:item Sync: ACTIVE -> STAGING
[20Sep2026 21:12:33.842] [Render thread/DEBUG] [net.minecraftforge.registries.ForgeRegistry/REGISTRIES]: Registry minecraft:mob_effect Sync: ACTIVE -> STAGING
[20Sep2026 21:12:33.842] [Render thread/DEBUG] [net.minecraftforge.registries.ForgeRegistry/REGISTRIES]: Registry minecraft:sound_event Sync: ACTIVE -> STAGING
[20Sep2026 21:12:33.845] [Render thread/DEBUG] [net.minecraftforge.registries.ForgeRegistry/REGISTRIES]: Registry minecraft:potion Sync: ACTIVE -> STAGING
[20Sep2026 21:12:33.845] [Render thread/DEBUG] [net.minecraftforge.registries.ForgeRegistry/REGISTRIES]: Registry minecraft:enchantment Sync: ACTIVE -> STAGING
[20Sep2026 21:12:33.845] [Render thread/DEBUG] [net.minecraftforge.registries.ForgeRegistry/REGISTRIES]: Registry minecraft:entity_type Sync: ACTIVE -> STAGING
[20Sep2026 21:12:33.846] [Render thread/DEBUG] [net.minecraftforge.registries.ForgeRegistry/REGISTRIES]: Registry minecraft:block_entity_type Sync: ACTIVE -> STAGING
[20Sep2026 21:12:33.846] [Render thread/DEBUG] [net.minecraftforge.registries.ForgeRegistry/REGISTRIES]: Registry minecraft:particle_type Sync: ACTIVE -> STAGING
[20Sep2026 21:12:33.847] [Render thread/DEBUG] [net.minecraftforge.registries.ForgeRegistry/REGISTRIES]: Registry minecraft:menu Sync: ACTIVE -> STAGING
[20Sep2026 21:12:33.847] [Render thread/DEBUG] [net.minecraftforge.registries.ForgeRegistry/REGISTRIES]: Registry minecraft:motive Sync: ACTIVE -> STAGING
[20Sep2026 21:12:33.847] [Render thread/DEBUG] [net.minecraftforge.registries.ForgeRegistry/REGISTRIES]: Registry minecraft:recipe_serializer Sync: ACTIVE -> STAGING
[20Sep2026 21:12:33.847] [Render thread/DEBUG] [net.minecraftforge.registries.ForgeRegistry/REGISTRIES]: Registry minecraft:attribute Sync: ACTIVE -> STAGING
[20Sep2026 21:12:33.847] [Render thread/DEBUG] [net.minecraftforge.registries.ForgeRegistry/REGISTRIES]: Registry minecraft:stat_type Sync: ACTIVE -> STAGING
[20Sep2026 21:12:33.847] [Render thread/DEBUG] [net.minecraftforge.registries.ForgeRegistry/REGISTRIES]: Registry minecraft:villager_profession Sync: ACTIVE -> STAGING
[20Sep2026 21:12:33.847] [Render thread/DEBUG] [net.minecraftforge.registries.ForgeRegistry/REGISTRIES]: Registry minecraft:point_of_interest_type Sync: ACTIVE -> STAGING
[20Sep2026 21:12:33.847] [Render thread/DEBUG] [net.minecraftforge.registries.ForgeRegistry/REGISTRIES]: Registry minecraft:memory_module_type Sync: ACTIVE -> STAGING
[20Sep2026 21:12:33.847] [Render thread/DEBUG] [net.minecraftforge.registries.ForgeRegistry/REGISTRIES]: Registry minecraft:sensor_type Sync: ACTIVE -> STAGING
[20Sep2026 21:12:33.847] [Render thread/DEBUG] [net.minecraftforge.registries.ForgeRegistry/REGISTRIES]: Registry minecraft:schedule Sync: ACTIVE -> STAGING
[20Sep2026 21:12:33.847] [Render thread/DEBUG] [net.minecraftforge.registries.ForgeRegistry/REGISTRIES]: Registry minecraft:activity Sync: ACTIVE -> STAGING
[20Sep2026 21:12:33.847] [Render thread/DEBUG] [net.minecraftforge.registries.ForgeRegistry/REGISTRIES]: Registry minecraft:worldgen/carver Sync: ACTIVE -> STAGING
[20Sep2026 21:12:33.847] [Render thread/DEBUG] [net.minecraftforge.registries.ForgeRegistry/REGISTRIES]: Registry minecraft:worldgen/surface_builder Sync: ACTIVE -> STAGING
[20Sep2026 21:12:33.847] [Render thread/DEBUG] [net.minecraftforge.registries.ForgeRegistry/REGISTRIES]: Registry minecraft:worldgen/feature Sync: ACTIVE -> STAGING
[20Sep2026 21:12:33.848] [Render thread/DEBUG] [net.minecraftforge.registries.ForgeRegistry/REGISTRIES]: Registry minecraft:worldgen/decorator Sync: ACTIVE -> STAGING
[20Sep2026 21:12:33.848] [Render thread/DEBUG] [net.minecraftforge.registries.ForgeRegistry/REGISTRIES]: Registry minecraft:chunk_status Sync: ACTIVE -> STAGING
[20Sep2026 21:12:33.848] [Render thread/DEBUG] [net.minecraftforge.registries.ForgeRegistry/REGISTRIES]: Registry minecraft:worldgen/structure_feature Sync: ACTIVE -> STAGING
[20Sep2026 21:12:33.848] [Render thread/DEBUG] [net.minecraftforge.registries.ForgeRegistry/REGISTRIES]: Registry minecraft:worldgen/block_state_provider_type Sync: ACTIVE -> STAGING
[20Sep2026 21:12:33.848] [Render thread/DEBUG] [net.minecraftforge.registries.ForgeRegistry/REGISTRIES]: Registry minecraft:worldgen/block_placer_type Sync: ACTIVE -> STAGING
[20Sep2026 21:12:33.848] [Render thread/DEBUG] [net.minecraftforge.registries.ForgeRegistry/REGISTRIES]: Registry minecraft:worldgen/foliage_placer_type Sync: ACTIVE -> STAGING
[20Sep2026 21:12:33.848] [Render thread/DEBUG] [net.minecraftforge.registries.ForgeRegistry/REGISTRIES]: Registry minecraft:worldgen/tree_decorator_type Sync: ACTIVE -> STAGING
[20Sep2026 21:12:33.848] [Render thread/DEBUG] [net.minecraftforge.registries.ForgeRegistry/REGISTRIES]: Registry minecraft:worldgen/biome Sync: ACTIVE -> STAGING
[20Sep2026 21:12:33.848] [Render thread/DEBUG] [net.minecraftforge.registries.ForgeRegistry/REGISTRIES]: Registry minecraft:data_serializers Sync: ACTIVE -> STAGING
[20Sep2026 21:12:33.848] [Render thread/DEBUG] [net.minecraftforge.registries.ForgeRegistry/REGISTRIES]: Registry forge:loot_modifier_serializers Sync: ACTIVE -> STAGING
[20Sep2026 21:12:33.848] [Render thread/DEBUG] [net.minecraftforge.registries.ForgeRegistry/REGISTRIES]: Registry forge:world_types Sync: ACTIVE -> STAGING
[20Sep2026 21:12:33.848] [Render thread/DEBUG] [net.minecraftforge.registries.ForgeRegistry/REGISTRIES]: Registry mineminenomi:abilities Sync: ACTIVE -> STAGING
[20Sep2026 21:12:33.851] [Render thread/DEBUG] [net.minecraftforge.registries.ForgeRegistry/REGISTRIES]: Registry mineminenomi:morphs Sync: ACTIVE -> STAGING
[20Sep2026 21:12:33.851] [Render thread/DEBUG] [net.minecraftforge.registries.ForgeRegistry/REGISTRIES]: Registry mineminenomi:quests Sync: ACTIVE -> STAGING
[20Sep2026 21:12:33.852] [Render thread/DEBUG] [net.minecraftforge.registries.ForgeRegistry/REGISTRIES]: Registry mineminenomi:jolly_roger_elements Sync: ACTIVE -> STAGING
[20Sep2026 21:12:33.852] [Render thread/DEBUG] [net.minecraftforge.registries.ForgeRegistry/REGISTRIES]: Registry mineminenomi:challenges Sync: ACTIVE -> STAGING
[20Sep2026 21:12:33.852] [Render thread/DEBUG] [net.minecraftforge.registries.ForgeRegistry/REGISTRIES]: Registry mineminenomi:particle_effect Sync: ACTIVE -> STAGING
[20Sep2026 21:12:33.853] [Render thread/DEBUG] [net.minecraftforge.registries.ForgeRegistry/REGISTRIES]: Registry mineminenomi:race Sync: ACTIVE -> STAGING
[20Sep2026 21:12:33.853] [Render thread/DEBUG] [net.minecraftforge.registries.ForgeRegistry/REGISTRIES]: Registry mineminenomi:faction Sync: ACTIVE -> STAGING
[20Sep2026 21:12:33.853] [Render thread/DEBUG] [net.minecraftforge.registries.ForgeRegistry/REGISTRIES]: Registry mineminenomi:style Sync: ACTIVE -> STAGING
[20Sep2026 21:12:33.853] [Render thread/DEBUG] [net.minecraftforge.registries.ForgeRegistry/REGISTRIES]: Registry mineminenomi:interactions Sync: ACTIVE -> STAGING
[20Sep2026 21:12:34.018] [Render thread/DEBUG] [net.minecraftforge.registries.ObjectHolderRegistry/REGISTRIES]: Applying holder lookups
[20Sep2026 21:12:34.021] [Render thread/DEBUG] [net.minecraftforge.registries.ObjectHolderRegistry/REGISTRIES]: Holder lookups applied
[20Sep2026 21:12:34.035] [Render thread/DEBUG] [net.minecraftforge.fml.FMLWorldPersistenceHook/WP]: Gathering id map for writing to world save New World
[20Sep2026 21:12:34.042] [Render thread/DEBUG] [net.minecraftforge.fml.FMLWorldPersistenceHook/WP]: ID Map collection complete New World
[20Sep2026 21:12:34.270] [Render thread/INFO] [com.mojang.authlib.yggdrasil.YggdrasilAuthenticationService/]: Environment: authHost='https://authserver.mojang.com', accountsHost='https://api.mojang.com', sessionHost='https://sessionserver.mojang.com', servicesHost='https://api.minecraftservices.com', name='PROD'
[20Sep2026 21:12:34.280] [Render thread/DEBUG] [mixin/]: Mixing PlayerListBanlistMixin from kazimod.mixins.json into net.minecraft.server.management.PlayerList
[20Sep2026 21:12:34.305] [Server thread/INFO] [net.minecraft.server.integrated.IntegratedServer/]: Starting integrated minecraft server version 1.16.5
[20Sep2026 21:12:34.306] [Server thread/INFO] [net.minecraft.server.MinecraftServer/]: Generating keypair
[20Sep2026 21:12:34.357] [Server thread/DEBUG] [net.minecraftforge.fml.loading.FileUtils/CORE]: Found existing serverconfig directory : .\saves\New World (5)\serverconfig
[20Sep2026 21:12:34.357] [Server thread/DEBUG] [net.minecraftforge.fml.config.ConfigTracker/CONFIG]: Loading configs type SERVER
[20Sep2026 21:12:34.357] [Server thread/DEBUG] [net.minecraftforge.fml.config.ConfigFileTypeHandler/CONFIG]: Built TOML config for .\saves\New World (5)\serverconfig\curios-server.toml
[20Sep2026 21:12:34.358] [Server thread/DEBUG] [net.minecraftforge.fml.config.ConfigFileTypeHandler/CONFIG]: Loaded TOML config file .\saves\New World (5)\serverconfig\curios-server.toml
[20Sep2026 21:12:34.359] [Server thread/DEBUG] [net.minecraftforge.fml.config.ConfigFileTypeHandler/CONFIG]: Watching TOML config file .\saves\New World (5)\serverconfig\curios-server.toml for changes
[20Sep2026 21:12:34.368] [Server thread/DEBUG] [net.minecraftforge.fml.config.ConfigFileTypeHandler/CONFIG]: Built TOML config for .\saves\New World (5)\serverconfig\forge-server.toml
[20Sep2026 21:12:34.369] [Server thread/DEBUG] [net.minecraftforge.fml.config.ConfigFileTypeHandler/CONFIG]: Loaded TOML config file .\saves\New World (5)\serverconfig\forge-server.toml
[20Sep2026 21:12:34.369] [Server thread/DEBUG] [net.minecraftforge.fml.config.ConfigFileTypeHandler/CONFIG]: Watching TOML config file .\saves\New World (5)\serverconfig\forge-server.toml for changes
[20Sep2026 21:12:34.370] [Server thread/DEBUG] [net.minecraftforge.common.ForgeConfig/FORGEMOD]: Loaded forge config file forge-server.toml
[20Sep2026 21:12:34.386] [Server thread/INFO] [net.kazi.kazimod.KaziMod/]: Loaded 2 UUID entries from the local KaziMod banlist
[20Sep2026 21:12:34.413] [Server thread/DEBUG] [mixin/]: Mixing ChunkManagerMixin from mine-mine-no-mi.mixins.json into net.minecraft.world.server.ChunkManager
[20Sep2026 21:12:34.519] [Server thread/INFO] [net.minecraft.server.MinecraftServer/]: Preparing start region for dimension minecraft:overworld
[20Sep2026 21:12:34.597] [KaziMod Remote Banlist/INFO] [net.kazi.kazimod.KaziMod/]: Refreshed KaziMod UUID banlist from GitHub: 2 entries
[20Sep2026 21:12:34.644] [Server thread/DEBUG] [mixin/]: Mixing ITemplateMixin from mine-mine-no-mi.mixins.json into net.minecraft.world.gen.feature.template.Template
[20Sep2026 21:12:35.023] [Render thread/INFO] [net.minecraft.world.chunk.listener.LoggingChunkStatusListener/]: Preparing spawn area: 0%
[20Sep2026 21:12:35.046] [Render thread/INFO] [net.minecraft.world.chunk.listener.LoggingChunkStatusListener/]: Preparing spawn area: 0%
[20Sep2026 21:12:35.156] [Server thread/DEBUG] [mixin/]: Mixing IGoalSelectorMixin from mine-mine-no-mi.mixins.json into net.minecraft.entity.ai.goal.GoalSelector
[20Sep2026 21:12:35.224] [Server thread/DEBUG] [io.netty.buffer.AbstractByteBuf/]: -Dio.netty.buffer.bytebuf.checkAccessible: true
[20Sep2026 21:12:35.225] [Server thread/DEBUG] [io.netty.util.ResourceLeakDetectorFactory/]: Loaded default ResourceLeakDetector: io.netty.util.ResourceLeakDetector@51469417
[20Sep2026 21:12:35.422] [Render thread/INFO] [net.minecraft.world.chunk.listener.LoggingChunkStatusListener/]: Time elapsed: 892 ms
[20Sep2026 21:12:35.482] [Server thread/DEBUG] [mixin/]: Mixing WorldEntitySpawnerMixin from mine-mine-no-mi.mixins.json into net.minecraft.world.spawner.WorldEntitySpawner
[20Sep2026 21:12:35.511] [Server thread/DEBUG] [mixin/]: Mixing BluntCheckMixin from cartaddon.mixins.json into xyz.pixelatedw.mineminenomi.api.helpers.ItemsHelper
[20Sep2026 21:12:35.512] [Server thread/DEBUG] [mixin/]: Mixing SwordCheckMixin from cartaddon.mixins.json into xyz.pixelatedw.mineminenomi.api.helpers.ItemsHelper
[20Sep2026 21:12:35.683] [Server thread/INFO] [net.minecraft.server.integrated.IntegratedServer/]: Changing view distance to 15, from 10
[20Sep2026 21:12:35.722] [Render thread/DEBUG] [io.netty.channel.MultithreadEventLoopGroup/]: -Dio.netty.eventLoopThreads: 32
[20Sep2026 21:12:35.751] [Render thread/DEBUG] [io.netty.channel.nio.NioEventLoop/]: -Dio.netty.noKeySetOptimization: false
[20Sep2026 21:12:35.751] [Render thread/DEBUG] [io.netty.channel.nio.NioEventLoop/]: -Dio.netty.selectorAutoRebuildThreshold: 512
[20Sep2026 21:12:35.760] [Render thread/DEBUG] [io.netty.util.internal.PlatformDependent/]: org.jctools-core.MpscChunkedArrayQueue: available
[20Sep2026 21:12:35.801] [Render thread/DEBUG] [io.netty.channel.DefaultChannelId/]: -Dio.netty.processId: 26352 (auto-detected)
[20Sep2026 21:12:35.804] [Render thread/DEBUG] [io.netty.util.NetUtil/]: -Djava.net.preferIPv4Stack: false
[20Sep2026 21:12:35.804] [Render thread/DEBUG] [io.netty.util.NetUtil/]: -Djava.net.preferIPv6Addresses: false
[20Sep2026 21:12:35.897] [Render thread/DEBUG] [io.netty.util.NetUtil/]: Loopback interface: lo (Software Loopback Interface 1, 127.0.0.1)
[20Sep2026 21:12:35.897] [Render thread/DEBUG] [io.netty.util.NetUtil/]: Failed to get SOMAXCONN from sysctl and file \proc\sys\net\core\somaxconn. Default: 200
[20Sep2026 21:12:35.974] [Render thread/DEBUG] [io.netty.channel.DefaultChannelId/]: -Dio.netty.machineId: 00:00:00:00:00:00:00:e0 (auto-detected)
[20Sep2026 21:12:36.006] [Render thread/DEBUG] [io.netty.buffer.PooledByteBufAllocator/]: -Dio.netty.allocator.numHeapArenas: 32
[20Sep2026 21:12:36.006] [Render thread/DEBUG] [io.netty.buffer.PooledByteBufAllocator/]: -Dio.netty.allocator.numDirectArenas: 32
[20Sep2026 21:12:36.006] [Render thread/DEBUG] [io.netty.buffer.PooledByteBufAllocator/]: -Dio.netty.allocator.pageSize: 8192
[20Sep2026 21:12:36.006] [Render thread/DEBUG] [io.netty.buffer.PooledByteBufAllocator/]: -Dio.netty.allocator.maxOrder: 11
[20Sep2026 21:12:36.006] [Render thread/DEBUG] [io.netty.buffer.PooledByteBufAllocator/]: -Dio.netty.allocator.chunkSize: 16777216
[20Sep2026 21:12:36.006] [Render thread/DEBUG] [io.netty.buffer.PooledByteBufAllocator/]: -Dio.netty.allocator.tinyCacheSize: 512
[20Sep2026 21:12:36.006] [Render thread/DEBUG] [io.netty.buffer.PooledByteBufAllocator/]: -Dio.netty.allocator.smallCacheSize: 256
[20Sep2026 21:12:36.006] [Render thread/DEBUG] [io.netty.buffer.PooledByteBufAllocator/]: -Dio.netty.allocator.normalCacheSize: 64
[20Sep2026 21:12:36.006] [Render thread/DEBUG] [io.netty.buffer.PooledByteBufAllocator/]: -Dio.netty.allocator.maxCachedBufferCapacity: 32768
[20Sep2026 21:12:36.006] [Render thread/DEBUG] [io.netty.buffer.PooledByteBufAllocator/]: -Dio.netty.allocator.cacheTrimInterval: 8192
[20Sep2026 21:12:36.006] [Render thread/DEBUG] [io.netty.buffer.PooledByteBufAllocator/]: -Dio.netty.allocator.useCacheForAllThreads: true
[20Sep2026 21:12:36.013] [Render thread/DEBUG] [io.netty.buffer.ByteBufUtil/]: -Dio.netty.allocator.type: pooled
[20Sep2026 21:12:36.013] [Render thread/DEBUG] [io.netty.buffer.ByteBufUtil/]: -Dio.netty.threadLocalDirectBufferSize: 0
[20Sep2026 21:12:36.013] [Render thread/DEBUG] [io.netty.buffer.ByteBufUtil/]: -Dio.netty.maxThreadLocalCharBufferSize: 16384
[20Sep2026 21:12:36.048] [Netty Local Client IO #0/DEBUG] [net.minecraftforge.fml.network.FMLHandshakeHandler/FMLHANDSHAKE]: Starting local connection.
[20Sep2026 21:12:36.051] [Server thread/DEBUG] [mixin/]: Mixing ServerPlayNetHandlerMixin from mine-mine-no-mi.mixins.json into net.minecraft.network.play.ServerPlayNetHandler
[20Sep2026 21:12:36.206] [Netty Local Client IO #0/DEBUG] [net.minecraftforge.coremod.transformer.CoreModBaseTransformer/COREMOD]: Transforming net/minecraft/network/play/client/CClientSettingsPacket
[20Sep2026 21:12:36.249] [Netty Local Client IO #0/DEBUG] [io.netty.util.Recycler/]: -Dio.netty.recycler.maxCapacityPerThread: 4096
[20Sep2026 21:12:36.249] [Netty Local Client IO #0/DEBUG] [io.netty.util.Recycler/]: -Dio.netty.recycler.maxSharedCapacityFactor: 2
[20Sep2026 21:12:36.249] [Netty Local Client IO #0/DEBUG] [io.netty.util.Recycler/]: -Dio.netty.recycler.linkCapacity: 16
[20Sep2026 21:12:36.249] [Netty Local Client IO #0/DEBUG] [io.netty.util.Recycler/]: -Dio.netty.recycler.ratio: 8
[20Sep2026 21:12:36.264] [Netty Server IO #1/DEBUG] [net.minecraftforge.fml.network.FMLHandshakeHandler/FMLHANDSHAKE]: Starting local connection.
[20Sep2026 21:12:36.740] [Server thread/DEBUG] [net.minecraftforge.fml.network.FMLHandshakeHandler/FMLHANDSHAKE]: Sending ticking packet info 'net.minecraftforge.fml.network.FMLHandshakeMessages$S2CModList' to 'fml:handshake' sequence 0
[20Sep2026 21:12:36.745] [Netty Local Client IO #0/DEBUG] [net.minecraftforge.fml.network.FMLLoginWrapper/FMLHANDSHAKE]: Recieved login wrapper packet event for channel fml:handshake with index 0
[20Sep2026 21:12:36.746] [Netty Local Client IO #0/DEBUG] [net.minecraftforge.fml.network.FMLHandshakeHandler/FMLHANDSHAKE]: Logging into server with mod list [minecraft, forge, mineminenomi, curios, cartaddon, kazimod]
[20Sep2026 21:12:36.747] [Netty Local Client IO #0/DEBUG] [net.minecraftforge.fml.network.NetworkRegistry/NETREGISTRY]: Channel 'mineminenomi:main_channel' : Version test of '1' from server : ACCEPTED
[20Sep2026 21:12:36.747] [Netty Local Client IO #0/DEBUG] [net.minecraftforge.fml.network.NetworkRegistry/NETREGISTRY]: Channel 'fml:loginwrapper' : Version test of 'FML2' from server : ACCEPTED
[20Sep2026 21:12:36.747] [Netty Local Client IO #0/DEBUG] [net.minecraftforge.fml.network.NetworkRegistry/NETREGISTRY]: Channel 'fml:handshake' : Version test of 'FML2' from server : ACCEPTED
[20Sep2026 21:12:36.747] [Netty Local Client IO #0/DEBUG] [net.minecraftforge.fml.network.NetworkRegistry/NETREGISTRY]: Channel 'forge:split_11' : Version test of '1.1' from server : ACCEPTED
[20Sep2026 21:12:36.747] [Netty Local Client IO #0/DEBUG] [net.minecraftforge.fml.network.NetworkRegistry/NETREGISTRY]: Channel 'curios:main' : Version test of '1' from server : ACCEPTED
[20Sep2026 21:12:36.747] [Netty Local Client IO #0/DEBUG] [net.minecraftforge.fml.network.NetworkRegistry/NETREGISTRY]: Channel 'minecraft:unregister' : Version test of 'FML2' from server : ACCEPTED
[20Sep2026 21:12:36.747] [Netty Local Client IO #0/DEBUG] [net.minecraftforge.fml.network.NetworkRegistry/NETREGISTRY]: Channel 'fml:play' : Version test of 'FML2' from server : ACCEPTED
[20Sep2026 21:12:36.747] [Netty Local Client IO #0/DEBUG] [net.minecraftforge.fml.network.NetworkRegistry/NETREGISTRY]: Channel 'minecraft:register' : Version test of 'FML2' from server : ACCEPTED
[20Sep2026 21:12:36.747] [Netty Local Client IO #0/DEBUG] [net.minecraftforge.fml.network.NetworkRegistry/NETREGISTRY]: Channel 'forge:split' : Version test of '1.0' from server : ACCEPTED
[20Sep2026 21:12:36.747] [Netty Local Client IO #0/DEBUG] [net.minecraftforge.fml.network.NetworkRegistry/NETREGISTRY]: Channel 'kazimod:main' : Version test of '5' from server : ACCEPTED
[20Sep2026 21:12:36.747] [Netty Local Client IO #0/DEBUG] [net.minecraftforge.fml.network.NetworkRegistry/NETREGISTRY]: Channel 'cartaddon:main' : Version test of '1' from server : ACCEPTED
[20Sep2026 21:12:36.747] [Netty Local Client IO #0/DEBUG] [net.minecraftforge.fml.network.NetworkRegistry/NETREGISTRY]: Accepting channel list from server
[20Sep2026 21:12:36.747] [Netty Local Client IO #0/DEBUG] [net.minecraftforge.fml.network.FMLLoginWrapper/FMLHANDSHAKE]: Dispatching wrapped packet reply for channel fml:handshake with index 0
[20Sep2026 21:12:36.748] [Netty Local Client IO #0/DEBUG] [net.minecraftforge.fml.network.FMLHandshakeHandler/FMLHANDSHAKE]: Accepted server connection
[20Sep2026 21:12:36.748] [Netty Server IO #1/DEBUG] [net.minecraftforge.fml.network.FMLLoginWrapper/FMLHANDSHAKE]: Recieved login wrapper packet event for channel fml:handshake with index 0
[20Sep2026 21:12:36.748] [Netty Server IO #1/DEBUG] [net.minecraftforge.fml.network.FMLHandshakeHandler/FMLHANDSHAKE]: Received client indexed reply 0 of type net.minecraftforge.fml.network.FMLHandshakeMessages$C2SModListReply
[20Sep2026 21:12:36.749] [Netty Server IO #1/DEBUG] [net.minecraftforge.fml.network.FMLHandshakeHandler/FMLHANDSHAKE]: Received client connection with modlist [minecraft, forge, mineminenomi, curios, cartaddon, kazimod]
[20Sep2026 21:12:36.749] [Netty Local Client IO #0/DEBUG] [net.minecraftforge.fml.network.FMLHandshakeHandler/REGISTRIES]: Expecting 26 registries: [minecraft:villager_profession, minecraft:item, minecraft:potion, minecraft:block_entity_type, mineminenomi:particle_effect, mineminenomi:race, mineminenomi:quests, minecraft:stat_type, minecraft:menu, minecraft:motive, minecraft:fluid, mineminenomi:abilities, minecraft:recipe_serializer, minecraft:sound_event, minecraft:particle_type, mineminenomi:jolly_roger_elements, mineminenomi:interactions, minecraft:block, minecraft:data_serializers, mineminenomi:challenges, mineminenomi:faction, minecraft:mob_effect, mineminenomi:morphs, minecraft:enchantment, mineminenomi:style, minecraft:entity_type]
[20Sep2026 21:12:36.749] [Netty Server IO #1/DEBUG] [net.minecraftforge.fml.network.NetworkRegistry/NETREGISTRY]: Channel 'mineminenomi:main_channel' : Version test of '1' from client : ACCEPTED
[20Sep2026 21:12:36.749] [Netty Server IO #1/DEBUG] [net.minecraftforge.fml.network.NetworkRegistry/NETREGISTRY]: Channel 'fml:loginwrapper' : Version test of 'FML2' from client : ACCEPTED
[20Sep2026 21:12:36.749] [Netty Server IO #1/DEBUG] [net.minecraftforge.fml.network.NetworkRegistry/NETREGISTRY]: Channel 'fml:handshake' : Version test of 'FML2' from client : ACCEPTED
[20Sep2026 21:12:36.749] [Netty Server IO #1/DEBUG] [net.minecraftforge.fml.network.NetworkRegistry/NETREGISTRY]: Channel 'forge:split_11' : Version test of '1.1' from client : ACCEPTED
[20Sep2026 21:12:36.749] [Netty Server IO #1/DEBUG] [net.minecraftforge.fml.network.NetworkRegistry/NETREGISTRY]: Channel 'curios:main' : Version test of '1' from client : ACCEPTED
[20Sep2026 21:12:36.749] [Netty Server IO #1/DEBUG] [net.minecraftforge.fml.network.NetworkRegistry/NETREGISTRY]: Channel 'minecraft:unregister' : Version test of 'FML2' from client : ACCEPTED
[20Sep2026 21:12:36.749] [Netty Server IO #1/DEBUG] [net.minecraftforge.fml.network.NetworkRegistry/NETREGISTRY]: Channel 'fml:play' : Version test of 'FML2' from client : ACCEPTED
[20Sep2026 21:12:36.749] [Netty Server IO #1/DEBUG] [net.minecraftforge.fml.network.NetworkRegistry/NETREGISTRY]: Channel 'minecraft:register' : Version test of 'FML2' from client : ACCEPTED
[20Sep2026 21:12:36.749] [Netty Server IO #1/DEBUG] [net.minecraftforge.fml.network.NetworkRegistry/NETREGISTRY]: Channel 'forge:split' : Version test of '1.0' from client : ACCEPTED
[20Sep2026 21:12:36.749] [Netty Server IO #1/DEBUG] [net.minecraftforge.fml.network.NetworkRegistry/NETREGISTRY]: Channel 'kazimod:main' : Version test of '5' from client : ACCEPTED
[20Sep2026 21:12:36.749] [Netty Server IO #1/DEBUG] [net.minecraftforge.fml.network.NetworkRegistry/NETREGISTRY]: Channel 'cartaddon:main' : Version test of '1' from client : ACCEPTED
[20Sep2026 21:12:36.749] [Netty Server IO #1/DEBUG] [net.minecraftforge.fml.network.NetworkRegistry/NETREGISTRY]: Accepting channel list from client
[20Sep2026 21:12:36.749] [Netty Server IO #1/DEBUG] [net.minecraftforge.fml.network.FMLHandshakeHandler/FMLHANDSHAKE]: Accepted client connection mod list
[20Sep2026 21:12:36.794] [Server thread/DEBUG] [net.minecraftforge.fml.network.FMLHandshakeHandler/FMLHANDSHAKE]: Sending ticking packet info 'Config curios-server.toml' to 'fml:handshake' sequence 1
[20Sep2026 21:12:36.794] [Netty Local Client IO #0/DEBUG] [net.minecraftforge.fml.network.FMLLoginWrapper/FMLHANDSHAKE]: Recieved login wrapper packet event for channel fml:handshake with index 1
[20Sep2026 21:12:36.795] [Netty Local Client IO #0/DEBUG] [net.minecraftforge.fml.network.FMLHandshakeHandler/FMLHANDSHAKE]: Received config sync from server
[20Sep2026 21:12:36.795] [Netty Local Client IO #0/DEBUG] [net.minecraftforge.fml.network.FMLLoginWrapper/FMLHANDSHAKE]: Dispatching wrapped packet reply for channel fml:handshake with index 1
[20Sep2026 21:12:36.795] [Netty Server IO #1/DEBUG] [net.minecraftforge.fml.network.FMLLoginWrapper/FMLHANDSHAKE]: Recieved login wrapper packet event for channel fml:handshake with index 1
[20Sep2026 21:12:36.795] [Netty Server IO #1/DEBUG] [net.minecraftforge.fml.network.FMLHandshakeHandler/FMLHANDSHAKE]: Received client indexed reply 1 of type net.minecraftforge.fml.network.FMLHandshakeMessages$C2SAcknowledge
[20Sep2026 21:12:36.795] [Netty Server IO #1/DEBUG] [net.minecraftforge.fml.network.FMLHandshakeHandler/FMLHANDSHAKE]: Received acknowledgement from client
[20Sep2026 21:12:36.841] [Server thread/DEBUG] [net.minecraftforge.fml.network.FMLHandshakeHandler/FMLHANDSHAKE]: Sending ticking packet info 'Config forge-server.toml' to 'fml:handshake' sequence 2
[20Sep2026 21:12:36.841] [Netty Local Client IO #0/DEBUG] [net.minecraftforge.fml.network.FMLLoginWrapper/FMLHANDSHAKE]: Recieved login wrapper packet event for channel fml:handshake with index 2
[20Sep2026 21:12:36.841] [Netty Local Client IO #0/DEBUG] [net.minecraftforge.fml.network.FMLHandshakeHandler/FMLHANDSHAKE]: Received config sync from server
[20Sep2026 21:12:36.841] [Netty Local Client IO #0/DEBUG] [net.minecraftforge.fml.network.FMLLoginWrapper/FMLHANDSHAKE]: Dispatching wrapped packet reply for channel fml:handshake with index 2
[20Sep2026 21:12:36.841] [Netty Server IO #1/DEBUG] [net.minecraftforge.fml.network.FMLLoginWrapper/FMLHANDSHAKE]: Recieved login wrapper packet event for channel fml:handshake with index 2
[20Sep2026 21:12:36.841] [Netty Server IO #1/DEBUG] [net.minecraftforge.fml.network.FMLHandshakeHandler/FMLHANDSHAKE]: Received client indexed reply 2 of type net.minecraftforge.fml.network.FMLHandshakeMessages$C2SAcknowledge
[20Sep2026 21:12:36.841] [Netty Server IO #1/DEBUG] [net.minecraftforge.fml.network.FMLHandshakeHandler/FMLHANDSHAKE]: Received acknowledgement from client
[20Sep2026 21:12:36.891] [Server thread/DEBUG] [net.minecraftforge.fml.network.FMLHandshakeHandler/FMLHANDSHAKE]: Handshake complete!
[20Sep2026 21:12:36.940] [Netty Local Client IO #0/INFO] [net.minecraftforge.fml.network.NetworkHooks/]: Connected to a modded server.
[20Sep2026 21:12:36.947] [Server thread/DEBUG] [mixin/]: Mixing FoodStatsMixin from mine-mine-no-mi.mixins.json into net.minecraft.util.FoodStats
[20Sep2026 21:12:36.971] [Server thread/DEBUG] [mixin/]: Mixing PlayerAbilitiesMixin from mine-mine-no-mi.mixins.json into net.minecraft.entity.player.PlayerAbilities
[20Sep2026 21:12:37.047] [Server thread/INFO] [net.minecraftforge.common.AdvancementLoadFix/]: Using new advancement loading for net.minecraft.advancements.PlayerAdvancements@220f5972
[20Sep2026 21:12:37.082] [Server thread/INFO] [net.minecraft.server.management.PlayerList/]: Dev[local:E:484f107d] logged in with entity id 96 at (35.76019562745225, 71.50611067398579, 734.2568340125041)
[20Sep2026 21:12:37.123] [Server thread/INFO] [net.minecraft.server.MinecraftServer/]: Dev joined the game
[20Sep2026 21:12:37.375] [Server thread/INFO] [net.minecraft.server.integrated.IntegratedServer/]: Saving and pausing game...
[20Sep2026 21:12:37.395] [Server thread/INFO] [net.minecraft.server.MinecraftServer/]: Saving chunks for level 'ServerLevel[New World]'/minecraft:overworld
[20Sep2026 21:12:37.464] [Render thread/INFO] [net.minecraft.advancements.AdvancementList/]: Loaded 177 advancements
[20Sep2026 21:12:37.915] [Server thread/INFO] [net.minecraft.server.MinecraftServer/]: Saving chunks for level 'ServerLevel[New World]'/minecraft:the_nether
[20Sep2026 21:12:37.919] [Server thread/INFO] [net.minecraft.server.MinecraftServer/]: Saving chunks for level 'ServerLevel[New World]'/minecraft:the_end
[20Sep2026 21:12:37.920] [Server thread/INFO] [net.minecraft.server.MinecraftServer/]: Saving chunks for level 'ServerLevel[New World]'/mineminenomi:challenges
[20Sep2026 21:12:37.928] [Server thread/DEBUG] [net.minecraftforge.fml.FMLWorldPersistenceHook/WP]: Gathering id map for writing to world save New World
[20Sep2026 21:12:37.970] [Server thread/DEBUG] [net.minecraftforge.fml.FMLWorldPersistenceHook/WP]: ID Map collection complete New World
[20Sep2026 21:12:38.113] [Server thread/DEBUG] [xyz.pixelatedw.mineminenomi.api.entities.ai.NPCPhaseManager/]: Switched Bandit Sniper's phase to: Range Phase
[20Sep2026 21:12:38.641] [Server thread/DEBUG] [xyz.pixelatedw.mineminenomi.api.entities.ai.NPCPhaseManager/]: Switched Pirate Rifleman's phase to: Range Phase
[20Sep2026 21:12:38.642] [Server thread/DEBUG] [xyz.pixelatedw.mineminenomi.api.entities.ai.NPCPhaseManager/]: Switched Pirate Rifleman's phase to: Range Phase
[20Sep2026 21:12:39.063] [Server thread/DEBUG] [xyz.pixelatedw.mineminenomi.api.entities.ai.NPCPhaseManager/]: Switched Pirate Rifleman's phase to: Range Phase
[20Sep2026 21:12:40.452] [Server thread/DEBUG] [xyz.pixelatedw.mineminenomi.api.entities.ai.NPCPhaseManager/]: Switched Pirate Rifleman's phase to: Range Phase
[20Sep2026 21:12:42.892] [Server thread/WARN] [net.minecraft.server.MinecraftServer/]: Can't keep up! Is the server overloaded? Running 2012ms or 40 ticks behind
[20Sep2026 21:12:48.076] [Server thread/DEBUG] [xyz.pixelatedw.mineminenomi.api.entities.ai.AbilityWrapperGoal/]: Marine Grunt stopped Tokuyo Abura Boshi at tick 110
[20Sep2026 21:13:03.832] [Server thread/INFO] [net.minecraft.server.integrated.IntegratedServer/]: Saving and pausing game...
[20Sep2026 21:13:03.932] [Server thread/INFO] [net.minecraft.server.MinecraftServer/]: Saving chunks for level 'ServerLevel[New World]'/minecraft:overworld
[20Sep2026 21:13:04.211] [Server thread/INFO] [net.minecraft.server.MinecraftServer/]: Saving chunks for level 'ServerLevel[New World]'/minecraft:the_nether
[20Sep2026 21:13:04.212] [Server thread/INFO] [net.minecraft.server.MinecraftServer/]: Saving chunks for level 'ServerLevel[New World]'/minecraft:the_end
[20Sep2026 21:13:04.212] [Server thread/INFO] [net.minecraft.server.MinecraftServer/]: Saving chunks for level 'ServerLevel[New World]'/mineminenomi:challenges
[20Sep2026 21:13:04.213] [Server thread/DEBUG] [net.minecraftforge.fml.FMLWorldPersistenceHook/WP]: Gathering id map for writing to world save New World
[20Sep2026 21:13:04.217] [Server thread/DEBUG] [net.minecraftforge.fml.FMLWorldPersistenceHook/WP]: ID Map collection complete New World
[20Sep2026 21:13:04.249] [Render thread/INFO] [net.minecraft.client.Minecraft/]: Stopping!
[20Sep2026 21:13:04.309] [Server thread/INFO] [net.minecraft.network.play.ServerPlayNetHandler/]: Dev lost connection: Disconnected
[20Sep2026 21:13:04.309] [Server thread/INFO] [net.minecraft.server.MinecraftServer/]: Dev left the game
[20Sep2026 21:13:04.316] [Server thread/INFO] [net.minecraft.network.play.ServerPlayNetHandler/]: Stopping singleplayer server as player logged out
[20Sep2026 21:13:04.332] [Server thread/INFO] [net.minecraft.server.MinecraftServer/]: Stopping server
[20Sep2026 21:13:04.333] [Server thread/INFO] [net.minecraft.server.MinecraftServer/]: Saving players
[20Sep2026 21:13:04.333] [Server thread/INFO] [net.minecraft.server.MinecraftServer/]: Saving worlds
[20Sep2026 21:13:04.333] [Server thread/INFO] [net.minecraft.server.MinecraftServer/]: Saving chunks for level 'ServerLevel[New World]'/minecraft:overworld
[20Sep2026 21:13:05.146] [Server thread/INFO] [net.minecraft.world.server.ChunkManager/]: ThreadedAnvilChunkStorage (New World (5)): All chunks are saved
[20Sep2026 21:13:05.146] [Server thread/INFO] [net.minecraft.server.MinecraftServer/]: Saving chunks for level 'ServerLevel[New World]'/minecraft:the_nether
[20Sep2026 21:13:05.147] [Server thread/INFO] [net.minecraft.world.server.ChunkManager/]: ThreadedAnvilChunkStorage (DIM-1): All chunks are saved
[20Sep2026 21:13:05.147] [Server thread/INFO] [net.minecraft.server.MinecraftServer/]: Saving chunks for level 'ServerLevel[New World]'/minecraft:the_end
[20Sep2026 21:13:05.147] [Server thread/INFO] [net.minecraft.world.server.ChunkManager/]: ThreadedAnvilChunkStorage (DIM1): All chunks are saved
[20Sep2026 21:13:05.147] [Server thread/INFO] [net.minecraft.server.MinecraftServer/]: Saving chunks for level 'ServerLevel[New World]'/mineminenomi:challenges
[20Sep2026 21:13:05.147] [Server thread/INFO] [net.minecraft.world.server.ChunkManager/]: ThreadedAnvilChunkStorage (challenges): All chunks are saved
[20Sep2026 21:13:05.147] [Server thread/DEBUG] [net.minecraftforge.fml.FMLWorldPersistenceHook/WP]: Gathering id map for writing to world save New World
[20Sep2026 21:13:05.152] [Server thread/DEBUG] [net.minecraftforge.fml.FMLWorldPersistenceHook/WP]: ID Map collection complete New World
[20Sep2026 21:13:05.167] [Server thread/INFO] [net.minecraft.world.server.ChunkManager/]: ThreadedAnvilChunkStorage (New World (5)): All chunks are saved
[20Sep2026 21:13:05.169] [Server thread/INFO] [net.minecraft.world.server.ChunkManager/]: ThreadedAnvilChunkStorage (DIM-1): All chunks are saved
[20Sep2026 21:13:05.169] [Server thread/INFO] [net.minecraft.world.server.ChunkManager/]: ThreadedAnvilChunkStorage (DIM1): All chunks are saved
[20Sep2026 21:13:05.171] [Server thread/INFO] [net.minecraft.world.server.ChunkManager/]: ThreadedAnvilChunkStorage (challenges): All chunks are saved
[20Sep2026 21:13:05.172] [Server thread/DEBUG] [net.minecraftforge.registries.GameData/REGISTRIES]: Reverting to FROZEN data state.
[20Sep2026 21:13:05.172] [Server thread/DEBUG] [net.minecraftforge.registries.ForgeRegistry/REGISTRIES]: Registry minecraft:block Sync: ACTIVE -> FROZEN
[20Sep2026 21:13:05.174] [Server thread/DEBUG] [net.minecraftforge.registries.ForgeRegistry/REGISTRIES]: Registry minecraft:fluid Sync: ACTIVE -> FROZEN
[20Sep2026 21:13:05.175] [Server thread/DEBUG] [net.minecraftforge.registries.ForgeRegistry/REGISTRIES]: Registry minecraft:item Sync: ACTIVE -> FROZEN
[20Sep2026 21:13:05.180] [Server thread/DEBUG] [net.minecraftforge.registries.ForgeRegistry/REGISTRIES]: Registry minecraft:mob_effect Sync: ACTIVE -> FROZEN
[20Sep2026 21:13:05.181] [Server thread/DEBUG] [net.minecraftforge.registries.ForgeRegistry/REGISTRIES]: Registry minecraft:sound_event Sync: ACTIVE -> FROZEN
[20Sep2026 21:13:05.183] [Server thread/DEBUG] [net.minecraftforge.registries.ForgeRegistry/REGISTRIES]: Registry minecraft:potion Sync: ACTIVE -> FROZEN
[20Sep2026 21:13:05.183] [Server thread/DEBUG] [net.minecraftforge.registries.ForgeRegistry/REGISTRIES]: Registry minecraft:enchantment Sync: ACTIVE -> FROZEN
[20Sep2026 21:13:05.183] [Server thread/DEBUG] [net.minecraftforge.registries.ForgeRegistry/REGISTRIES]: Registry minecraft:entity_type Sync: ACTIVE -> FROZEN
[20Sep2026 21:13:05.184] [Server thread/DEBUG] [net.minecraftforge.registries.ForgeRegistry/REGISTRIES]: Registry minecraft:block_entity_type Sync: ACTIVE -> FROZEN
[20Sep2026 21:13:05.184] [Server thread/DEBUG] [net.minecraftforge.registries.ForgeRegistry/REGISTRIES]: Registry minecraft:particle_type Sync: ACTIVE -> FROZEN
[20Sep2026 21:13:05.184] [Server thread/DEBUG] [net.minecraftforge.registries.ForgeRegistry/REGISTRIES]: Registry minecraft:menu Sync: ACTIVE -> FROZEN
[20Sep2026 21:13:05.184] [Server thread/DEBUG] [net.minecraftforge.registries.ForgeRegistry/REGISTRIES]: Registry minecraft:motive Sync: ACTIVE -> FROZEN
[20Sep2026 21:13:05.184] [Server thread/DEBUG] [net.minecraftforge.registries.ForgeRegistry/REGISTRIES]: Registry minecraft:recipe_serializer Sync: ACTIVE -> FROZEN
[20Sep2026 21:13:05.184] [Server thread/DEBUG] [net.minecraftforge.registries.ForgeRegistry/REGISTRIES]: Registry minecraft:attribute Sync: ACTIVE -> FROZEN
[20Sep2026 21:13:05.184] [Server thread/DEBUG] [net.minecraftforge.registries.ForgeRegistry/REGISTRIES]: Registry minecraft:stat_type Sync: ACTIVE -> FROZEN
[20Sep2026 21:13:05.184] [Server thread/DEBUG] [net.minecraftforge.registries.ForgeRegistry/REGISTRIES]: Registry minecraft:villager_profession Sync: ACTIVE -> FROZEN
[20Sep2026 21:13:05.184] [Server thread/DEBUG] [net.minecraftforge.registries.ForgeRegistry/REGISTRIES]: Registry minecraft:point_of_interest_type Sync: ACTIVE -> FROZEN
[20Sep2026 21:13:05.185] [Server thread/DEBUG] [net.minecraftforge.registries.ForgeRegistry/REGISTRIES]: Registry minecraft:memory_module_type Sync: ACTIVE -> FROZEN
[20Sep2026 21:13:05.185] [Server thread/DEBUG] [net.minecraftforge.registries.ForgeRegistry/REGISTRIES]: Registry minecraft:sensor_type Sync: ACTIVE -> FROZEN
[20Sep2026 21:13:05.185] [Server thread/DEBUG] [net.minecraftforge.registries.ForgeRegistry/REGISTRIES]: Registry minecraft:schedule Sync: ACTIVE -> FROZEN
[20Sep2026 21:13:05.185] [Server thread/DEBUG] [net.minecraftforge.registries.ForgeRegistry/REGISTRIES]: Registry minecraft:activity Sync: ACTIVE -> FROZEN
[20Sep2026 21:13:05.185] [Server thread/DEBUG] [net.minecraftforge.registries.ForgeRegistry/REGISTRIES]: Registry minecraft:worldgen/carver Sync: ACTIVE -> FROZEN
[20Sep2026 21:13:05.185] [Server thread/DEBUG] [net.minecraftforge.registries.ForgeRegistry/REGISTRIES]: Registry minecraft:worldgen/surface_builder Sync: ACTIVE -> FROZEN
[20Sep2026 21:13:05.185] [Server thread/DEBUG] [net.minecraftforge.registries.ForgeRegistry/REGISTRIES]: Registry minecraft:worldgen/feature Sync: ACTIVE -> FROZEN
[20Sep2026 21:13:05.186] [Server thread/DEBUG] [net.minecraftforge.registries.ForgeRegistry/REGISTRIES]: Registry minecraft:worldgen/decorator Sync: ACTIVE -> FROZEN
[20Sep2026 21:13:05.186] [Server thread/DEBUG] [net.minecraftforge.registries.ForgeRegistry/REGISTRIES]: Registry minecraft:chunk_status Sync: ACTIVE -> FROZEN
[20Sep2026 21:13:05.186] [Server thread/DEBUG] [net.minecraftforge.registries.ForgeRegistry/REGISTRIES]: Registry minecraft:worldgen/structure_feature Sync: ACTIVE -> FROZEN
[20Sep2026 21:13:05.186] [Server thread/DEBUG] [net.minecraftforge.registries.ForgeRegistry/REGISTRIES]: Registry minecraft:worldgen/block_state_provider_type Sync: ACTIVE -> FROZEN
[20Sep2026 21:13:05.186] [Server thread/DEBUG] [net.minecraftforge.registries.ForgeRegistry/REGISTRIES]: Registry minecraft:worldgen/block_placer_type Sync: ACTIVE -> FROZEN
[20Sep2026 21:13:05.186] [Server thread/DEBUG] [net.minecraftforge.registries.ForgeRegistry/REGISTRIES]: Registry minecraft:worldgen/foliage_placer_type Sync: ACTIVE -> FROZEN
[20Sep2026 21:13:05.186] [Server thread/DEBUG] [net.minecraftforge.registries.ForgeRegistry/REGISTRIES]: Registry minecraft:worldgen/tree_decorator_type Sync: ACTIVE -> FROZEN
[20Sep2026 21:13:05.186] [Server thread/DEBUG] [net.minecraftforge.registries.ForgeRegistry/REGISTRIES]: Registry minecraft:worldgen/biome Sync: ACTIVE -> FROZEN
[20Sep2026 21:13:05.186] [Server thread/DEBUG] [net.minecraftforge.registries.ForgeRegistry/REGISTRIES]: Registry minecraft:data_serializers Sync: ACTIVE -> FROZEN
[20Sep2026 21:13:05.186] [Server thread/DEBUG] [net.minecraftforge.registries.ForgeRegistry/REGISTRIES]: Registry forge:loot_modifier_serializers Sync: ACTIVE -> FROZEN
[20Sep2026 21:13:05.186] [Server thread/DEBUG] [net.minecraftforge.registries.ForgeRegistry/REGISTRIES]: Registry forge:world_types Sync: ACTIVE -> FROZEN
[20Sep2026 21:13:05.186] [Server thread/DEBUG] [net.minecraftforge.registries.ForgeRegistry/REGISTRIES]: Registry mineminenomi:abilities Sync: ACTIVE -> FROZEN
[20Sep2026 21:13:05.188] [Server thread/DEBUG] [net.minecraftforge.registries.ForgeRegistry/REGISTRIES]: Registry mineminenomi:morphs Sync: ACTIVE -> FROZEN
[20Sep2026 21:13:05.189] [Server thread/DEBUG] [net.minecraftforge.registries.ForgeRegistry/REGISTRIES]: Registry mineminenomi:quests Sync: ACTIVE -> FROZEN
[20Sep2026 21:13:05.189] [Server thread/DEBUG] [net.minecraftforge.registries.ForgeRegistry/REGISTRIES]: Registry mineminenomi:jolly_roger_elements Sync: ACTIVE -> FROZEN
[20Sep2026 21:13:05.189] [Server thread/DEBUG] [net.minecraftforge.registries.ForgeRegistry/REGISTRIES]: Registry mineminenomi:challenges Sync: ACTIVE -> FROZEN
[20Sep2026 21:13:05.190] [Server thread/DEBUG] [net.minecraftforge.registries.ForgeRegistry/REGISTRIES]: Registry mineminenomi:particle_effect Sync: ACTIVE -> FROZEN
[20Sep2026 21:13:05.191] [Server thread/DEBUG] [net.minecraftforge.registries.ForgeRegistry/REGISTRIES]: Registry mineminenomi:race Sync: ACTIVE -> FROZEN
[20Sep2026 21:13:05.191] [Server thread/DEBUG] [net.minecraftforge.registries.ForgeRegistry/REGISTRIES]: Registry mineminenomi:faction Sync: ACTIVE -> FROZEN
[20Sep2026 21:13:05.191] [Server thread/DEBUG] [net.minecraftforge.registries.ForgeRegistry/REGISTRIES]: Registry mineminenomi:style Sync: ACTIVE -> FROZEN
[20Sep2026 21:13:05.191] [Server thread/DEBUG] [net.minecraftforge.registries.ForgeRegistry/REGISTRIES]: Registry mineminenomi:interactions Sync: ACTIVE -> FROZEN
[20Sep2026 21:13:05.367] [Server thread/DEBUG] [net.minecraftforge.registries.ObjectHolderRegistry/REGISTRIES]: Applying holder lookups
[20Sep2026 21:13:05.371] [Server thread/DEBUG] [net.minecraftforge.registries.ObjectHolderRegistry/REGISTRIES]: Holder lookups applied
[20Sep2026 21:13:05.371] [Server thread/DEBUG] [net.minecraftforge.registries.GameData/REGISTRIES]: FROZEN state restored.
[20Sep2026 21:13:05.371] [Server thread/DEBUG] [net.minecraftforge.fml.loading.FileUtils/CORE]: Found existing serverconfig directory : .\saves\New World (5)\serverconfig
[20Sep2026 21:13:05.371] [Server thread/DEBUG] [net.minecraftforge.fml.config.ConfigTracker/CONFIG]: Unloading configs type SERVER
[20Sep2026 21:13:05.372] [Thread-1/DEBUG] [net.minecraftforge.fml.config.ConfigFileTypeHandler/CONFIG]: Config file curios-server.toml changed, sending notifies
